ISO-10303-21;
HEADER;
FILE_DESCRIPTION(('KiCad electronic assembly'),'2;1');
FILE_NAME('blare.step','2026-09-02T22:25:25',('Pcbnew'),('Kicad'),
  'Open CASCADE STEP processor 7.9','KiCad to STEP converter','Unknown'
  );
FILE_SCHEMA(('AUTOMOTIVE_DESIGN { 1 0 10303 214 1 1 1 1 }'));
ENDSEC;
DATA;
#1 = APPLICATION_PROTOCOL_DEFINITION('international standard',
  'automotive_design',2000,#2);
#2 = APPLICATION_CONTEXT(
  'core data for automotive mechanical design processes');
#3 = SHAPE_DEFINITION_REPRESENTATION(#4,#10);
#4 = PRODUCT_DEFINITION_SHAPE('','',#5);
#5 = PRODUCT_DEFINITION('design','',#6,#9);
#6 = PRODUCT_DEFINITION_FORMATION('','',#7);
#7 = PRODUCT('blare 1','blare 1','',(#8));
#8 = PRODUCT_CONTEXT('',#2,'mechanical');
#9 = PRODUCT_DEFINITION_CONTEXT('part definition',#2,'design');
#10 = SHAPE_REPRESENTATION('',(#11,#15,#19,#23,#27,#31),#35);
#11 = AXIS2_PLACEMENT_3D('',#12,#13,#14);
#12 = CARTESIAN_POINT('',(0.,0.,0.));
#13 = DIRECTION('',(0.,0.,1.));
#14 = DIRECTION('',(1.,0.,-0.));
#15 = AXIS2_PLACEMENT_3D('',#16,#17,#18);
#16 = CARTESIAN_POINT('',(85.5,-130.,1.595));
#17 = DIRECTION('',(0.,-0.,1.));
#18 = DIRECTION('',(1.110223024625E-16,1.,0.));
#19 = AXIS2_PLACEMENT_3D('',#20,#21,#22);
#20 = CARTESIAN_POINT('',(48.92,-148.5,1.595));
#21 = DIRECTION('',(0.,-0.,1.));
#22 = DIRECTION('',(1.110223024625E-16,1.,0.));
#23 = AXIS2_PLACEMENT_3D('',#24,#25,#26);
#24 = CARTESIAN_POINT('',(85.7,-143.5,1.595));
#25 = DIRECTION('',(0.,0.,1.));
#26 = DIRECTION('',(1.,0.,0.));
#27 = AXIS2_PLACEMENT_3D('',#28,#29,#30);
#28 = CARTESIAN_POINT('',(54.5,-137.,1.595));
#29 = DIRECTION('',(-0.,0.,1.));
#30 = DIRECTION('',(1.110223024625E-16,-1.,0.));
#31 = AXIS2_PLACEMENT_3D('',#32,#33,#34);
#32 = CARTESIAN_POINT('',(0.,0.,0.));
#33 = DIRECTION('',(0.,0.,1.));
#34 = DIRECTION('',(1.,0.,-0.));
#35 = ( GEOMETRIC_REPRESENTATION_CONTEXT(3) 
GLOBAL_UNCERTAINTY_ASSIGNED_CONTEXT((#39)) GLOBAL_UNIT_ASSIGNED_CONTEXT(
(#36,#37,#38)) REPRESENTATION_CONTEXT('Context #1',
  '3D Context with UNIT and UNCERTAINTY') );
#36 = ( LENGTH_UNIT() NAMED_UNIT(*) SI_UNIT(.MILLI.,.METRE.) );
#37 = ( NAMED_UNIT(*) PLANE_ANGLE_UNIT() SI_UNIT($,.RADIAN.) );
#38 = ( NAMED_UNIT(*) SI_UNIT($,.STERADIAN.) SOLID_ANGLE_UNIT() );
#39 = UNCERTAINTY_MEASURE_WITH_UNIT(LENGTH_MEASURE(5.E-07),#36,
  'distance_accuracy_value','confusion accuracy');
#40 = PRODUCT_RELATED_PRODUCT_CATEGORY('part',$,(#7));
#41 = SHAPE_DEFINITION_REPRESENTATION(#42,#48);
#42 = PRODUCT_DEFINITION_SHAPE('','',#43);
#43 = PRODUCT_DEFINITION('design','',#44,#47);
#44 = PRODUCT_DEFINITION_FORMATION('','',#45);
#45 = PRODUCT('CP_Radial_D5.0mm_P2.00mm','CP_Radial_D5.0mm_P2.00mm','',(
    #46));
#46 = PRODUCT_CONTEXT('',#2,'mechanical');
#47 = PRODUCT_DEFINITION_CONTEXT('part definition',#2,'design');
#48 = SHAPE_REPRESENTATION('',(#11,#49),#53);
#49 = AXIS2_PLACEMENT_3D('',#50,#51,#52);
#50 = CARTESIAN_POINT('',(0.,0.,0.));
#51 = DIRECTION('',(0.,0.,1.));
#52 = DIRECTION('',(1.,0.,-0.));
#53 = ( GEOMETRIC_REPRESENTATION_CONTEXT(3) 
GLOBAL_UNCERTAINTY_ASSIGNED_CONTEXT((#57)) GLOBAL_UNIT_ASSIGNED_CONTEXT(
(#54,#55,#56)) REPRESENTATION_CONTEXT('Context #1',
  '3D Context with UNIT and UNCERTAINTY') );
#54 = ( LENGTH_UNIT() NAMED_UNIT(*) SI_UNIT(.MILLI.,.METRE.) );
#55 = ( NAMED_UNIT(*) PLANE_ANGLE_UNIT() SI_UNIT($,.RADIAN.) );
#56 = ( NAMED_UNIT(*) SI_UNIT($,.STERADIAN.) SOLID_ANGLE_UNIT() );
#57 = UNCERTAINTY_MEASURE_WITH_UNIT(LENGTH_MEASURE(2.E-06),#54,
  'distance_accuracy_value','confusion accuracy');
#58 = CONTEXT_DEPENDENT_SHAPE_REPRESENTATION(#59,#61);
#59 = ( REPRESENTATION_RELATIONSHIP('','',#48,#10) 
REPRESENTATION_RELATIONSHIP_WITH_TRANSFORMATION(#60) 
SHAPE_REPRESENTATION_RELATIONSHIP() );
#60 = ITEM_DEFINED_TRANSFORMATION('','',#11,#15);
#61 = PRODUCT_DEFINITION_SHAPE('Placement','Placement of an item',#62);
#62 = NEXT_ASSEMBLY_USAGE_OCCURRENCE('2','C1','',#5,#43,$);
#63 = PRODUCT_RELATED_PRODUCT_CATEGORY('part',$,(#45));
#64 = SHAPE_DEFINITION_REPRESENTATION(#65,#71);
#65 = PRODUCT_DEFINITION_SHAPE('','',#66);
#66 = PRODUCT_DEFINITION('design','',#67,#70);
#67 = PRODUCT_DEFINITION_FORMATION('','',#68);
#68 = PRODUCT('CP_Radial_D50mm_P200mm','CP_Radial_D50mm_P200mm','',(#69)
  );
#69 = PRODUCT_CONTEXT('',#2,'mechanical');
#70 = PRODUCT_DEFINITION_CONTEXT('part definition',#2,'design');
#71 = ADVANCED_BREP_SHAPE_REPRESENTATION('',(#11,#72),#2112);
#72 = BREP_WITH_VOIDS('',#73,(#1990));
#73 = CLOSED_SHELL('',(#74,#91,#116,#165,#198,#216,#241,#273,#291,#300,
    #338,#360,#420,#448,#614,#680,#746,#864,#1030,#1110,#1144,#1224,
    #1256,#1322,#1399,#1433,#1448,#1466,#1498,#1516,#1659,#1711,#1735,
    #1759,#1783,#1845,#1862,#1886,#1902,#1926,#1938,#1954,#1966,#1978));
#74 = ADVANCED_FACE('',(#75),#86,.F.);
#75 = FACE_BOUND('',#76,.F.);
#76 = EDGE_LOOP('',(#77));
#77 = ORIENTED_EDGE('',*,*,#78,.T.);
#78 = EDGE_CURVE('',#79,#79,#81,.T.);
#79 = VERTEX_POINT('',#80);
#80 = CARTESIAN_POINT('',(1.75,-9.184850993605E-17,-1.9));
#81 = CIRCLE('',#82,0.25);
#82 = AXIS2_PLACEMENT_3D('',#83,#84,#85);
#83 = CARTESIAN_POINT('',(2.,-1.224646799147E-16,-1.9));
#84 = DIRECTION('',(0.,0.,1.));
#85 = DIRECTION('',(-1.,1.224646799147E-16,0.));
#86 = PLANE('',#87);
#87 = AXIS2_PLACEMENT_3D('',#88,#89,#90);
#88 = CARTESIAN_POINT('',(2.,-1.443086680282E-16,-1.9));
#89 = DIRECTION('',(-1.889979252092E-31,4.08046586736E-33,1.));
#90 = DIRECTION('',(-1.,1.224646799147E-16,-1.889979252092E-31));
#91 = ADVANCED_FACE('',(#92),#111,.T.);
#92 = FACE_BOUND('',#93,.T.);
#93 = EDGE_LOOP('',(#94,#103,#109,#110));
#94 = ORIENTED_EDGE('',*,*,#95,.F.);
#95 = EDGE_CURVE('',#96,#96,#98,.T.);
#96 = VERTEX_POINT('',#97);
#97 = CARTESIAN_POINT('',(1.75,-9.184850993605E-17,0.2));
#98 = CIRCLE('',#99,0.25);
#99 = AXIS2_PLACEMENT_3D('',#100,#101,#102);
#100 = CARTESIAN_POINT('',(2.,-1.224646799147E-16,0.2));
#101 = DIRECTION('',(0.,0.,1.));
#102 = DIRECTION('',(-1.,1.224646799147E-16,0.));
#103 = ORIENTED_EDGE('',*,*,#104,.T.);
#104 = EDGE_CURVE('',#96,#79,#105,.T.);
#105 = LINE('',#106,#107);
#106 = CARTESIAN_POINT('',(1.75,-9.184850993605E-17,0.3));
#107 = VECTOR('',#108,1.);
#108 = DIRECTION('',(0.,0.,-1.));
#109 = ORIENTED_EDGE('',*,*,#78,.T.);
#110 = ORIENTED_EDGE('',*,*,#104,.F.);
#111 = CYLINDRICAL_SURFACE('',#112,0.25);
#112 = AXIS2_PLACEMENT_3D('',#113,#114,#115);
#113 = CARTESIAN_POINT('',(2.,-1.224646799147E-16,0.3));
#114 = DIRECTION('',(0.,0.,1.));
#115 = DIRECTION('',(-1.,1.224646799147E-16,0.));
#116 = ADVANCED_FACE('',(#117,#146,#149),#160,.F.);
#117 = FACE_BOUND('',#118,.F.);
#118 = EDGE_LOOP('',(#119,#130,#139));
#119 = ORIENTED_EDGE('',*,*,#120,.T.);
#120 = EDGE_CURVE('',#121,#123,#125,.T.);
#121 = VERTEX_POINT('',#122);
#122 = CARTESIAN_POINT('',(-0.75,2.143131898508E-16,0.2));
#123 = VERTEX_POINT('',#124);
#124 = CARTESIAN_POINT('',(2.616789181895,-0.669696006639,0.2));
#125 = CIRCLE('',#126,1.75);
#126 = AXIS2_PLACEMENT_3D('',#127,#128,#129);
#127 = CARTESIAN_POINT('',(1.,0.,0.2));
#128 = DIRECTION('',(0.,0.,1.));
#129 = DIRECTION('',(-1.,1.224646799147E-16,0.));
#130 = ORIENTED_EDGE('',*,*,#131,.T.);
#131 = EDGE_CURVE('',#123,#132,#134,.T.);
#132 = VERTEX_POINT('',#133);
#133 = CARTESIAN_POINT('',(2.616789181895,0.669696006639,0.2));
#134 = CIRCLE('',#135,1.75);
#135 = AXIS2_PLACEMENT_3D('',#136,#137,#138);
#136 = CARTESIAN_POINT('',(1.,0.,0.2));
#137 = DIRECTION('',(0.,0.,1.));
#138 = DIRECTION('',(-1.,1.224646799147E-16,0.));
#139 = ORIENTED_EDGE('',*,*,#140,.T.);
#140 = EDGE_CURVE('',#132,#121,#141,.T.);
#141 = CIRCLE('',#142,1.75);
#142 = AXIS2_PLACEMENT_3D('',#143,#144,#145);
#143 = CARTESIAN_POINT('',(1.,0.,0.2));
#144 = DIRECTION('',(0.,0.,1.));
#145 = DIRECTION('',(-1.,1.224646799147E-16,0.));
#146 = FACE_BOUND('',#147,.F.);
#147 = EDGE_LOOP('',(#148));
#148 = ORIENTED_EDGE('',*,*,#95,.F.);
#149 = FACE_BOUND('',#150,.F.);
#150 = EDGE_LOOP('',(#151));
#151 = ORIENTED_EDGE('',*,*,#152,.F.);
#152 = EDGE_CURVE('',#153,#153,#155,.T.);
#153 = VERTEX_POINT('',#154);
#154 = CARTESIAN_POINT('',(-0.25,1.530808498934E-16,0.2));
#155 = CIRCLE('',#156,0.25);
#156 = AXIS2_PLACEMENT_3D('',#157,#158,#159);
#157 = CARTESIAN_POINT('',(0.,1.224646799147E-16,0.2));
#158 = DIRECTION('',(0.,0.,1.));
#159 = DIRECTION('',(-1.,1.224646799147E-16,0.));
#160 = PLANE('',#161);
#161 = AXIS2_PLACEMENT_3D('',#162,#163,#164);
#162 = CARTESIAN_POINT('',(1.,-1.239108604125E-16,0.2));
#163 = DIRECTION('',(0.,0.,1.));
#164 = DIRECTION('',(-1.,1.224646799147E-16,0.));
#165 = ADVANCED_FACE('',(#166),#193,.F.);
#166 = FACE_BOUND('',#167,.F.);
#167 = EDGE_LOOP('',(#168,#176,#177,#178,#186));
#168 = ORIENTED_EDGE('',*,*,#169,.F.);
#169 = EDGE_CURVE('',#123,#170,#172,.T.);
#170 = VERTEX_POINT('',#171);
#171 = CARTESIAN_POINT('',(2.616789181895,-0.669696006639,0.));
#172 = LINE('',#173,#174);
#173 = CARTESIAN_POINT('',(2.616789181895,-0.669696006639,0.3));
#174 = VECTOR('',#175,1.);
#175 = DIRECTION('',(0.,0.,-1.));
#176 = ORIENTED_EDGE('',*,*,#120,.F.);
#177 = ORIENTED_EDGE('',*,*,#140,.F.);
#178 = ORIENTED_EDGE('',*,*,#179,.T.);
#179 = EDGE_CURVE('',#132,#180,#182,.T.);
#180 = VERTEX_POINT('',#181);
#181 = CARTESIAN_POINT('',(2.616789181895,0.669696006639,0.));
#182 = LINE('',#183,#184);
#183 = CARTESIAN_POINT('',(2.616789181895,0.669696006639,0.3));
#184 = VECTOR('',#185,1.);
#185 = DIRECTION('',(0.,0.,-1.));
#186 = ORIENTED_EDGE('',*,*,#187,.F.);
#187 = EDGE_CURVE('',#170,#180,#188,.T.);
#188 = CIRCLE('',#189,1.75);
#189 = AXIS2_PLACEMENT_3D('',#190,#191,#192);
#190 = CARTESIAN_POINT('',(1.,0.,0.));
#191 = DIRECTION('',(0.,-0.,-1.));
#192 = DIRECTION('',(0.923879532511,-0.382683432365,0.));
#193 = CYLINDRICAL_SURFACE('',#194,1.75);
#194 = AXIS2_PLACEMENT_3D('',#195,#196,#197);
#195 = CARTESIAN_POINT('',(1.,0.,0.3));
#196 = DIRECTION('',(0.,0.,-1.));
#197 = DIRECTION('',(0.923879532511,-0.382683432365,0.));
#198 = ADVANCED_FACE('',(#199),#211,.F.);
#199 = FACE_BOUND('',#200,.F.);
#200 = EDGE_LOOP('',(#201,#202,#203,#204));
#201 = ORIENTED_EDGE('',*,*,#179,.F.);
#202 = ORIENTED_EDGE('',*,*,#131,.F.);
#203 = ORIENTED_EDGE('',*,*,#169,.T.);
#204 = ORIENTED_EDGE('',*,*,#205,.F.);
#205 = EDGE_CURVE('',#180,#170,#206,.T.);
#206 = CIRCLE('',#207,1.75);
#207 = AXIS2_PLACEMENT_3D('',#208,#209,#210);
#208 = CARTESIAN_POINT('',(1.,0.,0.));
#209 = DIRECTION('',(0.,0.,-1.));
#210 = DIRECTION('',(0.923879532511,0.382683432365,0.));
#211 = CYLINDRICAL_SURFACE('',#212,1.75);
#212 = AXIS2_PLACEMENT_3D('',#213,#214,#215);
#213 = CARTESIAN_POINT('',(1.,0.,0.3));
#214 = DIRECTION('',(0.,0.,-1.));
#215 = DIRECTION('',(0.923879532511,0.382683432365,0.));
#216 = ADVANCED_FACE('',(#217),#236,.T.);
#217 = FACE_BOUND('',#218,.T.);
#218 = EDGE_LOOP('',(#219,#220,#228,#235));
#219 = ORIENTED_EDGE('',*,*,#152,.F.);
#220 = ORIENTED_EDGE('',*,*,#221,.T.);
#221 = EDGE_CURVE('',#153,#222,#224,.T.);
#222 = VERTEX_POINT('',#223);
#223 = CARTESIAN_POINT('',(-0.25,1.530808498934E-16,-2.));
#224 = LINE('',#225,#226);
#225 = CARTESIAN_POINT('',(-0.25,1.530808498934E-16,0.3));
#226 = VECTOR('',#227,1.);
#227 = DIRECTION('',(0.,0.,-1.));
#228 = ORIENTED_EDGE('',*,*,#229,.T.);
#229 = EDGE_CURVE('',#222,#222,#230,.T.);
#230 = CIRCLE('',#231,0.25);
#231 = AXIS2_PLACEMENT_3D('',#232,#233,#234);
#232 = CARTESIAN_POINT('',(0.,1.224646799147E-16,-2.));
#233 = DIRECTION('',(0.,0.,1.));
#234 = DIRECTION('',(-1.,1.224646799147E-16,0.));
#235 = ORIENTED_EDGE('',*,*,#221,.F.);
#236 = CYLINDRICAL_SURFACE('',#237,0.25);
#237 = AXIS2_PLACEMENT_3D('',#238,#239,#240);
#238 = CARTESIAN_POINT('',(0.,1.224646799147E-16,0.3));
#239 = DIRECTION('',(0.,0.,1.));
#240 = DIRECTION('',(-1.,1.224646799147E-16,0.));
#241 = ADVANCED_FACE('',(#242),#268,.T.);
#242 = FACE_BOUND('',#243,.F.);
#243 = EDGE_LOOP('',(#244,#245,#253,#262));
#244 = ORIENTED_EDGE('',*,*,#187,.T.);
#245 = ORIENTED_EDGE('',*,*,#246,.T.);
#246 = EDGE_CURVE('',#180,#247,#249,.T.);
#247 = VERTEX_POINT('',#248);
#248 = CARTESIAN_POINT('',(3.124922924776,0.88017189444,
    1.387778780781E-17));
#249 = LINE('',#250,#251);
#250 = CARTESIAN_POINT('',(2.616789181895,0.669696006639,0.));
#251 = VECTOR('',#252,1.);
#252 = DIRECTION('',(0.923879532511,0.382683432365,0.));
#253 = ORIENTED_EDGE('',*,*,#254,.F.);
#254 = EDGE_CURVE('',#255,#247,#257,.T.);
#255 = VERTEX_POINT('',#256);
#256 = CARTESIAN_POINT('',(3.124922924776,-0.88017189444,
    1.387778780781E-17));
#257 = CIRCLE('',#258,2.3);
#258 = AXIS2_PLACEMENT_3D('',#259,#260,#261);
#259 = CARTESIAN_POINT('',(1.,0.,1.387778780781E-17));
#260 = DIRECTION('',(0.,-0.,-1.));
#261 = DIRECTION('',(0.923879532511,-0.382683432365,0.));
#262 = ORIENTED_EDGE('',*,*,#263,.F.);
#263 = EDGE_CURVE('',#170,#255,#264,.T.);
#264 = LINE('',#265,#266);
#265 = CARTESIAN_POINT('',(2.616789181895,-0.669696006639,0.));
#266 = VECTOR('',#267,1.);
#267 = DIRECTION('',(0.923879532511,-0.382683432365,0.));
#268 = PLANE('',#269);
#269 = AXIS2_PLACEMENT_3D('',#270,#271,#272);
#270 = CARTESIAN_POINT('',(1.,0.,0.));
#271 = DIRECTION('',(0.,0.,-1.));
#272 = DIRECTION('',(0.923879532511,-0.382683432365,0.));
#273 = ADVANCED_FACE('',(#274),#286,.T.);
#274 = FACE_BOUND('',#275,.F.);
#275 = EDGE_LOOP('',(#276,#277,#278,#285));
#276 = ORIENTED_EDGE('',*,*,#205,.T.);
#277 = ORIENTED_EDGE('',*,*,#263,.T.);
#278 = ORIENTED_EDGE('',*,*,#279,.F.);
#279 = EDGE_CURVE('',#247,#255,#280,.T.);
#280 = CIRCLE('',#281,2.3);
#281 = AXIS2_PLACEMENT_3D('',#282,#283,#284);
#282 = CARTESIAN_POINT('',(1.,0.,1.387778780781E-17));
#283 = DIRECTION('',(0.,0.,-1.));
#284 = DIRECTION('',(0.923879532511,0.382683432365,0.));
#285 = ORIENTED_EDGE('',*,*,#246,.F.);
#286 = PLANE('',#287);
#287 = AXIS2_PLACEMENT_3D('',#288,#289,#290);
#288 = CARTESIAN_POINT('',(1.,0.,0.));
#289 = DIRECTION('',(0.,0.,-1.));
#290 = DIRECTION('',(0.923879532511,0.382683432365,0.));
#291 = ADVANCED_FACE('',(#292),#295,.F.);
#292 = FACE_BOUND('',#293,.F.);
#293 = EDGE_LOOP('',(#294));
#294 = ORIENTED_EDGE('',*,*,#229,.T.);
#295 = PLANE('',#296);
#296 = AXIS2_PLACEMENT_3D('',#297,#298,#299);
#297 = CARTESIAN_POINT('',(-2.22044604925E-16,1.006206918012E-16,-2.));
#298 = DIRECTION('',(2.218671295934E-31,4.08046586736E-33,1.));
#299 = DIRECTION('',(-1.,1.224646799147E-16,2.218671295934E-31));
#300 = ADVANCED_FACE('',(#301),#329,.F.);
#301 = FACE_BOUND('',#302,.F.);
#302 = EDGE_LOOP('',(#303,#304,#313,#322));
#303 = ORIENTED_EDGE('',*,*,#254,.T.);
#304 = ORIENTED_EDGE('',*,*,#305,.T.);
#305 = EDGE_CURVE('',#247,#306,#308,.T.);
#306 = VERTEX_POINT('',#307);
#307 = CARTESIAN_POINT('',(3.309698831278,0.956708580913,0.2));
#308 = CIRCLE('',#309,0.2);
#309 = AXIS2_PLACEMENT_3D('',#310,#311,#312);
#310 = CARTESIAN_POINT('',(3.124922924776,0.88017189444,0.2));
#311 = DIRECTION('',(0.382683432365,-0.923879532511,0.));
#312 = DIRECTION('',(0.,0.,-1.));
#313 = ORIENTED_EDGE('',*,*,#314,.F.);
#314 = EDGE_CURVE('',#315,#306,#317,.T.);
#315 = VERTEX_POINT('',#316);
#316 = CARTESIAN_POINT('',(3.309698831278,-0.956708580913,0.2));
#317 = CIRCLE('',#318,2.5);
#318 = AXIS2_PLACEMENT_3D('',#319,#320,#321);
#319 = CARTESIAN_POINT('',(1.,0.,0.2));
#320 = DIRECTION('',(0.,-0.,-1.));
#321 = DIRECTION('',(0.923879532511,-0.382683432365,0.));
#322 = ORIENTED_EDGE('',*,*,#323,.F.);
#323 = EDGE_CURVE('',#255,#315,#324,.T.);
#324 = CIRCLE('',#325,0.2);
#325 = AXIS2_PLACEMENT_3D('',#326,#327,#328);
#326 = CARTESIAN_POINT('',(3.124922924776,-0.88017189444,0.2));
#327 = DIRECTION('',(-0.382683432365,-0.923879532511,-0.));
#328 = DIRECTION('',(0.,0.,-1.));
#329 = SURFACE_OF_REVOLUTION('',#330,#335);
#330 = CIRCLE('',#331,0.2);
#331 = AXIS2_PLACEMENT_3D('',#332,#333,#334);
#332 = CARTESIAN_POINT('',(3.124922924776,-0.88017189444,0.2));
#333 = DIRECTION('',(-0.382683432365,-0.923879532511,-0.));
#334 = DIRECTION('',(0.,0.,-1.));
#335 = AXIS1_PLACEMENT('',#336,#337);
#336 = CARTESIAN_POINT('',(1.,0.,0.));
#337 = DIRECTION('',(0.,0.,-1.));
#338 = ADVANCED_FACE('',(#339),#351,.F.);
#339 = FACE_BOUND('',#340,.F.);
#340 = EDGE_LOOP('',(#341,#342,#343,#350));
#341 = ORIENTED_EDGE('',*,*,#279,.T.);
#342 = ORIENTED_EDGE('',*,*,#323,.T.);
#343 = ORIENTED_EDGE('',*,*,#344,.F.);
#344 = EDGE_CURVE('',#306,#315,#345,.T.);
#345 = CIRCLE('',#346,2.5);
#346 = AXIS2_PLACEMENT_3D('',#347,#348,#349);
#347 = CARTESIAN_POINT('',(1.,0.,0.2));
#348 = DIRECTION('',(0.,0.,-1.));
#349 = DIRECTION('',(0.923879532511,0.382683432365,0.));
#350 = ORIENTED_EDGE('',*,*,#305,.F.);
#351 = SURFACE_OF_REVOLUTION('',#352,#357);
#352 = CIRCLE('',#353,0.2);
#353 = AXIS2_PLACEMENT_3D('',#354,#355,#356);
#354 = CARTESIAN_POINT('',(3.124922924776,0.88017189444,0.2));
#355 = DIRECTION('',(0.382683432365,-0.923879532511,0.));
#356 = DIRECTION('',(0.,0.,-1.));
#357 = AXIS1_PLACEMENT('',#358,#359);
#358 = CARTESIAN_POINT('',(1.,0.,0.));
#359 = DIRECTION('',(0.,0.,-1.));
#360 = ADVANCED_FACE('',(#361),#415,.T.);
#361 = FACE_BOUND('',#362,.T.);
#362 = EDGE_LOOP('',(#363,#402,#408,#409));
#363 = ORIENTED_EDGE('',*,*,#364,.T.);
#364 = EDGE_CURVE('',#365,#367,#369,.T.);
#365 = VERTEX_POINT('',#366);
#366 = CARTESIAN_POINT('',(3.309698831278,-0.956708580913,1.064979142851
    ));
#367 = VERTEX_POINT('',#368);
#368 = CARTESIAN_POINT('',(3.309698831278,0.956708580913,1.064979142851)
  );
#369 = B_SPLINE_CURVE_WITH_KNOTS('',11,(#370,#371,#372,#373,#374,#375,
    #376,#377,#378,#379,#380,#381,#382,#383,#384,#385,#386,#387,#388,
    #389,#390,#391,#392,#393,#394,#395,#396,#397,#398,#399,#400,#401),
  .UNSPECIFIED.,.F.,.F.,(12,10,10,12),(-0.585615641583,
    2.874910026413E-15,13.744467859455,14.330083501039),.UNSPECIFIED.);
#370 = CARTESIAN_POINT('',(3.533804235046,-0.415670275735,1.064979142851
    ));
#371 = CARTESIAN_POINT('',(3.513289829604,-0.465196431576,1.064979142851
    ));
#372 = CARTESIAN_POINT('',(3.492803661547,-0.514654416342,1.064979142851
    ));
#373 = CARTESIAN_POINT('',(3.472345730872,-0.564044230035,1.064979142851
    ));
#374 = CARTESIAN_POINT('',(3.451916037581,-0.613365872653,1.064979142851
    ));
#375 = CARTESIAN_POINT('',(3.431514581673,-0.662619344198,1.064979142851
    ));
#376 = CARTESIAN_POINT('',(3.411141363149,-0.711804644669,1.064979142851
    ));
#377 = CARTESIAN_POINT('',(3.390796382008,-0.760921774065,1.064979142851
    ));
#378 = CARTESIAN_POINT('',(3.370479638251,-0.809970732388,1.064979142851
    ));
#379 = CARTESIAN_POINT('',(3.350191131876,-0.858951519637,1.064979142851
    ));
#380 = CARTESIAN_POINT('',(3.329930862886,-0.907864135812,1.064979142851
    ));
#381 = CARTESIAN_POINT('',(2.834850674205,-2.103093441787,1.064979142851
    ));
#382 = CARTESIAN_POINT('',(1.727586252494,-3.009448724487,1.064979062911
    ));
#383 = CARTESIAN_POINT('',(0.105855011951,-3.257464103804,1.064979307428
    ));
#384 = CARTESIAN_POINT('',(-1.475741298782,-2.506760000403,
    1.064978963603));
#385 = CARTESIAN_POINT('',(-2.588653308495,-1.059860959896,
    1.064979218435));
#386 = CARTESIAN_POINT('',(-2.588653308509,1.059860959896,1.064979218442
    ));
#387 = CARTESIAN_POINT('',(-1.475741298772,2.506760000402,1.064978963597
    ));
#388 = CARTESIAN_POINT('',(0.105855011945,3.257464103804,1.064979307432)
  );
#389 = CARTESIAN_POINT('',(1.727586252497,3.009448724487,1.064979062909)
  );
#390 = CARTESIAN_POINT('',(2.834850674204,2.103093441788,1.064979142851)
  );
#391 = CARTESIAN_POINT('',(3.329930862886,0.907864135812,1.064979142851)
  );
#392 = CARTESIAN_POINT('',(3.350191131876,0.858951519637,1.064979142851)
  );
#393 = CARTESIAN_POINT('',(3.370479638251,0.809970732388,1.064979142851)
  );
#394 = CARTESIAN_POINT('',(3.390796382008,0.760921774065,1.064979142851)
  );
#395 = CARTESIAN_POINT('',(3.411141363149,0.711804644669,1.064979142851)
  );
#396 = CARTESIAN_POINT('',(3.431514581673,0.662619344198,1.064979142851)
  );
#397 = CARTESIAN_POINT('',(3.451916037581,0.613365872653,1.064979142851)
  );
#398 = CARTESIAN_POINT('',(3.472345730872,0.564044230035,1.064979142851)
  );
#399 = CARTESIAN_POINT('',(3.492803661547,0.514654416342,1.064979142851)
  );
#400 = CARTESIAN_POINT('',(3.513289829605,0.465196431576,1.064979142851)
  );
#401 = CARTESIAN_POINT('',(3.533804235046,0.415670275736,1.064979142851)
  );
#402 = ORIENTED_EDGE('',*,*,#403,.F.);
#403 = EDGE_CURVE('',#306,#367,#404,.T.);
#404 = LINE('',#405,#406);
#405 = CARTESIAN_POINT('',(3.309698831278,0.956708580913,0.2));
#406 = VECTOR('',#407,1.);
#407 = DIRECTION('',(0.,0.,1.));
#408 = ORIENTED_EDGE('',*,*,#314,.F.);
#409 = ORIENTED_EDGE('',*,*,#410,.T.);
#410 = EDGE_CURVE('',#315,#365,#411,.T.);
#411 = LINE('',#412,#413);
#412 = CARTESIAN_POINT('',(3.309698831278,-0.956708580913,0.2));
#413 = VECTOR('',#414,1.);
#414 = DIRECTION('',(0.,0.,1.));
#415 = CYLINDRICAL_SURFACE('',#416,2.5);
#416 = AXIS2_PLACEMENT_3D('',#417,#418,#419);
#417 = CARTESIAN_POINT('',(1.,0.,0.2));
#418 = DIRECTION('',(0.,0.,1.));
#419 = DIRECTION('',(0.923879532511,-0.382683432365,0.));
#420 = ADVANCED_FACE('',(#421),#443,.T.);
#421 = FACE_BOUND('',#422,.T.);
#422 = EDGE_LOOP('',(#423,#440,#441,#442));
#423 = ORIENTED_EDGE('',*,*,#424,.T.);
#424 = EDGE_CURVE('',#367,#365,#425,.T.);
#425 = B_SPLINE_CURVE_WITH_KNOTS('',5,(#426,#427,#428,#429,#430,#431,
    #432,#433,#434,#435,#436,#437,#438,#439),.UNSPECIFIED.,.F.,.F.,(6,4,
    4,6),(-0.119413470026,-1.353371911114E-07,1.96349554383,
    2.08290869425),.UNSPECIFIED.);
#426 = CARTESIAN_POINT('',(3.264001325546,1.067032118743,1.064979142851)
  );
#427 = CARTESIAN_POINT('',(3.273140829292,1.0449674049,1.064979142851));
#428 = CARTESIAN_POINT('',(3.282280331654,1.0229026944,1.064979142851));
#429 = CARTESIAN_POINT('',(3.291419832631,1.000837987243,1.064979142851)
  );
#430 = CARTESIAN_POINT('',(3.300559332224,0.978773283428,1.064979142851)
  );
#431 = CARTESIAN_POINT('',(3.45997823841,0.593901998977,1.064979142851)
  );
#432 = CARTESIAN_POINT('',(3.539038746156,0.201591257513,1.064979142851)
  );
#433 = CARTESIAN_POINT('',(3.539039291386,-0.201589955698,1.064979142851
    ));
#434 = CARTESIAN_POINT('',(3.45997851584,-0.593901329202,1.064979142851)
  );
#435 = CARTESIAN_POINT('',(3.300559329455,-0.978773290113,1.064979142851
    ));
#436 = CARTESIAN_POINT('',(3.291419828478,-1.00083799727,1.064979142851)
  );
#437 = CARTESIAN_POINT('',(3.2822803275,-1.022902704428,1.064979142851)
  );
#438 = CARTESIAN_POINT('',(3.273140826523,-1.044967411585,1.064979142851
    ));
#439 = CARTESIAN_POINT('',(3.264001325546,-1.067032118743,1.064979142851
    ));
#440 = ORIENTED_EDGE('',*,*,#410,.F.);
#441 = ORIENTED_EDGE('',*,*,#344,.F.);
#442 = ORIENTED_EDGE('',*,*,#403,.T.);
#443 = CYLINDRICAL_SURFACE('',#444,2.5);
#444 = AXIS2_PLACEMENT_3D('',#445,#446,#447);
#445 = CARTESIAN_POINT('',(1.,0.,0.2));
#446 = DIRECTION('',(0.,0.,1.));
#447 = DIRECTION('',(0.923879532511,0.382683432365,-0.));
#448 = ADVANCED_FACE('',(#449),#517,.T.);
#449 = FACE_BOUND('',#450,.T.);
#450 = EDGE_LOOP('',(#451,#466,#503,#516));
#451 = ORIENTED_EDGE('',*,*,#452,.T.);
#452 = EDGE_CURVE('',#365,#453,#455,.T.);
#453 = VERTEX_POINT('',#454);
#454 = CARTESIAN_POINT('',(3.235446538439,-0.925952274181,1.269338405373
    ));
#455 = B_SPLINE_CURVE_WITH_KNOTS('',5,(#456,#457,#458,#459,#460,#461,
    #462,#463,#464,#465),.UNSPECIFIED.,.F.,.F.,(6,4,6),(0.,0.5,1.),
  .UNSPECIFIED.);
#456 = CARTESIAN_POINT('',(3.309698831278,-0.956708580913,1.064979142851
    ));
#457 = CARTESIAN_POINT('',(3.30969883117,-0.956708580868,1.086946886076)
  );
#458 = CARTESIAN_POINT('',(3.307841659805,-0.955939315301,1.109289585017
    ));
#459 = CARTESIAN_POINT('',(3.303997166347,-0.95434687397,1.131655175667)
  );
#460 = CARTESIAN_POINT('',(3.298159251937,-0.951928730645,1.153610443506
    ));
#461 = CARTESIAN_POINT('',(3.282778034968,-0.945557621971,1.195943064308
    ));
#462 = CARTESIAN_POINT('',(3.273234543788,-0.941604578492,1.2163209364)
  );
#463 = CARTESIAN_POINT('',(3.261973435419,-0.936940074678,1.235529410754
    ));
#464 = CARTESIAN_POINT('',(3.249271815997,-0.93167889165,1.253255827993)
  );
#465 = CARTESIAN_POINT('',(3.235446538439,-0.925952274181,1.269338405373
    ));
#466 = ORIENTED_EDGE('',*,*,#467,.T.);
#467 = EDGE_CURVE('',#453,#468,#470,.T.);
#468 = VERTEX_POINT('',#469);
#469 = CARTESIAN_POINT('',(3.235446538439,0.925952274181,1.269338405373)
  );
#470 = B_SPLINE_CURVE_WITH_KNOTS('',11,(#471,#472,#473,#474,#475,#476,
    #477,#478,#479,#480,#481,#482,#483,#484,#485,#486,#487,#488,#489,
    #490,#491,#492,#493,#494,#495,#496,#497,#498,#499,#500,#501,#502),
  .UNSPECIFIED.,.F.,.F.,(12,10,10,12),(-0.585615641583,
    2.874910026413E-15,13.744467859455,14.330083501039),.UNSPECIFIED.);
#471 = CARTESIAN_POINT('',(3.459551942206,-0.384913969004,1.269338405373
    ));
#472 = CARTESIAN_POINT('',(3.438387116582,-0.43601037807,1.269338405373)
  );
#473 = CARTESIAN_POINT('',(3.417380612378,-0.486724565418,1.269338405373
    ));
#474 = CARTESIAN_POINT('',(3.396532429594,-0.537056531046,1.269338405373
    ));
#475 = CARTESIAN_POINT('',(3.37584256823,-0.587006274955,1.269338405373)
  );
#476 = CARTESIAN_POINT('',(3.355311028286,-0.636573797145,1.269338405373
    ));
#477 = CARTESIAN_POINT('',(3.334937809761,-0.685759097616,1.269338405373
    ));
#478 = CARTESIAN_POINT('',(3.314722912657,-0.734562176367,1.269338405373
    ));
#479 = CARTESIAN_POINT('',(3.294666336973,-0.782983033399,1.269338405373
    ));
#480 = CARTESIAN_POINT('',(3.274768082708,-0.831021668713,1.269338405373
    ));
#481 = CARTESIAN_POINT('',(3.255028149863,-0.878678082306,1.269338405373
    ));
#482 = CARTESIAN_POINT('',(2.775863819411,-2.03548310749,1.269338405373)
  );
#483 = CARTESIAN_POINT('',(1.704091980563,-2.912929929979,1.269338420699
    ));
#484 = CARTESIAN_POINT('',(0.134360577618,-3.152280979089,1.26933837382)
  );
#485 = CARTESIAN_POINT('',(-1.395396108631,-2.426388868524,1.26933843974
    ));
#486 = CARTESIAN_POINT('',(-2.473728053044,-1.02623416819,1.269338390878
    ));
#487 = CARTESIAN_POINT('',(-2.473728053057,1.026234168191,1.269338390886
    ));
#488 = CARTESIAN_POINT('',(-1.395396108622,2.426388868523,1.269338439734
    ));
#489 = CARTESIAN_POINT('',(0.134360577613,3.152280979089,1.269338373823)
  );
#490 = CARTESIAN_POINT('',(1.704091980565,2.912929929979,1.269338420697)
  );
#491 = CARTESIAN_POINT('',(2.775863819411,2.03548310749,1.269338405373)
  );
#492 = CARTESIAN_POINT('',(3.255028149863,0.878678082306,1.269338405373)
  );
#493 = CARTESIAN_POINT('',(3.274768082708,0.831021668713,1.269338405373)
  );
#494 = CARTESIAN_POINT('',(3.294666336973,0.782983033399,1.269338405373)
  );
#495 = CARTESIAN_POINT('',(3.314722912657,0.734562176367,1.269338405373)
  );
#496 = CARTESIAN_POINT('',(3.334937809762,0.685759097616,1.269338405373)
  );
#497 = CARTESIAN_POINT('',(3.355311028286,0.636573797145,1.269338405373)
  );
#498 = CARTESIAN_POINT('',(3.37584256823,0.587006274955,1.269338405373)
  );
#499 = CARTESIAN_POINT('',(3.396532429594,0.537056531046,1.269338405373)
  );
#500 = CARTESIAN_POINT('',(3.417380612378,0.486724565418,1.269338405373)
  );
#501 = CARTESIAN_POINT('',(3.438387116583,0.436010378071,1.269338405373)
  );
#502 = CARTESIAN_POINT('',(3.459551942206,0.384913969004,1.269338405373)
  );
#503 = ORIENTED_EDGE('',*,*,#504,.F.);
#504 = EDGE_CURVE('',#367,#468,#505,.T.);
#505 = B_SPLINE_CURVE_WITH_KNOTS('',5,(#506,#507,#508,#509,#510,#511,
    #512,#513,#514,#515),.UNSPECIFIED.,.F.,.F.,(6,4,6),(0.,0.5,1.),
  .UNSPECIFIED.);
#506 = CARTESIAN_POINT('',(3.309698831278,0.956708580913,1.064979142851)
  );
#507 = CARTESIAN_POINT('',(3.30969883117,0.956708580868,1.086946886076)
  );
#508 = CARTESIAN_POINT('',(3.307841659805,0.955939315301,1.109289585017)
  );
#509 = CARTESIAN_POINT('',(3.303997166347,0.95434687397,1.131655175667)
  );
#510 = CARTESIAN_POINT('',(3.298159251937,0.951928730645,1.153610443506)
  );
#511 = CARTESIAN_POINT('',(3.282778034968,0.945557621971,1.195943064308)
  );
#512 = CARTESIAN_POINT('',(3.273234543788,0.941604578492,1.2163209364));
#513 = CARTESIAN_POINT('',(3.261973435419,0.936940074678,1.235529410754)
  );
#514 = CARTESIAN_POINT('',(3.249271815997,0.93167889165,1.253255827993)
  );
#515 = CARTESIAN_POINT('',(3.235446538439,0.925952274181,1.269338405373)
  );
#516 = ORIENTED_EDGE('',*,*,#364,.F.);
#517 = ( BOUNDED_SURFACE() B_SPLINE_SURFACE(2,11,(
    (#518,#519,#520,#521,#522,#523,#524,#525,#526,#527,#528,#529,#530
      ,#531,#532,#533,#534,#535,#536,#537,#538,#539,#540,#541,#542,#543
      ,#544,#545,#546,#547,#548,#549)
    ,(#550,#551,#552,#553,#554,#555,#556,#557,#558,#559,#560,#561,#562
      ,#563,#564,#565,#566,#567,#568,#569,#570,#571,#572,#573,#574,#575
      ,#576,#577,#578,#579,#580,#581)
    ,(#582,#583,#584,#585,#586,#587,#588,#589,#590,#591,#592,#593,#594
      ,#595,#596,#597,#598,#599,#600,#601,#602,#603,#604,#605,#606,#607
      ,#608,#609,#610,#611,#612,#613
)),.UNSPECIFIED.,.F.,.F.,.F.) B_SPLINE_SURFACE_WITH_KNOTS((3,3),(12,10,
    10,12),(0.,13.744467859455),(-0.585615641583,2.874910026413E-15,
    13.744467859455,14.330083501039),.UNSPECIFIED.) 
GEOMETRIC_REPRESENTATION_ITEM() RATIONAL_B_SPLINE_SURFACE((
    (1.,1.,1.,1.,1.,1.,1.,1.,1.,1.,1.,1.,1.,1.,1.,1.,1.,1.,1.,1.,1.,1.
      ,1.,1.,1.,1.,1.,1.,1.,1.,1.,1.)
    ,(0.93061798229,0.93061798229,0.93061798229,0.93061798229
      ,0.93061798229,0.93061798229,0.93061798229,0.93061798229
      ,0.93061798229,0.93061798229,0.93061798229,0.93061798229
      ,0.930617902914,0.930618145704,0.930617804307,0.93061805734
      ,0.930618057346,0.930617804303,0.930618145707,0.930617902913
      ,0.93061798229,0.93061798229,0.93061798229,0.93061798229
      ,0.93061798229,0.93061798229,0.93061798229,0.93061798229
      ,0.93061798229,0.93061798229,0.93061798229,0.93061798229)
    ,(1.,1.,1.,1.,1.,1.,1.,1.,1.,1.,1.,1.,1.,1.,1.,1.,1.,1.,1.,1.,1.,1.
,1.,1.,1.,1.,1.,1.,1.,1.,1.,1.))) REPRESENTATION_ITEM('') SURFACE() );
#518 = CARTESIAN_POINT('',(3.533804235046,-0.415670275735,1.064979142851
    ));
#519 = CARTESIAN_POINT('',(3.513289829604,-0.465196431576,1.064979142851
    ));
#520 = CARTESIAN_POINT('',(3.492803661547,-0.514654416342,1.064979142851
    ));
#521 = CARTESIAN_POINT('',(3.472345730872,-0.564044230035,1.064979142851
    ));
#522 = CARTESIAN_POINT('',(3.451916037581,-0.613365872653,1.064979142851
    ));
#523 = CARTESIAN_POINT('',(3.431514581673,-0.662619344198,1.064979142851
    ));
#524 = CARTESIAN_POINT('',(3.411141363149,-0.711804644669,1.064979142851
    ));
#525 = CARTESIAN_POINT('',(3.390796382008,-0.760921774065,1.064979142851
    ));
#526 = CARTESIAN_POINT('',(3.370479638251,-0.809970732388,1.064979142851
    ));
#527 = CARTESIAN_POINT('',(3.350191131876,-0.858951519637,1.064979142851
    ));
#528 = CARTESIAN_POINT('',(3.329930862886,-0.907864135812,1.064979142851
    ));
#529 = CARTESIAN_POINT('',(2.834850674205,-2.103093441787,1.064979142851
    ));
#530 = CARTESIAN_POINT('',(1.727586252494,-3.009448724487,1.064979062911
    ));
#531 = CARTESIAN_POINT('',(0.105855011951,-3.257464103804,1.064979307428
    ));
#532 = CARTESIAN_POINT('',(-1.475741298782,-2.506760000403,
    1.064978963603));
#533 = CARTESIAN_POINT('',(-2.588653308495,-1.059860959896,
    1.064979218435));
#534 = CARTESIAN_POINT('',(-2.588653308509,1.059860959896,1.064979218442
    ));
#535 = CARTESIAN_POINT('',(-1.475741298772,2.506760000402,1.064978963597
    ));
#536 = CARTESIAN_POINT('',(0.105855011945,3.257464103804,1.064979307432)
  );
#537 = CARTESIAN_POINT('',(1.727586252497,3.009448724487,1.064979062909)
  );
#538 = CARTESIAN_POINT('',(2.834850674204,2.103093441788,1.064979142851)
  );
#539 = CARTESIAN_POINT('',(3.329930862886,0.907864135812,1.064979142851)
  );
#540 = CARTESIAN_POINT('',(3.350191131876,0.858951519637,1.064979142851)
  );
#541 = CARTESIAN_POINT('',(3.370479638251,0.809970732388,1.064979142851)
  );
#542 = CARTESIAN_POINT('',(3.390796382008,0.760921774065,1.064979142851)
  );
#543 = CARTESIAN_POINT('',(3.411141363149,0.711804644669,1.064979142851)
  );
#544 = CARTESIAN_POINT('',(3.431514581673,0.662619344198,1.064979142851)
  );
#545 = CARTESIAN_POINT('',(3.451916037581,0.613365872653,1.064979142851)
  );
#546 = CARTESIAN_POINT('',(3.472345730872,0.564044230035,1.064979142851)
  );
#547 = CARTESIAN_POINT('',(3.492803661547,0.514654416342,1.064979142851)
  );
#548 = CARTESIAN_POINT('',(3.513289829605,0.465196431576,1.064979142851)
  );
#549 = CARTESIAN_POINT('',(3.533804235046,0.415670275736,1.064979142851)
  );
#550 = CARTESIAN_POINT('',(3.533804235046,-0.415670275735,1.182962690499
    ));
#551 = CARTESIAN_POINT('',(3.513289829604,-0.465196431576,1.182962690499
    ));
#552 = CARTESIAN_POINT('',(3.492803661547,-0.514654416342,1.182962690499
    ));
#553 = CARTESIAN_POINT('',(3.472345730872,-0.564044230035,1.182962690499
    ));
#554 = CARTESIAN_POINT('',(3.451916037581,-0.613365872653,1.182962690499
    ));
#555 = CARTESIAN_POINT('',(3.431514581673,-0.662619344198,1.182962690499
    ));
#556 = CARTESIAN_POINT('',(3.411141363149,-0.711804644669,1.182962690499
    ));
#557 = CARTESIAN_POINT('',(3.390796382008,-0.760921774065,1.182962690499
    ));
#558 = CARTESIAN_POINT('',(3.37047963825,-0.809970732388,1.182962690499)
  );
#559 = CARTESIAN_POINT('',(3.350191131876,-0.858951519637,1.182962690499
    ));
#560 = CARTESIAN_POINT('',(3.329930862886,-0.907864135812,1.182962690499
    ));
#561 = CARTESIAN_POINT('',(2.834850674205,-2.103093441788,1.182962690499
    ));
#562 = CARTESIAN_POINT('',(1.727586214542,-3.009448936943,1.182962685685
    ));
#563 = CARTESIAN_POINT('',(0.105855341319,-3.257463206685,1.18296270041)
  );
#564 = CARTESIAN_POINT('',(-1.475741895234,-2.506761759151,
    1.182962679705));
#565 = CARTESIAN_POINT('',(-2.588652975416,-1.059858637809,
    1.182962695051));
#566 = CARTESIAN_POINT('',(-2.588652975407,1.059858637802,1.182962695051
    ));
#567 = CARTESIAN_POINT('',(-1.475741895235,2.506761759163,1.182962679705
    ));
#568 = CARTESIAN_POINT('',(0.105855341315,3.257463206676,1.18296270041)
  );
#569 = CARTESIAN_POINT('',(1.727586214545,3.009448936947,1.182962685685)
  );
#570 = CARTESIAN_POINT('',(2.834850674204,2.103093441787,1.182962690499)
  );
#571 = CARTESIAN_POINT('',(3.329930862886,0.907864135812,1.182962690499)
  );
#572 = CARTESIAN_POINT('',(3.350191131876,0.858951519637,1.182962690499)
  );
#573 = CARTESIAN_POINT('',(3.370479638251,0.809970732388,1.182962690499)
  );
#574 = CARTESIAN_POINT('',(3.390796382008,0.760921774065,1.182962690499)
  );
#575 = CARTESIAN_POINT('',(3.411141363149,0.711804644669,1.182962690499)
  );
#576 = CARTESIAN_POINT('',(3.431514581674,0.662619344198,1.182962690499)
  );
#577 = CARTESIAN_POINT('',(3.451916037581,0.613365872653,1.182962690499)
  );
#578 = CARTESIAN_POINT('',(3.472345730872,0.564044230035,1.182962690499)
  );
#579 = CARTESIAN_POINT('',(3.492803661547,0.514654416342,1.182962690499)
  );
#580 = CARTESIAN_POINT('',(3.513289829605,0.465196431576,1.182962690499)
  );
#581 = CARTESIAN_POINT('',(3.533804235046,0.415670275736,1.182962690499)
  );
#582 = CARTESIAN_POINT('',(3.459551942206,-0.384913969004,1.269338405373
    ));
#583 = CARTESIAN_POINT('',(3.438387116582,-0.43601037807,1.269338405373)
  );
#584 = CARTESIAN_POINT('',(3.417380612378,-0.486724565418,1.269338405373
    ));
#585 = CARTESIAN_POINT('',(3.396532429594,-0.537056531046,1.269338405373
    ));
#586 = CARTESIAN_POINT('',(3.37584256823,-0.587006274955,1.269338405373)
  );
#587 = CARTESIAN_POINT('',(3.355311028286,-0.636573797145,1.269338405373
    ));
#588 = CARTESIAN_POINT('',(3.334937809761,-0.685759097616,1.269338405373
    ));
#589 = CARTESIAN_POINT('',(3.314722912657,-0.734562176367,1.269338405373
    ));
#590 = CARTESIAN_POINT('',(3.294666336973,-0.782983033399,1.269338405373
    ));
#591 = CARTESIAN_POINT('',(3.274768082708,-0.831021668713,1.269338405373
    ));
#592 = CARTESIAN_POINT('',(3.255028149863,-0.878678082306,1.269338405373
    ));
#593 = CARTESIAN_POINT('',(2.775863819411,-2.03548310749,1.269338405373)
  );
#594 = CARTESIAN_POINT('',(1.704091980563,-2.912929929979,1.269338420699
    ));
#595 = CARTESIAN_POINT('',(0.134360577618,-3.152280979089,1.26933837382)
  );
#596 = CARTESIAN_POINT('',(-1.395396108631,-2.426388868524,1.26933843974
    ));
#597 = CARTESIAN_POINT('',(-2.473728053044,-1.02623416819,1.269338390878
    ));
#598 = CARTESIAN_POINT('',(-2.473728053057,1.026234168191,1.269338390886
    ));
#599 = CARTESIAN_POINT('',(-1.395396108622,2.426388868523,1.269338439734
    ));
#600 = CARTESIAN_POINT('',(0.134360577613,3.152280979089,1.269338373823)
  );
#601 = CARTESIAN_POINT('',(1.704091980565,2.912929929979,1.269338420697)
  );
#602 = CARTESIAN_POINT('',(2.775863819411,2.03548310749,1.269338405373)
  );
#603 = CARTESIAN_POINT('',(3.255028149863,0.878678082306,1.269338405373)
  );
#604 = CARTESIAN_POINT('',(3.274768082708,0.831021668713,1.269338405373)
  );
#605 = CARTESIAN_POINT('',(3.294666336973,0.782983033399,1.269338405373)
  );
#606 = CARTESIAN_POINT('',(3.314722912657,0.734562176367,1.269338405373)
  );
#607 = CARTESIAN_POINT('',(3.334937809762,0.685759097616,1.269338405373)
  );
#608 = CARTESIAN_POINT('',(3.355311028286,0.636573797145,1.269338405373)
  );
#609 = CARTESIAN_POINT('',(3.37584256823,0.587006274955,1.269338405373)
  );
#610 = CARTESIAN_POINT('',(3.396532429594,0.537056531046,1.269338405373)
  );
#611 = CARTESIAN_POINT('',(3.417380612378,0.486724565418,1.269338405373)
  );
#612 = CARTESIAN_POINT('',(3.438387116583,0.436010378071,1.269338405373)
  );
#613 = CARTESIAN_POINT('',(3.459551942206,0.384913969004,1.269338405373)
  );
#614 = ADVANCED_FACE('',(#615),#637,.T.);
#615 = FACE_BOUND('',#616,.T.);
#616 = EDGE_LOOP('',(#617,#618,#635,#636));
#617 = ORIENTED_EDGE('',*,*,#504,.T.);
#618 = ORIENTED_EDGE('',*,*,#619,.T.);
#619 = EDGE_CURVE('',#468,#453,#620,.T.);
#620 = B_SPLINE_CURVE_WITH_KNOTS('',5,(#621,#622,#623,#624,#625,#626,
    #627,#628,#629,#630,#631,#632,#633,#634),.UNSPECIFIED.,.F.,.F.,(6,4,
    4,6),(-0.119413470026,-1.353371911114E-07,1.96349554383,
    2.08290869425),.UNSPECIFIED.);
#621 = CARTESIAN_POINT('',(3.189749034566,1.036275808073,1.269338405373)
  );
#622 = CARTESIAN_POINT('',(3.199182355483,1.013501756721,1.269338405373)
  );
#623 = CARTESIAN_POINT('',(3.20846876641,0.991082377458,1.269338405373)
  );
#624 = CARTESIAN_POINT('',(3.217608267348,0.969017670284,1.269338405373)
  );
#625 = CARTESIAN_POINT('',(3.226600858298,0.9473076352,1.269338405373));
#626 = CARTESIAN_POINT('',(3.380894753976,0.574809218729,1.269338405373)
  );
#627 = CARTESIAN_POINT('',(3.457413628123,0.195110560338,1.269338405373)
  );
#628 = CARTESIAN_POINT('',(3.457414134116,-0.1951093668,1.269338405373)
  );
#629 = CARTESIAN_POINT('',(3.380895040325,-0.574808527422,1.269338405373
    ));
#630 = CARTESIAN_POINT('',(3.226600854533,-0.947307644289,1.269338405373
    ));
#631 = CARTESIAN_POINT('',(3.217608261701,-0.969017683918,1.269338405373
    ));
#632 = CARTESIAN_POINT('',(3.208468760763,-0.991082391091,1.269338405373
    ));
#633 = CARTESIAN_POINT('',(3.199182351718,-1.01350176581,1.269338405373)
  );
#634 = CARTESIAN_POINT('',(3.189749034566,-1.036275808073,1.269338405373
    ));
#635 = ORIENTED_EDGE('',*,*,#452,.F.);
#636 = ORIENTED_EDGE('',*,*,#424,.F.);
#637 = ( BOUNDED_SURFACE() B_SPLINE_SURFACE(2,5,(
    (#638,#639,#640,#641,#642,#643,#644,#645,#646,#647,#648,#649,#650
      ,#651)
    ,(#652,#653,#654,#655,#656,#657,#658,#659,#660,#661,#662,#663,#664
      ,#665)
    ,(#666,#667,#668,#669,#670,#671,#672,#673,#674,#675,#676,#677,#678
,#679
    )),.UNSPECIFIED.,.F.,.F.,.F.) B_SPLINE_SURFACE_WITH_KNOTS((3,3),(6,4
    ,4,6),(0.,1.963495679168),(-0.119413470026,-1.353371911114E-07,
    1.96349554383,2.08290869425),.UNSPECIFIED.) 
GEOMETRIC_REPRESENTATION_ITEM() RATIONAL_B_SPLINE_SURFACE((
    (1.,1.,1.,1.,1.,1.,1.,1.,1.,1.,1.,1.,1.,1.)
    ,(0.93061798229,0.93061798229,0.93061798229,0.93061798229
      ,0.93061798229,0.93061798229,0.93061798229,0.93061798229
      ,0.93061798229,0.93061798229,0.93061798229,0.93061798229
      ,0.93061798229,0.93061798229)
,(1.,1.,1.,1.,1.,1.,1.,1.,1.,1.,1.,1.,1.,1.
))) REPRESENTATION_ITEM('') SURFACE() );
#638 = CARTESIAN_POINT('',(3.264001325546,1.067032118743,1.064979142851)
  );
#639 = CARTESIAN_POINT('',(3.273140829292,1.0449674049,1.064979142851));
#640 = CARTESIAN_POINT('',(3.282280331654,1.0229026944,1.064979142851));
#641 = CARTESIAN_POINT('',(3.291419832631,1.000837987243,1.064979142851)
  );
#642 = CARTESIAN_POINT('',(3.300559332224,0.978773283428,1.064979142851)
  );
#643 = CARTESIAN_POINT('',(3.45997823841,0.593901998977,1.064979142851)
  );
#644 = CARTESIAN_POINT('',(3.539038746156,0.201591257513,1.064979142851)
  );
#645 = CARTESIAN_POINT('',(3.539039291386,-0.201589955698,1.064979142851
    ));
#646 = CARTESIAN_POINT('',(3.45997851584,-0.593901329202,1.064979142851)
  );
#647 = CARTESIAN_POINT('',(3.300559329455,-0.978773290113,1.064979142851
    ));
#648 = CARTESIAN_POINT('',(3.291419828478,-1.00083799727,1.064979142851)
  );
#649 = CARTESIAN_POINT('',(3.2822803275,-1.022902704428,1.064979142851)
  );
#650 = CARTESIAN_POINT('',(3.273140826523,-1.044967411585,1.064979142851
    ));
#651 = CARTESIAN_POINT('',(3.264001325546,-1.067032118743,1.064979142851
    ));
#652 = CARTESIAN_POINT('',(3.264001325546,1.067032118743,1.182962690499)
  );
#653 = CARTESIAN_POINT('',(3.273140829292,1.0449674049,1.182962690499));
#654 = CARTESIAN_POINT('',(3.282280331654,1.0229026944,1.182962690499));
#655 = CARTESIAN_POINT('',(3.291419832631,1.000837987243,1.182962690499)
  );
#656 = CARTESIAN_POINT('',(3.300559332224,0.978773283428,1.182962690499)
  );
#657 = CARTESIAN_POINT('',(3.45997823841,0.593901998977,1.182962690499)
  );
#658 = CARTESIAN_POINT('',(3.539038746156,0.201591257513,1.182962690499)
  );
#659 = CARTESIAN_POINT('',(3.539039291386,-0.201589955698,1.182962690499
    ));
#660 = CARTESIAN_POINT('',(3.45997851584,-0.593901329202,1.182962690499)
  );
#661 = CARTESIAN_POINT('',(3.300559329455,-0.978773290113,1.182962690499
    ));
#662 = CARTESIAN_POINT('',(3.291419828478,-1.00083799727,1.182962690499)
  );
#663 = CARTESIAN_POINT('',(3.2822803275,-1.022902704428,1.182962690499)
  );
#664 = CARTESIAN_POINT('',(3.273140826523,-1.044967411585,1.182962690499
    ));
#665 = CARTESIAN_POINT('',(3.264001325546,-1.067032118743,1.182962690499
    ));
#666 = CARTESIAN_POINT('',(3.189749034566,1.036275808073,1.269338405373)
  );
#667 = CARTESIAN_POINT('',(3.199182355483,1.013501756721,1.269338405373)
  );
#668 = CARTESIAN_POINT('',(3.20846876641,0.991082377458,1.269338405373)
  );
#669 = CARTESIAN_POINT('',(3.217608267348,0.969017670284,1.269338405373)
  );
#670 = CARTESIAN_POINT('',(3.226600858298,0.9473076352,1.269338405373));
#671 = CARTESIAN_POINT('',(3.380894753976,0.574809218729,1.269338405373)
  );
#672 = CARTESIAN_POINT('',(3.457413628123,0.195110560338,1.269338405373)
  );
#673 = CARTESIAN_POINT('',(3.457414134116,-0.1951093668,1.269338405373)
  );
#674 = CARTESIAN_POINT('',(3.380895040325,-0.574808527422,1.269338405373
    ));
#675 = CARTESIAN_POINT('',(3.226600854533,-0.947307644289,1.269338405373
    ));
#676 = CARTESIAN_POINT('',(3.217608261701,-0.969017683918,1.269338405373
    ));
#677 = CARTESIAN_POINT('',(3.208468760763,-0.991082391091,1.269338405373
    ));
#678 = CARTESIAN_POINT('',(3.199182351718,-1.01350176581,1.269338405373)
  );
#679 = CARTESIAN_POINT('',(3.189749034566,-1.036275808073,1.269338405373
    ));
#680 = ADVANCED_FACE('',(#681),#737,.F.);
#681 = FACE_BOUND('',#682,.F.);
#682 = EDGE_LOOP('',(#683,#692,#693,#702));
#683 = ORIENTED_EDGE('',*,*,#684,.F.);
#684 = EDGE_CURVE('',#453,#685,#687,.T.);
#685 = VERTEX_POINT('',#686);
#686 = CARTESIAN_POINT('',(3.235446538439,-0.925952274181,1.930661594627
    ));
#687 = CIRCLE('',#688,0.485412195974);
#688 = AXIS2_PLACEMENT_3D('',#689,#690,#691);
#689 = CARTESIAN_POINT('',(3.563765702719,-1.061946524813,1.6));
#690 = DIRECTION('',(0.382683432365,0.923879532511,2.775557561563E-17));
#691 = DIRECTION('',(-0.523404384043,0.216801194476,-0.824041924199));
#692 = ORIENTED_EDGE('',*,*,#467,.T.);
#693 = ORIENTED_EDGE('',*,*,#694,.T.);
#694 = EDGE_CURVE('',#468,#695,#697,.T.);
#695 = VERTEX_POINT('',#696);
#696 = CARTESIAN_POINT('',(3.235446538439,0.925952274181,1.930661594627)
  );
#697 = CIRCLE('',#698,0.485412195974);
#698 = AXIS2_PLACEMENT_3D('',#699,#700,#701);
#699 = CARTESIAN_POINT('',(3.563765702719,1.061946524813,1.6));
#700 = DIRECTION('',(-0.382683432365,0.923879532511,-2.775557561563E-17)
  );
#701 = DIRECTION('',(-0.523404384043,-0.216801194476,-0.824041924199));
#702 = ORIENTED_EDGE('',*,*,#703,.F.);
#703 = EDGE_CURVE('',#685,#695,#704,.T.);
#704 = B_SPLINE_CURVE_WITH_KNOTS('',11,(#705,#706,#707,#708,#709,#710,
    #711,#712,#713,#714,#715,#716,#717,#718,#719,#720,#721,#722,#723,
    #724,#725,#726,#727,#728,#729,#730,#731,#732,#733,#734,#735,#736),
  .UNSPECIFIED.,.F.,.F.,(12,10,10,12),(-0.585615641583,
    2.901255980386E-15,13.744467859455,14.330083501039),.UNSPECIFIED.);
#705 = CARTESIAN_POINT('',(3.459551942206,-0.384913969004,1.930661594627
    ));
#706 = CARTESIAN_POINT('',(3.438387116582,-0.43601037807,1.930661594627)
  );
#707 = CARTESIAN_POINT('',(3.417380612378,-0.486724565418,1.930661594627
    ));
#708 = CARTESIAN_POINT('',(3.396532429594,-0.537056531046,1.930661594627
    ));
#709 = CARTESIAN_POINT('',(3.37584256823,-0.587006274955,1.930661594627)
  );
#710 = CARTESIAN_POINT('',(3.355311028286,-0.636573797145,1.930661594627
    ));
#711 = CARTESIAN_POINT('',(3.334937809762,-0.685759097616,1.930661594627
    ));
#712 = CARTESIAN_POINT('',(3.314722912657,-0.734562176367,1.930661594627
    ));
#713 = CARTESIAN_POINT('',(3.294666336973,-0.782983033399,1.930661594627
    ));
#714 = CARTESIAN_POINT('',(3.274768082708,-0.831021668713,1.930661594627
    ));
#715 = CARTESIAN_POINT('',(3.255028149863,-0.878678082306,1.930661594627
    ));
#716 = CARTESIAN_POINT('',(2.775863819411,-2.03548310749,1.930661594627)
  );
#717 = CARTESIAN_POINT('',(1.704091980563,-2.912929929979,1.930661579303
    ));
#718 = CARTESIAN_POINT('',(0.134360577617,-3.15228097909,1.930661626176)
  );
#719 = CARTESIAN_POINT('',(-1.395396108631,-2.426388868523,
    1.930661560267));
#720 = CARTESIAN_POINT('',(-2.473728053045,-1.026234168191,
    1.930661609113));
#721 = CARTESIAN_POINT('',(-2.473728053056,1.026234168191,1.930661609123
    ));
#722 = CARTESIAN_POINT('',(-1.395396108622,2.426388868523,1.93066156026)
  );
#723 = CARTESIAN_POINT('',(0.134360577613,3.15228097909,1.93066162618));
#724 = CARTESIAN_POINT('',(1.704091980565,2.912929929979,1.930661579301)
  );
#725 = CARTESIAN_POINT('',(2.775863819411,2.03548310749,1.930661594627)
  );
#726 = CARTESIAN_POINT('',(3.255028149863,0.878678082306,1.930661594627)
  );
#727 = CARTESIAN_POINT('',(3.274768082708,0.831021668713,1.930661594627)
  );
#728 = CARTESIAN_POINT('',(3.294666336973,0.782983033399,1.930661594627)
  );
#729 = CARTESIAN_POINT('',(3.314722912657,0.734562176367,1.930661594627)
  );
#730 = CARTESIAN_POINT('',(3.334937809762,0.685759097616,1.930661594627)
  );
#731 = CARTESIAN_POINT('',(3.355311028286,0.636573797145,1.930661594627)
  );
#732 = CARTESIAN_POINT('',(3.37584256823,0.587006274955,1.930661594627)
  );
#733 = CARTESIAN_POINT('',(3.396532429594,0.537056531046,1.930661594627)
  );
#734 = CARTESIAN_POINT('',(3.417380612378,0.486724565418,1.930661594627)
  );
#735 = CARTESIAN_POINT('',(3.438387116582,0.436010378071,1.930661594627)
  );
#736 = CARTESIAN_POINT('',(3.459551942206,0.384913969004,1.930661594627)
  );
#737 = SURFACE_OF_REVOLUTION('',#738,#743);
#738 = CIRCLE('',#739,0.485412195974);
#739 = AXIS2_PLACEMENT_3D('',#740,#741,#742);
#740 = CARTESIAN_POINT('',(3.563765702719,-1.061946524813,1.6));
#741 = DIRECTION('',(0.382683432365,0.923879532511,0.));
#742 = DIRECTION('',(-0.523404384043,0.216801194476,-0.824041924199));
#743 = AXIS1_PLACEMENT('',#744,#745);
#744 = CARTESIAN_POINT('',(1.,0.,0.));
#745 = DIRECTION('',(0.,0.,-1.));
#746 = ADVANCED_FACE('',(#747),#855,.F.);
#747 = FACE_BOUND('',#748,.F.);
#748 = EDGE_LOOP('',(#749,#768,#769,#770,#771,#790,#801,#820,#827,#846)
  );
#749 = ORIENTED_EDGE('',*,*,#750,.F.);
#750 = EDGE_CURVE('',#695,#751,#753,.T.);
#751 = VERTEX_POINT('',#752);
#752 = CARTESIAN_POINT('',(3.40667978278,0.25,1.930661594627));
#753 = B_SPLINE_CURVE_WITH_KNOTS('',5,(#754,#755,#756,#757,#758,#759,
    #760,#761,#762,#763,#764,#765,#766,#767),.UNSPECIFIED.,.F.,.F.,(6,4,
    4,6),(-0.119413470026,-1.353371911203E-07,1.96349554383,
    2.08290869425),.UNSPECIFIED.);
#754 = CARTESIAN_POINT('',(3.189749034566,1.036275808073,1.930661594627)
  );
#755 = CARTESIAN_POINT('',(3.199182355483,1.013501756721,1.930661594627)
  );
#756 = CARTESIAN_POINT('',(3.20846876641,0.991082377458,1.930661594627)
  );
#757 = CARTESIAN_POINT('',(3.217608267348,0.969017670284,1.930661594627)
  );
#758 = CARTESIAN_POINT('',(3.226600858298,0.9473076352,1.930661594627));
#759 = CARTESIAN_POINT('',(3.380894753976,0.574809218729,1.930661594627)
  );
#760 = CARTESIAN_POINT('',(3.457413628123,0.195110560338,1.930661594627)
  );
#761 = CARTESIAN_POINT('',(3.457414134116,-0.1951093668,1.930661594627)
  );
#762 = CARTESIAN_POINT('',(3.380895040325,-0.574808527422,1.930661594627
    ));
#763 = CARTESIAN_POINT('',(3.226600854533,-0.947307644289,1.930661594627
    ));
#764 = CARTESIAN_POINT('',(3.217608261701,-0.969017683918,1.930661594627
    ));
#765 = CARTESIAN_POINT('',(3.208468760763,-0.991082391091,1.930661594627
    ));
#766 = CARTESIAN_POINT('',(3.199182351718,-1.01350176581,1.930661594627)
  );
#767 = CARTESIAN_POINT('',(3.189749034566,-1.036275808073,1.930661594627
    ));
#768 = ORIENTED_EDGE('',*,*,#694,.F.);
#769 = ORIENTED_EDGE('',*,*,#619,.T.);
#770 = ORIENTED_EDGE('',*,*,#684,.T.);
#771 = ORIENTED_EDGE('',*,*,#772,.F.);
#772 = EDGE_CURVE('',#773,#685,#775,.T.);
#773 = VERTEX_POINT('',#774);
#774 = CARTESIAN_POINT('',(3.406679829997,-0.25,1.930661594627));
#775 = B_SPLINE_CURVE_WITH_KNOTS('',5,(#776,#777,#778,#779,#780,#781,
    #782,#783,#784,#785,#786,#787,#788,#789),.UNSPECIFIED.,.F.,.F.,(6,4,
    4,6),(-0.119413470026,-1.353371911203E-07,1.96349554383,
    2.08290869425),.UNSPECIFIED.);
#776 = CARTESIAN_POINT('',(3.189749034566,1.036275808073,1.930661594627)
  );
#777 = CARTESIAN_POINT('',(3.199182355483,1.013501756721,1.930661594627)
  );
#778 = CARTESIAN_POINT('',(3.20846876641,0.991082377458,1.930661594627)
  );
#779 = CARTESIAN_POINT('',(3.217608267348,0.969017670284,1.930661594627)
  );
#780 = CARTESIAN_POINT('',(3.226600858298,0.9473076352,1.930661594627));
#781 = CARTESIAN_POINT('',(3.380894753976,0.574809218729,1.930661594627)
  );
#782 = CARTESIAN_POINT('',(3.457413628123,0.195110560338,1.930661594627)
  );
#783 = CARTESIAN_POINT('',(3.457414134116,-0.1951093668,1.930661594627)
  );
#784 = CARTESIAN_POINT('',(3.380895040325,-0.574808527422,1.930661594627
    ));
#785 = CARTESIAN_POINT('',(3.226600854533,-0.947307644289,1.930661594627
    ));
#786 = CARTESIAN_POINT('',(3.217608261701,-0.969017683918,1.930661594627
    ));
#787 = CARTESIAN_POINT('',(3.208468760763,-0.991082391091,1.930661594627
    ));
#788 = CARTESIAN_POINT('',(3.199182351718,-1.01350176581,1.930661594627)
  );
#789 = CARTESIAN_POINT('',(3.189749034566,-1.036275808073,1.930661594627
    ));
#790 = ORIENTED_EDGE('',*,*,#791,.F.);
#791 = EDGE_CURVE('',#792,#773,#794,.T.);
#792 = VERTEX_POINT('',#793);
#793 = CARTESIAN_POINT('',(3.299471489861,-0.25,1.749));
#794 = B_SPLINE_CURVE_WITH_KNOTS('',5,(#795,#796,#797,#798,#799,#800),
  .UNSPECIFIED.,.F.,.F.,(6,6),(0.,1.),.PIECEWISE_BEZIER_KNOTS.);
#795 = CARTESIAN_POINT('',(3.299471489861,-0.25,1.749));
#796 = CARTESIAN_POINT('',(3.312587202196,-0.25,1.789427365424));
#797 = CARTESIAN_POINT('',(3.33014872115,-0.25,1.828424172249));
#798 = CARTESIAN_POINT('',(3.351941636815,-0.25,1.865341021624));
#799 = CARTESIAN_POINT('',(3.377608548406,-0.25,1.899584994083));
#800 = CARTESIAN_POINT('',(3.40668024473,-0.25,1.930661807849));
#801 = ORIENTED_EDGE('',*,*,#802,.T.);
#802 = EDGE_CURVE('',#792,#803,#805,.T.);
#803 = VERTEX_POINT('',#804);
#804 = CARTESIAN_POINT('',(3.299999782609,-1.E-03,1.5));
#805 = B_SPLINE_CURVE_WITH_KNOTS('',7,(#806,#807,#808,#809,#810,#811,
    #812,#813,#814,#815,#816,#817,#818,#819),.UNSPECIFIED.,.F.,.F.,(8,6,
    8),(0.,0.656899903514,1.),.UNSPECIFIED.);
#806 = CARTESIAN_POINT('',(3.299471489861,-0.25,1.749));
#807 = CARTESIAN_POINT('',(3.288903887063,-0.25,1.716426818984));
#808 = CARTESIAN_POINT('',(3.281699509879,-0.245028477564,1.683385522006
    ));
#809 = CARTESIAN_POINT('',(3.278045828963,-0.234830048078,1.650728113424
    ));
#810 = CARTESIAN_POINT('',(3.277713110475,-0.219290375561,1.619367410059
    ));
#811 = CARTESIAN_POINT('',(3.280087341319,-0.198436579318,1.590251266333
    ));
#812 = CARTESIAN_POINT('',(3.284149886785,-0.172302430004,1.564384728938
    ));
#813 = CARTESIAN_POINT('',(3.29090216963,-0.124770531607,1.532041582647)
  );
#814 = CARTESIAN_POINT('',(3.293310489781,-0.107148532185,1.522255641965
    ));
#815 = CARTESIAN_POINT('',(3.295638205192,-8.813505246606E-02,
    1.513869244735));
#816 = CARTESIAN_POINT('',(3.297696231285,-6.772624403228E-02,
    1.507131244826));
#817 = CARTESIAN_POINT('',(3.2992147289,-4.608658790058E-02,
    1.502401965702));
#818 = CARTESIAN_POINT('',(3.299989938095,-2.364237892977E-02,1.5));
#819 = CARTESIAN_POINT('',(3.299999782609,-1.E-03,1.5));
#820 = ORIENTED_EDGE('',*,*,#821,.T.);
#821 = EDGE_CURVE('',#803,#822,#824,.T.);
#822 = VERTEX_POINT('',#823);
#823 = CARTESIAN_POINT('',(3.299999782609,9.999999999998E-04,1.5));
#824 = B_SPLINE_CURVE_WITH_KNOTS('',1,(#825,#826),.UNSPECIFIED.,.F.,.F.,
  (2,2),(0.,1.),.PIECEWISE_BEZIER_KNOTS.);
#825 = CARTESIAN_POINT('',(3.299999782609,-1.E-03,1.5));
#826 = CARTESIAN_POINT('',(3.299999782609,9.999999999998E-04,1.5));
#827 = ORIENTED_EDGE('',*,*,#828,.T.);
#828 = EDGE_CURVE('',#822,#829,#831,.T.);
#829 = VERTEX_POINT('',#830);
#830 = CARTESIAN_POINT('',(3.299471489861,0.25,1.749));
#831 = B_SPLINE_CURVE_WITH_KNOTS('',7,(#832,#833,#834,#835,#836,#837,
    #838,#839,#840,#841,#842,#843,#844,#845),.UNSPECIFIED.,.F.,.F.,(8,6,
    8),(0.,0.343710672019,1.),.UNSPECIFIED.);
#832 = CARTESIAN_POINT('',(3.299999782609,9.999999999997E-04,1.5));
#833 = CARTESIAN_POINT('',(3.299989920585,2.368265119001E-02,1.5));
#834 = CARTESIAN_POINT('',(3.299211971008,4.616604948054E-02,
    1.502410516981));
#835 = CARTESIAN_POINT('',(3.297688162784,6.784108201107E-02,
    1.507156358887));
#836 = CARTESIAN_POINT('',(3.295623636424,8.827968087268E-02,
    1.513916973069));
#837 = CARTESIAN_POINT('',(3.293289812594,0.10731720987,1.522330091337)
  );
#838 = CARTESIAN_POINT('',(3.290876523628,0.124958092937,1.532145912779)
  );
#839 = CARTESIAN_POINT('',(3.284127396232,0.172447200062,1.564528141918)
  );
#840 = CARTESIAN_POINT('',(3.280076399241,0.198532790636,1.590385718193)
  );
#841 = CARTESIAN_POINT('',(3.277714368661,0.21934776166,1.619483238628)
  );
#842 = CARTESIAN_POINT('',(3.278055943653,0.234858301632,1.650818612401)
  );
#843 = CARTESIAN_POINT('',(3.281712830825,0.245037663177,1.683446586849)
  );
#844 = CARTESIAN_POINT('',(3.288913652378,0.25,1.716456919224));
#845 = CARTESIAN_POINT('',(3.299471489861,0.25,1.749));
#846 = ORIENTED_EDGE('',*,*,#847,.T.);
#847 = EDGE_CURVE('',#829,#751,#848,.T.);
#848 = B_SPLINE_CURVE_WITH_KNOTS('',5,(#849,#850,#851,#852,#853,#854),
  .UNSPECIFIED.,.F.,.F.,(6,6),(0.,1.),.PIECEWISE_BEZIER_KNOTS.);
#849 = CARTESIAN_POINT('',(3.299471489861,0.25,1.749));
#850 = CARTESIAN_POINT('',(3.312587202196,0.25,1.789427365424));
#851 = CARTESIAN_POINT('',(3.33014872115,0.25,1.828424172249));
#852 = CARTESIAN_POINT('',(3.351941636815,0.25,1.865341021624));
#853 = CARTESIAN_POINT('',(3.377608548406,0.25,1.899584994083));
#854 = CARTESIAN_POINT('',(3.40668024473,0.25,1.930661807849));
#855 = SURFACE_OF_REVOLUTION('',#856,#861);
#856 = CIRCLE('',#857,0.485412195974);
#857 = AXIS2_PLACEMENT_3D('',#858,#859,#860);
#858 = CARTESIAN_POINT('',(3.563765702719,1.061946524813,1.6));
#859 = DIRECTION('',(-0.382683432365,0.923879532511,0.));
#860 = DIRECTION('',(-0.523404384043,-0.216801194476,-0.824041924199));
#861 = AXIS1_PLACEMENT('',#862,#863);
#862 = CARTESIAN_POINT('',(1.,0.,0.));
#863 = DIRECTION('',(0.,0.,-1.));
#864 = ADVANCED_FACE('',(#865),#933,.T.);
#865 = FACE_BOUND('',#866,.T.);
#866 = EDGE_LOOP('',(#867,#882,#919,#932));
#867 = ORIENTED_EDGE('',*,*,#868,.T.);
#868 = EDGE_CURVE('',#685,#869,#871,.T.);
#869 = VERTEX_POINT('',#870);
#870 = CARTESIAN_POINT('',(3.309698831278,-0.956708580913,2.135020857149
    ));
#871 = B_SPLINE_CURVE_WITH_KNOTS('',5,(#872,#873,#874,#875,#876,#877,
    #878,#879,#880,#881),.UNSPECIFIED.,.F.,.F.,(6,4,6),(0.,0.5,1.),
  .UNSPECIFIED.);
#872 = CARTESIAN_POINT('',(3.235446538439,-0.925952274181,1.930661594627
    ));
#873 = CARTESIAN_POINT('',(3.249271815997,-0.93167889165,1.946744172007)
  );
#874 = CARTESIAN_POINT('',(3.261973435419,-0.936940074678,1.964470589246
    ));
#875 = CARTESIAN_POINT('',(3.273234543788,-0.941604578492,1.9836790636)
  );
#876 = CARTESIAN_POINT('',(3.282778034968,-0.945557621971,2.004056935692
    ));
#877 = CARTESIAN_POINT('',(3.298159251937,-0.951928730645,2.046389556494
    ));
#878 = CARTESIAN_POINT('',(3.303997166347,-0.95434687397,2.068344824333)
  );
#879 = CARTESIAN_POINT('',(3.307841659805,-0.955939315301,2.090710414983
    ));
#880 = CARTESIAN_POINT('',(3.30969883117,-0.956708580868,2.113053113924)
  );
#881 = CARTESIAN_POINT('',(3.309698831278,-0.956708580913,2.135020857149
    ));
#882 = ORIENTED_EDGE('',*,*,#883,.T.);
#883 = EDGE_CURVE('',#869,#884,#886,.T.);
#884 = VERTEX_POINT('',#885);
#885 = CARTESIAN_POINT('',(3.309698831278,0.956708580913,2.135020857149)
  );
#886 = B_SPLINE_CURVE_WITH_KNOTS('',11,(#887,#888,#889,#890,#891,#892,
    #893,#894,#895,#896,#897,#898,#899,#900,#901,#902,#903,#904,#905,
    #906,#907,#908,#909,#910,#911,#912,#913,#914,#915,#916,#917,#918),
  .UNSPECIFIED.,.F.,.F.,(12,10,10,12),(-0.585615641583,
    2.901255980386E-15,13.744467859455,14.330083501039),.UNSPECIFIED.);
#887 = CARTESIAN_POINT('',(3.533804235046,-0.415670275735,2.135020857149
    ));
#888 = CARTESIAN_POINT('',(3.513289829604,-0.465196431576,2.135020857149
    ));
#889 = CARTESIAN_POINT('',(3.492803661547,-0.514654416342,2.135020857149
    ));
#890 = CARTESIAN_POINT('',(3.472345730872,-0.564044230035,2.135020857149
    ));
#891 = CARTESIAN_POINT('',(3.451916037581,-0.613365872653,2.135020857149
    ));
#892 = CARTESIAN_POINT('',(3.431514581673,-0.662619344198,2.135020857149
    ));
#893 = CARTESIAN_POINT('',(3.411141363149,-0.711804644669,2.135020857149
    ));
#894 = CARTESIAN_POINT('',(3.390796382008,-0.760921774065,2.135020857149
    ));
#895 = CARTESIAN_POINT('',(3.370479638251,-0.809970732388,2.135020857149
    ));
#896 = CARTESIAN_POINT('',(3.350191131876,-0.858951519637,2.135020857149
    ));
#897 = CARTESIAN_POINT('',(3.329930862886,-0.907864135812,2.135020857149
    ));
#898 = CARTESIAN_POINT('',(2.834850674205,-2.103093441788,2.135020857149
    ));
#899 = CARTESIAN_POINT('',(1.727586252495,-3.009448724487,2.135020937091
    ));
#900 = CARTESIAN_POINT('',(0.10585501195,-3.257464103805,2.135020692567)
  );
#901 = CARTESIAN_POINT('',(-1.475741298782,-2.5067600004,2.135021036405)
  );
#902 = CARTESIAN_POINT('',(-2.588653308495,-1.059860959899,
    2.135020781556));
#903 = CARTESIAN_POINT('',(-2.588653308509,1.059860959899,2.135020781567
    ));
#904 = CARTESIAN_POINT('',(-1.475741298771,2.5067600004,2.135021036396)
  );
#905 = CARTESIAN_POINT('',(0.105855011945,3.257464103806,2.135020692572)
  );
#906 = CARTESIAN_POINT('',(1.727586252497,3.009448724487,2.135020937089)
  );
#907 = CARTESIAN_POINT('',(2.834850674204,2.103093441788,2.135020857149)
  );
#908 = CARTESIAN_POINT('',(3.329930862886,0.907864135812,2.135020857149)
  );
#909 = CARTESIAN_POINT('',(3.350191131876,0.858951519637,2.135020857149)
  );
#910 = CARTESIAN_POINT('',(3.370479638251,0.809970732388,2.135020857149)
  );
#911 = CARTESIAN_POINT('',(3.390796382008,0.760921774065,2.135020857149)
  );
#912 = CARTESIAN_POINT('',(3.411141363149,0.711804644669,2.135020857149)
  );
#913 = CARTESIAN_POINT('',(3.431514581673,0.662619344198,2.135020857149)
  );
#914 = CARTESIAN_POINT('',(3.451916037581,0.613365872653,2.135020857149)
  );
#915 = CARTESIAN_POINT('',(3.472345730872,0.564044230035,2.135020857149)
  );
#916 = CARTESIAN_POINT('',(3.492803661547,0.514654416342,2.135020857149)
  );
#917 = CARTESIAN_POINT('',(3.513289829605,0.465196431576,2.135020857149)
  );
#918 = CARTESIAN_POINT('',(3.533804235046,0.415670275736,2.135020857149)
  );
#919 = ORIENTED_EDGE('',*,*,#920,.F.);
#920 = EDGE_CURVE('',#695,#884,#921,.T.);
#921 = B_SPLINE_CURVE_WITH_KNOTS('',5,(#922,#923,#924,#925,#926,#927,
    #928,#929,#930,#931),.UNSPECIFIED.,.F.,.F.,(6,4,6),(0.,0.5,1.),
  .UNSPECIFIED.);
#922 = CARTESIAN_POINT('',(3.235446538439,0.925952274181,1.930661594627)
  );
#923 = CARTESIAN_POINT('',(3.249271815997,0.93167889165,1.946744172007)
  );
#924 = CARTESIAN_POINT('',(3.261973435419,0.936940074678,1.964470589246)
  );
#925 = CARTESIAN_POINT('',(3.273234543788,0.941604578492,1.9836790636));
#926 = CARTESIAN_POINT('',(3.282778034968,0.945557621971,2.004056935692)
  );
#927 = CARTESIAN_POINT('',(3.298159251937,0.951928730645,2.046389556494)
  );
#928 = CARTESIAN_POINT('',(3.303997166347,0.95434687397,2.068344824333)
  );
#929 = CARTESIAN_POINT('',(3.307841659805,0.955939315301,2.090710414983)
  );
#930 = CARTESIAN_POINT('',(3.30969883117,0.956708580868,2.113053113924)
  );
#931 = CARTESIAN_POINT('',(3.309698831278,0.956708580913,2.135020857149)
  );
#932 = ORIENTED_EDGE('',*,*,#703,.F.);
#933 = ( BOUNDED_SURFACE() B_SPLINE_SURFACE(2,11,(
    (#934,#935,#936,#937,#938,#939,#940,#941,#942,#943,#944,#945,#946
      ,#947,#948,#949,#950,#951,#952,#953,#954,#955,#956,#957,#958,#959
      ,#960,#961,#962,#963,#964,#965)
    ,(#966,#967,#968,#969,#970,#971,#972,#973,#974,#975,#976,#977,#978
      ,#979,#980,#981,#982,#983,#984,#985,#986,#987,#988,#989,#990,#991
      ,#992,#993,#994,#995,#996,#997)
    ,(#998,#999,#1000,#1001,#1002,#1003,#1004,#1005,#1006,#1007,#1008
      ,#1009,#1010,#1011,#1012,#1013,#1014,#1015,#1016,#1017,#1018,#1019
      ,#1020,#1021,#1022,#1023,#1024,#1025,#1026,#1027,#1028,#1029
)),.UNSPECIFIED.,.F.,.F.,.F.) B_SPLINE_SURFACE_WITH_KNOTS((3,3),(12,10,
    10,12),(0.,13.744467859455),(-0.585615641583,2.901255980386E-15,
    13.744467859455,14.330083501039),.UNSPECIFIED.) 
GEOMETRIC_REPRESENTATION_ITEM() RATIONAL_B_SPLINE_SURFACE((
    (1.,1.,1.,1.,1.,1.,1.,1.,1.,1.,1.,1.,1.,1.,1.,1.,1.,1.,1.,1.,1.,1.
      ,1.,1.,1.,1.,1.,1.,1.,1.,1.,1.)
    ,(0.93061798229,0.93061798229,0.93061798229,0.93061798229
      ,0.93061798229,0.93061798229,0.93061798229,0.93061798229
      ,0.93061798229,0.93061798229,0.93061798229,0.93061798229
      ,0.930617902914,0.930618145705,0.930617804307,0.93061805734
      ,0.930618057345,0.930617804303,0.930618145707,0.930617902913
      ,0.93061798229,0.93061798229,0.93061798229,0.93061798229
      ,0.93061798229,0.93061798229,0.93061798229,0.93061798229
      ,0.93061798229,0.93061798229,0.93061798229,0.93061798229)
    ,(1.,1.,1.,1.,1.,1.,1.,1.,1.,1.,1.,1.,1.,1.,1.,1.,1.,1.,1.,1.,1.,1.
,1.,1.,1.,1.,1.,1.,1.,1.,1.,1.))) REPRESENTATION_ITEM('') SURFACE() );
#934 = CARTESIAN_POINT('',(3.459551942206,-0.384913969004,1.930661594627
    ));
#935 = CARTESIAN_POINT('',(3.438387116582,-0.43601037807,1.930661594627)
  );
#936 = CARTESIAN_POINT('',(3.417380612378,-0.486724565418,1.930661594627
    ));
#937 = CARTESIAN_POINT('',(3.396532429594,-0.537056531046,1.930661594627
    ));
#938 = CARTESIAN_POINT('',(3.37584256823,-0.587006274955,1.930661594627)
  );
#939 = CARTESIAN_POINT('',(3.355311028286,-0.636573797145,1.930661594627
    ));
#940 = CARTESIAN_POINT('',(3.334937809762,-0.685759097616,1.930661594627
    ));
#941 = CARTESIAN_POINT('',(3.314722912657,-0.734562176367,1.930661594627
    ));
#942 = CARTESIAN_POINT('',(3.294666336973,-0.782983033399,1.930661594627
    ));
#943 = CARTESIAN_POINT('',(3.274768082708,-0.831021668713,1.930661594627
    ));
#944 = CARTESIAN_POINT('',(3.255028149863,-0.878678082306,1.930661594627
    ));
#945 = CARTESIAN_POINT('',(2.775863819411,-2.03548310749,1.930661594627)
  );
#946 = CARTESIAN_POINT('',(1.704091980563,-2.912929929979,1.930661579303
    ));
#947 = CARTESIAN_POINT('',(0.134360577617,-3.15228097909,1.930661626176)
  );
#948 = CARTESIAN_POINT('',(-1.395396108631,-2.426388868523,
    1.930661560267));
#949 = CARTESIAN_POINT('',(-2.473728053045,-1.026234168191,
    1.930661609113));
#950 = CARTESIAN_POINT('',(-2.473728053056,1.026234168191,1.930661609123
    ));
#951 = CARTESIAN_POINT('',(-1.395396108622,2.426388868523,1.93066156026)
  );
#952 = CARTESIAN_POINT('',(0.134360577613,3.15228097909,1.93066162618));
#953 = CARTESIAN_POINT('',(1.704091980565,2.912929929979,1.930661579301)
  );
#954 = CARTESIAN_POINT('',(2.775863819411,2.03548310749,1.930661594627)
  );
#955 = CARTESIAN_POINT('',(3.255028149863,0.878678082306,1.930661594627)
  );
#956 = CARTESIAN_POINT('',(3.274768082708,0.831021668713,1.930661594627)
  );
#957 = CARTESIAN_POINT('',(3.294666336973,0.782983033399,1.930661594627)
  );
#958 = CARTESIAN_POINT('',(3.314722912657,0.734562176367,1.930661594627)
  );
#959 = CARTESIAN_POINT('',(3.334937809762,0.685759097616,1.930661594627)
  );
#960 = CARTESIAN_POINT('',(3.355311028286,0.636573797145,1.930661594627)
  );
#961 = CARTESIAN_POINT('',(3.37584256823,0.587006274955,1.930661594627)
  );
#962 = CARTESIAN_POINT('',(3.396532429594,0.537056531046,1.930661594627)
  );
#963 = CARTESIAN_POINT('',(3.417380612378,0.486724565418,1.930661594627)
  );
#964 = CARTESIAN_POINT('',(3.438387116582,0.436010378071,1.930661594627)
  );
#965 = CARTESIAN_POINT('',(3.459551942206,0.384913969004,1.930661594627)
  );
#966 = CARTESIAN_POINT('',(3.533804235046,-0.415670275735,2.017037309501
    ));
#967 = CARTESIAN_POINT('',(3.513289829604,-0.465196431576,2.017037309501
    ));
#968 = CARTESIAN_POINT('',(3.492803661547,-0.514654416342,2.017037309501
    ));
#969 = CARTESIAN_POINT('',(3.472345730872,-0.564044230035,2.017037309501
    ));
#970 = CARTESIAN_POINT('',(3.451916037581,-0.613365872653,2.017037309501
    ));
#971 = CARTESIAN_POINT('',(3.431514581673,-0.662619344198,2.017037309501
    ));
#972 = CARTESIAN_POINT('',(3.411141363149,-0.711804644669,2.017037309501
    ));
#973 = CARTESIAN_POINT('',(3.390796382008,-0.760921774065,2.017037309501
    ));
#974 = CARTESIAN_POINT('',(3.37047963825,-0.809970732388,2.017037309501)
  );
#975 = CARTESIAN_POINT('',(3.350191131876,-0.858951519637,2.017037309501
    ));
#976 = CARTESIAN_POINT('',(3.329930862886,-0.907864135812,2.017037309501
    ));
#977 = CARTESIAN_POINT('',(2.834850674205,-2.103093441788,2.017037309501
    ));
#978 = CARTESIAN_POINT('',(1.727586214542,-3.009448936944,2.017037314315
    ));
#979 = CARTESIAN_POINT('',(0.105855341319,-3.257463206685,2.01703729959)
  );
#980 = CARTESIAN_POINT('',(-1.475741895236,-2.506761759151,
    2.017037320295));
#981 = CARTESIAN_POINT('',(-2.588652975413,-1.05985863781,2.017037304949
    ));
#982 = CARTESIAN_POINT('',(-2.58865297541,1.059858637805,2.017037304949)
  );
#983 = CARTESIAN_POINT('',(-1.475741895234,2.506761759161,2.017037320295
    ));
#984 = CARTESIAN_POINT('',(0.105855341315,3.257463206678,2.01703729959)
  );
#985 = CARTESIAN_POINT('',(1.727586214545,3.009448936946,2.017037314315)
  );
#986 = CARTESIAN_POINT('',(2.834850674204,2.103093441787,2.017037309501)
  );
#987 = CARTESIAN_POINT('',(3.329930862886,0.907864135812,2.017037309501)
  );
#988 = CARTESIAN_POINT('',(3.350191131876,0.858951519637,2.017037309501)
  );
#989 = CARTESIAN_POINT('',(3.370479638251,0.809970732388,2.017037309501)
  );
#990 = CARTESIAN_POINT('',(3.390796382008,0.760921774065,2.017037309501)
  );
#991 = CARTESIAN_POINT('',(3.411141363149,0.711804644669,2.017037309501)
  );
#992 = CARTESIAN_POINT('',(3.431514581674,0.662619344198,2.017037309501)
  );
#993 = CARTESIAN_POINT('',(3.451916037581,0.613365872653,2.017037309501)
  );
#994 = CARTESIAN_POINT('',(3.472345730872,0.564044230035,2.017037309501)
  );
#995 = CARTESIAN_POINT('',(3.492803661547,0.514654416342,2.017037309501)
  );
#996 = CARTESIAN_POINT('',(3.513289829605,0.465196431576,2.017037309501)
  );
#997 = CARTESIAN_POINT('',(3.533804235046,0.415670275736,2.017037309501)
  );
#998 = CARTESIAN_POINT('',(3.533804235046,-0.415670275735,2.135020857149
    ));
#999 = CARTESIAN_POINT('',(3.513289829604,-0.465196431576,2.135020857149
    ));
#1000 = CARTESIAN_POINT('',(3.492803661547,-0.514654416342,
    2.135020857149));
#1001 = CARTESIAN_POINT('',(3.472345730872,-0.564044230035,
    2.135020857149));
#1002 = CARTESIAN_POINT('',(3.451916037581,-0.613365872653,
    2.135020857149));
#1003 = CARTESIAN_POINT('',(3.431514581673,-0.662619344198,
    2.135020857149));
#1004 = CARTESIAN_POINT('',(3.411141363149,-0.711804644669,
    2.135020857149));
#1005 = CARTESIAN_POINT('',(3.390796382008,-0.760921774065,
    2.135020857149));
#1006 = CARTESIAN_POINT('',(3.370479638251,-0.809970732388,
    2.135020857149));
#1007 = CARTESIAN_POINT('',(3.350191131876,-0.858951519637,
    2.135020857149));
#1008 = CARTESIAN_POINT('',(3.329930862886,-0.907864135812,
    2.135020857149));
#1009 = CARTESIAN_POINT('',(2.834850674205,-2.103093441788,
    2.135020857149));
#1010 = CARTESIAN_POINT('',(1.727586252495,-3.009448724487,
    2.135020937091));
#1011 = CARTESIAN_POINT('',(0.10585501195,-3.257464103805,2.135020692567
    ));
#1012 = CARTESIAN_POINT('',(-1.475741298782,-2.5067600004,2.135021036405
    ));
#1013 = CARTESIAN_POINT('',(-2.588653308495,-1.059860959899,
    2.135020781556));
#1014 = CARTESIAN_POINT('',(-2.588653308509,1.059860959899,
    2.135020781567));
#1015 = CARTESIAN_POINT('',(-1.475741298771,2.5067600004,2.135021036396)
  );
#1016 = CARTESIAN_POINT('',(0.105855011945,3.257464103806,2.135020692572
    ));
#1017 = CARTESIAN_POINT('',(1.727586252497,3.009448724487,2.135020937089
    ));
#1018 = CARTESIAN_POINT('',(2.834850674204,2.103093441788,2.135020857149
    ));
#1019 = CARTESIAN_POINT('',(3.329930862886,0.907864135812,2.135020857149
    ));
#1020 = CARTESIAN_POINT('',(3.350191131876,0.858951519637,2.135020857149
    ));
#1021 = CARTESIAN_POINT('',(3.370479638251,0.809970732388,2.135020857149
    ));
#1022 = CARTESIAN_POINT('',(3.390796382008,0.760921774065,2.135020857149
    ));
#1023 = CARTESIAN_POINT('',(3.411141363149,0.711804644669,2.135020857149
    ));
#1024 = CARTESIAN_POINT('',(3.431514581673,0.662619344198,2.135020857149
    ));
#1025 = CARTESIAN_POINT('',(3.451916037581,0.613365872653,2.135020857149
    ));
#1026 = CARTESIAN_POINT('',(3.472345730872,0.564044230035,2.135020857149
    ));
#1027 = CARTESIAN_POINT('',(3.492803661547,0.514654416342,2.135020857149
    ));
#1028 = CARTESIAN_POINT('',(3.513289829605,0.465196431576,2.135020857149
    ));
#1029 = CARTESIAN_POINT('',(3.533804235046,0.415670275736,2.135020857149
    ));
#1030 = ADVANCED_FACE('',(#1031),#1067,.T.);
#1031 = FACE_BOUND('',#1032,.T.);
#1032 = EDGE_LOOP('',(#1033,#1034,#1035,#1054));
#1033 = ORIENTED_EDGE('',*,*,#750,.F.);
#1034 = ORIENTED_EDGE('',*,*,#920,.T.);
#1035 = ORIENTED_EDGE('',*,*,#1036,.T.);
#1036 = EDGE_CURVE('',#884,#1037,#1039,.T.);
#1037 = VERTEX_POINT('',#1038);
#1038 = CARTESIAN_POINT('',(3.487468271461,0.25,2.135020857149));
#1039 = B_SPLINE_CURVE_WITH_KNOTS('',5,(#1040,#1041,#1042,#1043,#1044,
    #1045,#1046,#1047,#1048,#1049,#1050,#1051,#1052,#1053),
  .UNSPECIFIED.,.F.,.F.,(6,4,4,6),(-0.119413470026,-1.353371911203E-07,
    1.96349554383,2.08290869425),.UNSPECIFIED.);
#1040 = CARTESIAN_POINT('',(3.264001325546,1.067032118743,2.135020857149
    ));
#1041 = CARTESIAN_POINT('',(3.273140829292,1.0449674049,2.135020857149)
  );
#1042 = CARTESIAN_POINT('',(3.282280331654,1.0229026944,2.135020857149)
  );
#1043 = CARTESIAN_POINT('',(3.291419832631,1.000837987243,2.135020857149
    ));
#1044 = CARTESIAN_POINT('',(3.300559332224,0.978773283428,2.135020857149
    ));
#1045 = CARTESIAN_POINT('',(3.45997823841,0.593901998977,2.135020857149)
  );
#1046 = CARTESIAN_POINT('',(3.539038746156,0.201591257513,2.135020857149
    ));
#1047 = CARTESIAN_POINT('',(3.539039291386,-0.201589955698,
    2.135020857149));
#1048 = CARTESIAN_POINT('',(3.45997851584,-0.593901329202,2.135020857149
    ));
#1049 = CARTESIAN_POINT('',(3.300559329455,-0.978773290113,
    2.135020857149));
#1050 = CARTESIAN_POINT('',(3.291419828478,-1.00083799727,2.135020857149
    ));
#1051 = CARTESIAN_POINT('',(3.2822803275,-1.022902704428,2.135020857149)
  );
#1052 = CARTESIAN_POINT('',(3.273140826523,-1.044967411585,
    2.135020857149));
#1053 = CARTESIAN_POINT('',(3.264001325546,-1.067032118743,
    2.135020857149));
#1054 = ORIENTED_EDGE('',*,*,#1055,.T.);
#1055 = EDGE_CURVE('',#1037,#751,#1056,.T.);
#1056 = B_SPLINE_CURVE_WITH_KNOTS('',5,(#1057,#1058,#1059,#1060,#1061,
    #1062,#1063,#1064,#1065,#1066),.UNSPECIFIED.,.F.,.F.,(6,4,6),(0.,
    0.48758179705,1.),.UNSPECIFIED.);
#1057 = CARTESIAN_POINT('',(3.487468271461,0.25,2.135020857149));
#1058 = CARTESIAN_POINT('',(3.487468270657,0.25,2.113553317448));
#1059 = CARTESIAN_POINT('',(3.485538793119,0.25,2.091758528998));
#1060 = CARTESIAN_POINT('',(3.481559474663,0.25,2.069958867169));
#1061 = CARTESIAN_POINT('',(3.475526468276,0.25,2.048540658581));
#1062 = CARTESIAN_POINT('',(3.459209148069,0.25,2.006097182303));
#1063 = CARTESIAN_POINT('',(3.448723867052,0.25,1.985147071589));
#1064 = CARTESIAN_POINT('',(3.436260723432,0.25,1.965395047985));
#1065 = CARTESIAN_POINT('',(3.422126648559,0.25,1.947173883242));
#1066 = CARTESIAN_POINT('',(3.40667978278,0.25,1.930661594627));
#1067 = ( BOUNDED_SURFACE() B_SPLINE_SURFACE(2,5,(
    (#1068,#1069,#1070,#1071,#1072,#1073,#1074,#1075,#1076,#1077,#1078
      ,#1079,#1080,#1081)
    ,(#1082,#1083,#1084,#1085,#1086,#1087,#1088,#1089,#1090,#1091,#1092
      ,#1093,#1094,#1095)
    ,(#1096,#1097,#1098,#1099,#1100,#1101,#1102,#1103,#1104,#1105,#1106
      ,#1107,#1108,#1109
)),.UNSPECIFIED.,.F.,.F.,.F.) B_SPLINE_SURFACE_WITH_KNOTS((3,3),(6,4,4,6
    ),(0.,1.963495679168),(-0.119413470026,-1.353371911203E-07,
    1.96349554383,2.08290869425),.UNSPECIFIED.) 
GEOMETRIC_REPRESENTATION_ITEM() RATIONAL_B_SPLINE_SURFACE((
    (1.,1.,1.,1.,1.,1.,1.,1.,1.,1.,1.,1.,1.,1.)
    ,(0.93061798229,0.93061798229,0.93061798229,0.93061798229
      ,0.93061798229,0.93061798229,0.93061798229,0.93061798229
      ,0.93061798229,0.93061798229,0.93061798229,0.93061798229
      ,0.93061798229,0.93061798229)
,(1.,1.,1.,1.,1.,1.,1.,1.,1.,1.,1.,1.,1.,1.
))) REPRESENTATION_ITEM('') SURFACE() );
#1068 = CARTESIAN_POINT('',(3.189749034566,1.036275808073,1.930661594627
    ));
#1069 = CARTESIAN_POINT('',(3.199182355483,1.013501756721,1.930661594627
    ));
#1070 = CARTESIAN_POINT('',(3.20846876641,0.991082377458,1.930661594627)
  );
#1071 = CARTESIAN_POINT('',(3.217608267348,0.969017670284,1.930661594627
    ));
#1072 = CARTESIAN_POINT('',(3.226600858298,0.9473076352,1.930661594627)
  );
#1073 = CARTESIAN_POINT('',(3.380894753976,0.574809218729,1.930661594627
    ));
#1074 = CARTESIAN_POINT('',(3.457413628123,0.195110560338,1.930661594627
    ));
#1075 = CARTESIAN_POINT('',(3.457414134116,-0.1951093668,1.930661594627)
  );
#1076 = CARTESIAN_POINT('',(3.380895040325,-0.574808527422,
    1.930661594627));
#1077 = CARTESIAN_POINT('',(3.226600854533,-0.947307644289,
    1.930661594627));
#1078 = CARTESIAN_POINT('',(3.217608261701,-0.969017683918,
    1.930661594627));
#1079 = CARTESIAN_POINT('',(3.208468760763,-0.991082391091,
    1.930661594627));
#1080 = CARTESIAN_POINT('',(3.199182351718,-1.01350176581,1.930661594627
    ));
#1081 = CARTESIAN_POINT('',(3.189749034566,-1.036275808073,
    1.930661594627));
#1082 = CARTESIAN_POINT('',(3.264001325546,1.067032118743,2.017037309501
    ));
#1083 = CARTESIAN_POINT('',(3.273140829292,1.0449674049,2.017037309501)
  );
#1084 = CARTESIAN_POINT('',(3.282280331654,1.0229026944,2.017037309501)
  );
#1085 = CARTESIAN_POINT('',(3.291419832631,1.000837987243,2.017037309501
    ));
#1086 = CARTESIAN_POINT('',(3.300559332224,0.978773283428,2.017037309501
    ));
#1087 = CARTESIAN_POINT('',(3.45997823841,0.593901998977,2.017037309501)
  );
#1088 = CARTESIAN_POINT('',(3.539038746156,0.201591257513,2.017037309501
    ));
#1089 = CARTESIAN_POINT('',(3.539039291386,-0.201589955698,
    2.017037309501));
#1090 = CARTESIAN_POINT('',(3.45997851584,-0.593901329202,2.017037309501
    ));
#1091 = CARTESIAN_POINT('',(3.300559329455,-0.978773290113,
    2.017037309501));
#1092 = CARTESIAN_POINT('',(3.291419828478,-1.00083799727,2.017037309501
    ));
#1093 = CARTESIAN_POINT('',(3.2822803275,-1.022902704428,2.017037309501)
  );
#1094 = CARTESIAN_POINT('',(3.273140826523,-1.044967411585,
    2.017037309501));
#1095 = CARTESIAN_POINT('',(3.264001325546,-1.067032118743,
    2.017037309501));
#1096 = CARTESIAN_POINT('',(3.264001325546,1.067032118743,2.135020857149
    ));
#1097 = CARTESIAN_POINT('',(3.273140829292,1.0449674049,2.135020857149)
  );
#1098 = CARTESIAN_POINT('',(3.282280331654,1.0229026944,2.135020857149)
  );
#1099 = CARTESIAN_POINT('',(3.291419832631,1.000837987243,2.135020857149
    ));
#1100 = CARTESIAN_POINT('',(3.300559332224,0.978773283428,2.135020857149
    ));
#1101 = CARTESIAN_POINT('',(3.45997823841,0.593901998977,2.135020857149)
  );
#1102 = CARTESIAN_POINT('',(3.539038746156,0.201591257513,2.135020857149
    ));
#1103 = CARTESIAN_POINT('',(3.539039291386,-0.201589955698,
    2.135020857149));
#1104 = CARTESIAN_POINT('',(3.45997851584,-0.593901329202,2.135020857149
    ));
#1105 = CARTESIAN_POINT('',(3.300559329455,-0.978773290113,
    2.135020857149));
#1106 = CARTESIAN_POINT('',(3.291419828478,-1.00083799727,2.135020857149
    ));
#1107 = CARTESIAN_POINT('',(3.2822803275,-1.022902704428,2.135020857149)
  );
#1108 = CARTESIAN_POINT('',(3.273140826523,-1.044967411585,
    2.135020857149));
#1109 = CARTESIAN_POINT('',(3.264001325546,-1.067032118743,
    2.135020857149));
#1110 = ADVANCED_FACE('',(#1111),#1135,.F.);
#1111 = FACE_BOUND('',#1112,.F.);
#1112 = EDGE_LOOP('',(#1113,#1130,#1131,#1132,#1133,#1134));
#1113 = ORIENTED_EDGE('',*,*,#1114,.F.);
#1114 = EDGE_CURVE('',#751,#773,#1115,.T.);
#1115 = B_SPLINE_CURVE_WITH_KNOTS('',5,(#1116,#1117,#1118,#1119,#1120,
    #1121,#1122,#1123,#1124,#1125,#1126,#1127,#1128,#1129),
  .UNSPECIFIED.,.F.,.F.,(6,4,4,6),(-0.119413470026,-1.353371911203E-07,
    1.96349554383,2.08290869425),.UNSPECIFIED.);
#1116 = CARTESIAN_POINT('',(3.189749034566,1.036275808073,1.930661594627
    ));
#1117 = CARTESIAN_POINT('',(3.199182355483,1.013501756721,1.930661594627
    ));
#1118 = CARTESIAN_POINT('',(3.20846876641,0.991082377458,1.930661594627)
  );
#1119 = CARTESIAN_POINT('',(3.217608267348,0.969017670284,1.930661594627
    ));
#1120 = CARTESIAN_POINT('',(3.226600858298,0.9473076352,1.930661594627)
  );
#1121 = CARTESIAN_POINT('',(3.380894753976,0.574809218729,1.930661594627
    ));
#1122 = CARTESIAN_POINT('',(3.457413628123,0.195110560338,1.930661594627
    ));
#1123 = CARTESIAN_POINT('',(3.457414134116,-0.1951093668,1.930661594627)
  );
#1124 = CARTESIAN_POINT('',(3.380895040325,-0.574808527422,
    1.930661594627));
#1125 = CARTESIAN_POINT('',(3.226600854533,-0.947307644289,
    1.930661594627));
#1126 = CARTESIAN_POINT('',(3.217608261701,-0.969017683918,
    1.930661594627));
#1127 = CARTESIAN_POINT('',(3.208468760763,-0.991082391091,
    1.930661594627));
#1128 = CARTESIAN_POINT('',(3.199182351718,-1.01350176581,1.930661594627
    ));
#1129 = CARTESIAN_POINT('',(3.189749034566,-1.036275808073,
    1.930661594627));
#1130 = ORIENTED_EDGE('',*,*,#847,.F.);
#1131 = ORIENTED_EDGE('',*,*,#828,.F.);
#1132 = ORIENTED_EDGE('',*,*,#821,.F.);
#1133 = ORIENTED_EDGE('',*,*,#802,.F.);
#1134 = ORIENTED_EDGE('',*,*,#791,.T.);
#1135 = SURFACE_OF_REVOLUTION('',#1136,#1141);
#1136 = CIRCLE('',#1137,0.485412195974);
#1137 = AXIS2_PLACEMENT_3D('',#1138,#1139,#1140);
#1138 = CARTESIAN_POINT('',(3.563765702719,1.061946524813,1.6));
#1139 = DIRECTION('',(-0.382683432365,0.923879532511,0.));
#1140 = DIRECTION('',(-0.523404384043,-0.216801194476,-0.824041924199));
#1141 = AXIS1_PLACEMENT('',#1142,#1143);
#1142 = CARTESIAN_POINT('',(1.,0.,0.));
#1143 = DIRECTION('',(0.,0.,-1.));
#1144 = ADVANCED_FACE('',(#1145),#1181,.T.);
#1145 = FACE_BOUND('',#1146,.T.);
#1146 = EDGE_LOOP('',(#1147,#1148,#1163,#1180));
#1147 = ORIENTED_EDGE('',*,*,#772,.F.);
#1148 = ORIENTED_EDGE('',*,*,#1149,.F.);
#1149 = EDGE_CURVE('',#1150,#773,#1152,.T.);
#1150 = VERTEX_POINT('',#1151);
#1151 = CARTESIAN_POINT('',(3.487468315832,-0.25,2.135020857149));
#1152 = B_SPLINE_CURVE_WITH_KNOTS('',5,(#1153,#1154,#1155,#1156,#1157,
    #1158,#1159,#1160,#1161,#1162),.UNSPECIFIED.,.F.,.F.,(6,4,6),(0.,
    0.487581797268,1.),.UNSPECIFIED.);
#1153 = CARTESIAN_POINT('',(3.487468315832,-0.25,2.135020857149));
#1154 = CARTESIAN_POINT('',(3.487468315028,-0.25,2.113553317453));
#1155 = CARTESIAN_POINT('',(3.485538837558,-0.25,2.091758529008));
#1156 = CARTESIAN_POINT('',(3.48155951924,-0.25,2.069958867183));
#1157 = CARTESIAN_POINT('',(3.475526513064,-0.25,2.048540658594));
#1158 = CARTESIAN_POINT('',(3.45920919343,-0.25,2.006097182322));
#1159 = CARTESIAN_POINT('',(3.448723912786,-0.25,1.985147071614));
#1160 = CARTESIAN_POINT('',(3.436260769607,-0.25,1.965395048007));
#1161 = CARTESIAN_POINT('',(3.422126695234,-0.25,1.947173883255));
#1162 = CARTESIAN_POINT('',(3.406679829997,-0.25,1.930661594627));
#1163 = ORIENTED_EDGE('',*,*,#1164,.T.);
#1164 = EDGE_CURVE('',#1150,#869,#1165,.T.);
#1165 = B_SPLINE_CURVE_WITH_KNOTS('',5,(#1166,#1167,#1168,#1169,#1170,
    #1171,#1172,#1173,#1174,#1175,#1176,#1177,#1178,#1179),
  .UNSPECIFIED.,.F.,.F.,(6,4,4,6),(-0.119413470026,-1.353371911203E-07,
    1.96349554383,2.08290869425),.UNSPECIFIED.);
#1166 = CARTESIAN_POINT('',(3.264001325546,1.067032118743,2.135020857149
    ));
#1167 = CARTESIAN_POINT('',(3.273140829292,1.0449674049,2.135020857149)
  );
#1168 = CARTESIAN_POINT('',(3.282280331654,1.0229026944,2.135020857149)
  );
#1169 = CARTESIAN_POINT('',(3.291419832631,1.000837987243,2.135020857149
    ));
#1170 = CARTESIAN_POINT('',(3.300559332224,0.978773283428,2.135020857149
    ));
#1171 = CARTESIAN_POINT('',(3.45997823841,0.593901998977,2.135020857149)
  );
#1172 = CARTESIAN_POINT('',(3.539038746156,0.201591257513,2.135020857149
    ));
#1173 = CARTESIAN_POINT('',(3.539039291386,-0.201589955698,
    2.135020857149));
#1174 = CARTESIAN_POINT('',(3.45997851584,-0.593901329202,2.135020857149
    ));
#1175 = CARTESIAN_POINT('',(3.300559329455,-0.978773290113,
    2.135020857149));
#1176 = CARTESIAN_POINT('',(3.291419828478,-1.00083799727,2.135020857149
    ));
#1177 = CARTESIAN_POINT('',(3.2822803275,-1.022902704428,2.135020857149)
  );
#1178 = CARTESIAN_POINT('',(3.273140826523,-1.044967411585,
    2.135020857149));
#1179 = CARTESIAN_POINT('',(3.264001325546,-1.067032118743,
    2.135020857149));
#1180 = ORIENTED_EDGE('',*,*,#868,.F.);
#1181 = ( BOUNDED_SURFACE() B_SPLINE_SURFACE(2,5,(
    (#1182,#1183,#1184,#1185,#1186,#1187,#1188,#1189,#1190,#1191,#1192
      ,#1193,#1194,#1195)
    ,(#1196,#1197,#1198,#1199,#1200,#1201,#1202,#1203,#1204,#1205,#1206
      ,#1207,#1208,#1209)
    ,(#1210,#1211,#1212,#1213,#1214,#1215,#1216,#1217,#1218,#1219,#1220
      ,#1221,#1222,#1223
)),.UNSPECIFIED.,.F.,.F.,.F.) B_SPLINE_SURFACE_WITH_KNOTS((3,3),(6,4,4,6
    ),(0.,1.963495679168),(-0.119413470026,-1.353371911203E-07,
    1.96349554383,2.08290869425),.UNSPECIFIED.) 
GEOMETRIC_REPRESENTATION_ITEM() RATIONAL_B_SPLINE_SURFACE((
    (1.,1.,1.,1.,1.,1.,1.,1.,1.,1.,1.,1.,1.,1.)
    ,(0.93061798229,0.93061798229,0.93061798229,0.93061798229
      ,0.93061798229,0.93061798229,0.93061798229,0.93061798229
      ,0.93061798229,0.93061798229,0.93061798229,0.93061798229
      ,0.93061798229,0.93061798229)
,(1.,1.,1.,1.,1.,1.,1.,1.,1.,1.,1.,1.,1.,1.
))) REPRESENTATION_ITEM('') SURFACE() );
#1182 = CARTESIAN_POINT('',(3.189749034566,1.036275808073,1.930661594627
    ));
#1183 = CARTESIAN_POINT('',(3.199182355483,1.013501756721,1.930661594627
    ));
#1184 = CARTESIAN_POINT('',(3.20846876641,0.991082377458,1.930661594627)
  );
#1185 = CARTESIAN_POINT('',(3.217608267348,0.969017670284,1.930661594627
    ));
#1186 = CARTESIAN_POINT('',(3.226600858298,0.9473076352,1.930661594627)
  );
#1187 = CARTESIAN_POINT('',(3.380894753976,0.574809218729,1.930661594627
    ));
#1188 = CARTESIAN_POINT('',(3.457413628123,0.195110560338,1.930661594627
    ));
#1189 = CARTESIAN_POINT('',(3.457414134116,-0.1951093668,1.930661594627)
  );
#1190 = CARTESIAN_POINT('',(3.380895040325,-0.574808527422,
    1.930661594627));
#1191 = CARTESIAN_POINT('',(3.226600854533,-0.947307644289,
    1.930661594627));
#1192 = CARTESIAN_POINT('',(3.217608261701,-0.969017683918,
    1.930661594627));
#1193 = CARTESIAN_POINT('',(3.208468760763,-0.991082391091,
    1.930661594627));
#1194 = CARTESIAN_POINT('',(3.199182351718,-1.01350176581,1.930661594627
    ));
#1195 = CARTESIAN_POINT('',(3.189749034566,-1.036275808073,
    1.930661594627));
#1196 = CARTESIAN_POINT('',(3.264001325546,1.067032118743,2.017037309501
    ));
#1197 = CARTESIAN_POINT('',(3.273140829292,1.0449674049,2.017037309501)
  );
#1198 = CARTESIAN_POINT('',(3.282280331654,1.0229026944,2.017037309501)
  );
#1199 = CARTESIAN_POINT('',(3.291419832631,1.000837987243,2.017037309501
    ));
#1200 = CARTESIAN_POINT('',(3.300559332224,0.978773283428,2.017037309501
    ));
#1201 = CARTESIAN_POINT('',(3.45997823841,0.593901998977,2.017037309501)
  );
#1202 = CARTESIAN_POINT('',(3.539038746156,0.201591257513,2.017037309501
    ));
#1203 = CARTESIAN_POINT('',(3.539039291386,-0.201589955698,
    2.017037309501));
#1204 = CARTESIAN_POINT('',(3.45997851584,-0.593901329202,2.017037309501
    ));
#1205 = CARTESIAN_POINT('',(3.300559329455,-0.978773290113,
    2.017037309501));
#1206 = CARTESIAN_POINT('',(3.291419828478,-1.00083799727,2.017037309501
    ));
#1207 = CARTESIAN_POINT('',(3.2822803275,-1.022902704428,2.017037309501)
  );
#1208 = CARTESIAN_POINT('',(3.273140826523,-1.044967411585,
    2.017037309501));
#1209 = CARTESIAN_POINT('',(3.264001325546,-1.067032118743,
    2.017037309501));
#1210 = CARTESIAN_POINT('',(3.264001325546,1.067032118743,2.135020857149
    ));
#1211 = CARTESIAN_POINT('',(3.273140829292,1.0449674049,2.135020857149)
  );
#1212 = CARTESIAN_POINT('',(3.282280331654,1.0229026944,2.135020857149)
  );
#1213 = CARTESIAN_POINT('',(3.291419832631,1.000837987243,2.135020857149
    ));
#1214 = CARTESIAN_POINT('',(3.300559332224,0.978773283428,2.135020857149
    ));
#1215 = CARTESIAN_POINT('',(3.45997823841,0.593901998977,2.135020857149)
  );
#1216 = CARTESIAN_POINT('',(3.539038746156,0.201591257513,2.135020857149
    ));
#1217 = CARTESIAN_POINT('',(3.539039291386,-0.201589955698,
    2.135020857149));
#1218 = CARTESIAN_POINT('',(3.45997851584,-0.593901329202,2.135020857149
    ));
#1219 = CARTESIAN_POINT('',(3.300559329455,-0.978773290113,
    2.135020857149));
#1220 = CARTESIAN_POINT('',(3.291419828478,-1.00083799727,2.135020857149
    ));
#1221 = CARTESIAN_POINT('',(3.2822803275,-1.022902704428,2.135020857149)
  );
#1222 = CARTESIAN_POINT('',(3.273140826523,-1.044967411585,
    2.135020857149));
#1223 = CARTESIAN_POINT('',(3.264001325546,-1.067032118743,
    2.135020857149));
#1224 = ADVANCED_FACE('',(#1225),#1251,.T.);
#1225 = FACE_BOUND('',#1226,.T.);
#1226 = EDGE_LOOP('',(#1227,#1238,#1244,#1245));
#1227 = ORIENTED_EDGE('',*,*,#1228,.T.);
#1228 = EDGE_CURVE('',#1229,#1231,#1233,.T.);
#1229 = VERTEX_POINT('',#1230);
#1230 = CARTESIAN_POINT('',(3.309698831278,-0.956708580913,4.8));
#1231 = VERTEX_POINT('',#1232);
#1232 = CARTESIAN_POINT('',(3.309698831278,0.956708580913,4.8));
#1233 = CIRCLE('',#1234,2.5);
#1234 = AXIS2_PLACEMENT_3D('',#1235,#1236,#1237);
#1235 = CARTESIAN_POINT('',(1.,0.,4.8));
#1236 = DIRECTION('',(0.,-0.,-1.));
#1237 = DIRECTION('',(0.923879532511,-0.382683432365,0.));
#1238 = ORIENTED_EDGE('',*,*,#1239,.F.);
#1239 = EDGE_CURVE('',#884,#1231,#1240,.T.);
#1240 = LINE('',#1241,#1242);
#1241 = CARTESIAN_POINT('',(3.309698831278,0.956708580913,2.));
#1242 = VECTOR('',#1243,1.);
#1243 = DIRECTION('',(0.,0.,1.));
#1244 = ORIENTED_EDGE('',*,*,#883,.F.);
#1245 = ORIENTED_EDGE('',*,*,#1246,.T.);
#1246 = EDGE_CURVE('',#869,#1229,#1247,.T.);
#1247 = LINE('',#1248,#1249);
#1248 = CARTESIAN_POINT('',(3.309698831278,-0.956708580913,2.));
#1249 = VECTOR('',#1250,1.);
#1250 = DIRECTION('',(0.,0.,1.));
#1251 = CYLINDRICAL_SURFACE('',#1252,2.5);
#1252 = AXIS2_PLACEMENT_3D('',#1253,#1254,#1255);
#1253 = CARTESIAN_POINT('',(1.,0.,2.));
#1254 = DIRECTION('',(0.,0.,1.));
#1255 = DIRECTION('',(0.923879532511,-0.382683432365,0.));
#1256 = ADVANCED_FACE('',(#1257),#1279,.T.);
#1257 = FACE_BOUND('',#1258,.T.);
#1258 = EDGE_LOOP('',(#1259,#1260,#1261,#1278));
#1259 = ORIENTED_EDGE('',*,*,#1114,.F.);
#1260 = ORIENTED_EDGE('',*,*,#1055,.F.);
#1261 = ORIENTED_EDGE('',*,*,#1262,.T.);
#1262 = EDGE_CURVE('',#1037,#1150,#1263,.T.);
#1263 = B_SPLINE_CURVE_WITH_KNOTS('',5,(#1264,#1265,#1266,#1267,#1268,
    #1269,#1270,#1271,#1272,#1273,#1274,#1275,#1276,#1277),
  .UNSPECIFIED.,.F.,.F.,(6,4,4,6),(-0.119413470026,-1.353371911203E-07,
    1.96349554383,2.08290869425),.UNSPECIFIED.);
#1264 = CARTESIAN_POINT('',(3.264001325546,1.067032118743,2.135020857149
    ));
#1265 = CARTESIAN_POINT('',(3.273140829292,1.0449674049,2.135020857149)
  );
#1266 = CARTESIAN_POINT('',(3.282280331654,1.0229026944,2.135020857149)
  );
#1267 = CARTESIAN_POINT('',(3.291419832631,1.000837987243,2.135020857149
    ));
#1268 = CARTESIAN_POINT('',(3.300559332224,0.978773283428,2.135020857149
    ));
#1269 = CARTESIAN_POINT('',(3.45997823841,0.593901998977,2.135020857149)
  );
#1270 = CARTESIAN_POINT('',(3.539038746156,0.201591257513,2.135020857149
    ));
#1271 = CARTESIAN_POINT('',(3.539039291386,-0.201589955698,
    2.135020857149));
#1272 = CARTESIAN_POINT('',(3.45997851584,-0.593901329202,2.135020857149
    ));
#1273 = CARTESIAN_POINT('',(3.300559329455,-0.978773290113,
    2.135020857149));
#1274 = CARTESIAN_POINT('',(3.291419828478,-1.00083799727,2.135020857149
    ));
#1275 = CARTESIAN_POINT('',(3.2822803275,-1.022902704428,2.135020857149)
  );
#1276 = CARTESIAN_POINT('',(3.273140826523,-1.044967411585,
    2.135020857149));
#1277 = CARTESIAN_POINT('',(3.264001325546,-1.067032118743,
    2.135020857149));
#1278 = ORIENTED_EDGE('',*,*,#1149,.T.);
#1279 = ( BOUNDED_SURFACE() B_SPLINE_SURFACE(2,5,(
    (#1280,#1281,#1282,#1283,#1284,#1285,#1286,#1287,#1288,#1289,#1290
      ,#1291,#1292,#1293)
    ,(#1294,#1295,#1296,#1297,#1298,#1299,#1300,#1301,#1302,#1303,#1304
      ,#1305,#1306,#1307)
    ,(#1308,#1309,#1310,#1311,#1312,#1313,#1314,#1315,#1316,#1317,#1318
      ,#1319,#1320,#1321
)),.UNSPECIFIED.,.F.,.F.,.F.) B_SPLINE_SURFACE_WITH_KNOTS((3,3),(6,4,4,6
    ),(0.,1.963495679168),(-0.119413470026,-1.353371911203E-07,
    1.96349554383,2.08290869425),.UNSPECIFIED.) 
GEOMETRIC_REPRESENTATION_ITEM() RATIONAL_B_SPLINE_SURFACE((
    (1.,1.,1.,1.,1.,1.,1.,1.,1.,1.,1.,1.,1.,1.)
    ,(0.93061798229,0.93061798229,0.93061798229,0.93061798229
      ,0.93061798229,0.93061798229,0.93061798229,0.93061798229
      ,0.93061798229,0.93061798229,0.93061798229,0.93061798229
      ,0.93061798229,0.93061798229)
,(1.,1.,1.,1.,1.,1.,1.,1.,1.,1.,1.,1.,1.,1.
))) REPRESENTATION_ITEM('') SURFACE() );
#1280 = CARTESIAN_POINT('',(3.189749034566,1.036275808073,1.930661594627
    ));
#1281 = CARTESIAN_POINT('',(3.199182355483,1.013501756721,1.930661594627
    ));
#1282 = CARTESIAN_POINT('',(3.20846876641,0.991082377458,1.930661594627)
  );
#1283 = CARTESIAN_POINT('',(3.217608267348,0.969017670284,1.930661594627
    ));
#1284 = CARTESIAN_POINT('',(3.226600858298,0.9473076352,1.930661594627)
  );
#1285 = CARTESIAN_POINT('',(3.380894753976,0.574809218729,1.930661594627
    ));
#1286 = CARTESIAN_POINT('',(3.457413628123,0.195110560338,1.930661594627
    ));
#1287 = CARTESIAN_POINT('',(3.457414134116,-0.1951093668,1.930661594627)
  );
#1288 = CARTESIAN_POINT('',(3.380895040325,-0.574808527422,
    1.930661594627));
#1289 = CARTESIAN_POINT('',(3.226600854533,-0.947307644289,
    1.930661594627));
#1290 = CARTESIAN_POINT('',(3.217608261701,-0.969017683918,
    1.930661594627));
#1291 = CARTESIAN_POINT('',(3.208468760763,-0.991082391091,
    1.930661594627));
#1292 = CARTESIAN_POINT('',(3.199182351718,-1.01350176581,1.930661594627
    ));
#1293 = CARTESIAN_POINT('',(3.189749034566,-1.036275808073,
    1.930661594627));
#1294 = CARTESIAN_POINT('',(3.264001325546,1.067032118743,2.017037309501
    ));
#1295 = CARTESIAN_POINT('',(3.273140829292,1.0449674049,2.017037309501)
  );
#1296 = CARTESIAN_POINT('',(3.282280331654,1.0229026944,2.017037309501)
  );
#1297 = CARTESIAN_POINT('',(3.291419832631,1.000837987243,2.017037309501
    ));
#1298 = CARTESIAN_POINT('',(3.300559332224,0.978773283428,2.017037309501
    ));
#1299 = CARTESIAN_POINT('',(3.45997823841,0.593901998977,2.017037309501)
  );
#1300 = CARTESIAN_POINT('',(3.539038746156,0.201591257513,2.017037309501
    ));
#1301 = CARTESIAN_POINT('',(3.539039291386,-0.201589955698,
    2.017037309501));
#1302 = CARTESIAN_POINT('',(3.45997851584,-0.593901329202,2.017037309501
    ));
#1303 = CARTESIAN_POINT('',(3.300559329455,-0.978773290113,
    2.017037309501));
#1304 = CARTESIAN_POINT('',(3.291419828478,-1.00083799727,2.017037309501
    ));
#1305 = CARTESIAN_POINT('',(3.2822803275,-1.022902704428,2.017037309501)
  );
#1306 = CARTESIAN_POINT('',(3.273140826523,-1.044967411585,
    2.017037309501));
#1307 = CARTESIAN_POINT('',(3.264001325546,-1.067032118743,
    2.017037309501));
#1308 = CARTESIAN_POINT('',(3.264001325546,1.067032118743,2.135020857149
    ));
#1309 = CARTESIAN_POINT('',(3.273140829292,1.0449674049,2.135020857149)
  );
#1310 = CARTESIAN_POINT('',(3.282280331654,1.0229026944,2.135020857149)
  );
#1311 = CARTESIAN_POINT('',(3.291419832631,1.000837987243,2.135020857149
    ));
#1312 = CARTESIAN_POINT('',(3.300559332224,0.978773283428,2.135020857149
    ));
#1313 = CARTESIAN_POINT('',(3.45997823841,0.593901998977,2.135020857149)
  );
#1314 = CARTESIAN_POINT('',(3.539038746156,0.201591257513,2.135020857149
    ));
#1315 = CARTESIAN_POINT('',(3.539039291386,-0.201589955698,
    2.135020857149));
#1316 = CARTESIAN_POINT('',(3.45997851584,-0.593901329202,2.135020857149
    ));
#1317 = CARTESIAN_POINT('',(3.300559329455,-0.978773290113,
    2.135020857149));
#1318 = CARTESIAN_POINT('',(3.291419828478,-1.00083799727,2.135020857149
    ));
#1319 = CARTESIAN_POINT('',(3.2822803275,-1.022902704428,2.135020857149)
  );
#1320 = CARTESIAN_POINT('',(3.273140826523,-1.044967411585,
    2.135020857149));
#1321 = CARTESIAN_POINT('',(3.264001325546,-1.067032118743,
    2.135020857149));
#1322 = ADVANCED_FACE('',(#1323),#1394,.T.);
#1323 = FACE_BOUND('',#1324,.T.);
#1324 = EDGE_LOOP('',(#1325,#1332,#1333,#1334,#1342,#1356,#1365,#1379,
    #1386,#1392,#1393));
#1325 = ORIENTED_EDGE('',*,*,#1326,.T.);
#1326 = EDGE_CURVE('',#1231,#1229,#1327,.T.);
#1327 = CIRCLE('',#1328,2.5);
#1328 = AXIS2_PLACEMENT_3D('',#1329,#1330,#1331);
#1329 = CARTESIAN_POINT('',(1.,0.,4.8));
#1330 = DIRECTION('',(0.,0.,-1.));
#1331 = DIRECTION('',(0.923879532511,0.382683432365,0.));
#1332 = ORIENTED_EDGE('',*,*,#1246,.F.);
#1333 = ORIENTED_EDGE('',*,*,#1164,.F.);
#1334 = ORIENTED_EDGE('',*,*,#1335,.T.);
#1335 = EDGE_CURVE('',#1150,#1336,#1338,.T.);
#1336 = VERTEX_POINT('',#1337);
#1337 = CARTESIAN_POINT('',(3.487468592767,-0.25,3.251));
#1338 = LINE('',#1339,#1340);
#1339 = CARTESIAN_POINT('',(3.487468592767,-0.25,2.));
#1340 = VECTOR('',#1341,1.);
#1341 = DIRECTION('',(0.,0.,1.));
#1342 = ORIENTED_EDGE('',*,*,#1343,.F.);
#1343 = EDGE_CURVE('',#1344,#1336,#1346,.T.);
#1344 = VERTEX_POINT('',#1345);
#1345 = CARTESIAN_POINT('',(3.4999998,-1.E-03,3.5));
#1346 = B_SPLINE_CURVE_WITH_KNOTS('',8,(#1347,#1348,#1349,#1350,#1351,
    #1352,#1353,#1354,#1355),.UNSPECIFIED.,.F.,.F.,(9,9),(0.,1.),
  .PIECEWISE_BEZIER_KNOTS.);
#1347 = CARTESIAN_POINT('',(3.4999998,-1.E-03,3.5));
#1348 = CARTESIAN_POINT('',(3.499978617055,-5.395735907235E-02,3.5));
#1349 = CARTESIAN_POINT('',(3.498676082177,-0.104950526163,
    3.487127296357));
#1350 = CARTESIAN_POINT('',(3.496260480392,-0.151000424553,3.46305838894
    ));
#1351 = CARTESIAN_POINT('',(3.493287896111,-0.189937008149,
    3.429686411631));
#1352 = CARTESIAN_POINT('',(3.49048081622,-0.220024282271,3.389249497325
    ));
#1353 = CARTESIAN_POINT('',(3.488453332589,-0.240202972637,
    3.344185621158));
#1354 = CARTESIAN_POINT('',(3.487468592767,-0.25,3.297202715395));
#1355 = CARTESIAN_POINT('',(3.487468592767,-0.25,3.251));
#1356 = ORIENTED_EDGE('',*,*,#1357,.T.);
#1357 = EDGE_CURVE('',#1344,#1358,#1360,.T.);
#1358 = VERTEX_POINT('',#1359);
#1359 = CARTESIAN_POINT('',(3.4999998,9.999999999997E-04,3.5));
#1360 = CIRCLE('',#1361,2.5);
#1361 = AXIS2_PLACEMENT_3D('',#1362,#1363,#1364);
#1362 = CARTESIAN_POINT('',(1.,0.,3.5));
#1363 = DIRECTION('',(0.,-0.,1.));
#1364 = DIRECTION('',(0.923879532511,0.382683432365,0.));
#1365 = ORIENTED_EDGE('',*,*,#1366,.F.);
#1366 = EDGE_CURVE('',#1367,#1358,#1369,.T.);
#1367 = VERTEX_POINT('',#1368);
#1368 = CARTESIAN_POINT('',(3.487468622767,0.249999701504,3.251385552896
    ));
#1369 = B_SPLINE_CURVE_WITH_KNOTS('',8,(#1370,#1371,#1372,#1373,#1374,
    #1375,#1376,#1377,#1378),.UNSPECIFIED.,.F.,.F.,(9,9),(0.,1.),
  .PIECEWISE_BEZIER_KNOTS.);
#1370 = CARTESIAN_POINT('',(3.487468622767,0.249999701504,3.251385552896
    ));
#1371 = CARTESIAN_POINT('',(3.487475806375,0.249928225413,3.297546599758
    ));
#1372 = CARTESIAN_POINT('',(3.488466071569,0.240076163387,3.344468713965
    ));
#1373 = CARTESIAN_POINT('',(3.490495528585,0.21986657353,3.389460295011)
  );
#1374 = CARTESIAN_POINT('',(3.493300225575,0.189774954381,3.429823601109
    ));
#1375 = CARTESIAN_POINT('',(3.496267732898,0.150859143254,3.463130702916
    ));
#1376 = CARTESIAN_POINT('',(3.49867859983,0.104848949188,3.487152152151)
  );
#1377 = CARTESIAN_POINT('',(3.499978637521,5.390619388061E-02,3.5));
#1378 = CARTESIAN_POINT('',(3.4999998,1.E-03,3.5));
#1379 = ORIENTED_EDGE('',*,*,#1380,.F.);
#1380 = EDGE_CURVE('',#1381,#1367,#1383,.T.);
#1381 = VERTEX_POINT('',#1382);
#1382 = CARTESIAN_POINT('',(3.487468592767,0.25,3.251));
#1383 = B_SPLINE_CURVE_WITH_KNOTS('',1,(#1384,#1385),.UNSPECIFIED.,.F.,
  .F.,(2,2),(0.,1.),.PIECEWISE_BEZIER_KNOTS.);
#1384 = CARTESIAN_POINT('',(3.487468592767,0.25,3.251));
#1385 = CARTESIAN_POINT('',(3.487468622767,0.249999701504,3.251385552896
    ));
#1386 = ORIENTED_EDGE('',*,*,#1387,.F.);
#1387 = EDGE_CURVE('',#1037,#1381,#1388,.T.);
#1388 = LINE('',#1389,#1390);
#1389 = CARTESIAN_POINT('',(3.487468592767,0.25,2.));
#1390 = VECTOR('',#1391,1.);
#1391 = DIRECTION('',(0.,0.,1.));
#1392 = ORIENTED_EDGE('',*,*,#1036,.F.);
#1393 = ORIENTED_EDGE('',*,*,#1239,.T.);
#1394 = CYLINDRICAL_SURFACE('',#1395,2.5);
#1395 = AXIS2_PLACEMENT_3D('',#1396,#1397,#1398);
#1396 = CARTESIAN_POINT('',(1.,0.,2.));
#1397 = DIRECTION('',(0.,0.,1.));
#1398 = DIRECTION('',(0.923879532511,0.382683432365,-0.));
#1399 = ADVANCED_FACE('',(#1400),#1428,.T.);
#1400 = FACE_BOUND('',#1401,.T.);
#1401 = EDGE_LOOP('',(#1402,#1411,#1420,#1427));
#1402 = ORIENTED_EDGE('',*,*,#1403,.T.);
#1403 = EDGE_CURVE('',#1229,#1404,#1406,.T.);
#1404 = VERTEX_POINT('',#1405);
#1405 = CARTESIAN_POINT('',(3.124922924776,-0.88017189444,5.));
#1406 = CIRCLE('',#1407,0.2);
#1407 = AXIS2_PLACEMENT_3D('',#1408,#1409,#1410);
#1408 = CARTESIAN_POINT('',(3.124922924776,-0.88017189444,4.8));
#1409 = DIRECTION('',(-0.382683432365,-0.923879532511,0.));
#1410 = DIRECTION('',(0.923879532511,-0.382683432365,-4.440892098502E-15
    ));
#1411 = ORIENTED_EDGE('',*,*,#1412,.T.);
#1412 = EDGE_CURVE('',#1404,#1413,#1415,.T.);
#1413 = VERTEX_POINT('',#1414);
#1414 = CARTESIAN_POINT('',(3.124922924776,0.88017189444,5.));
#1415 = CIRCLE('',#1416,2.3);
#1416 = AXIS2_PLACEMENT_3D('',#1417,#1418,#1419);
#1417 = CARTESIAN_POINT('',(1.,0.,5.));
#1418 = DIRECTION('',(0.,-0.,-1.));
#1419 = DIRECTION('',(0.923879532511,-0.382683432365,0.));
#1420 = ORIENTED_EDGE('',*,*,#1421,.F.);
#1421 = EDGE_CURVE('',#1231,#1413,#1422,.T.);
#1422 = CIRCLE('',#1423,0.2);
#1423 = AXIS2_PLACEMENT_3D('',#1424,#1425,#1426);
#1424 = CARTESIAN_POINT('',(3.124922924776,0.88017189444,4.8));
#1425 = DIRECTION('',(0.382683432365,-0.923879532511,0.));
#1426 = DIRECTION('',(0.923879532511,0.382683432365,-4.440892098502E-15)
  );
#1427 = ORIENTED_EDGE('',*,*,#1228,.F.);
#1428 = TOROIDAL_SURFACE('',#1429,2.3,0.2);
#1429 = AXIS2_PLACEMENT_3D('',#1430,#1431,#1432);
#1430 = CARTESIAN_POINT('',(1.,0.,4.8));
#1431 = DIRECTION('',(0.,0.,1.));
#1432 = DIRECTION('',(0.923879532511,-0.382683432365,0.));
#1433 = ADVANCED_FACE('',(#1434),#1443,.T.);
#1434 = FACE_BOUND('',#1435,.T.);
#1435 = EDGE_LOOP('',(#1436,#1437,#1438,#1439,#1440,#1441,#1442));
#1436 = ORIENTED_EDGE('',*,*,#1380,.T.);
#1437 = ORIENTED_EDGE('',*,*,#1366,.T.);
#1438 = ORIENTED_EDGE('',*,*,#1357,.F.);
#1439 = ORIENTED_EDGE('',*,*,#1343,.T.);
#1440 = ORIENTED_EDGE('',*,*,#1335,.F.);
#1441 = ORIENTED_EDGE('',*,*,#1262,.F.);
#1442 = ORIENTED_EDGE('',*,*,#1387,.T.);
#1443 = CYLINDRICAL_SURFACE('',#1444,2.5);
#1444 = AXIS2_PLACEMENT_3D('',#1445,#1446,#1447);
#1445 = CARTESIAN_POINT('',(1.,0.,2.));
#1446 = DIRECTION('',(0.,0.,1.));
#1447 = DIRECTION('',(0.923879532511,0.382683432365,-0.));
#1448 = ADVANCED_FACE('',(#1449),#1461,.T.);
#1449 = FACE_BOUND('',#1450,.T.);
#1450 = EDGE_LOOP('',(#1451,#1452,#1459,#1460));
#1451 = ORIENTED_EDGE('',*,*,#1421,.T.);
#1452 = ORIENTED_EDGE('',*,*,#1453,.T.);
#1453 = EDGE_CURVE('',#1413,#1404,#1454,.T.);
#1454 = CIRCLE('',#1455,2.3);
#1455 = AXIS2_PLACEMENT_3D('',#1456,#1457,#1458);
#1456 = CARTESIAN_POINT('',(1.,0.,5.));
#1457 = DIRECTION('',(0.,0.,-1.));
#1458 = DIRECTION('',(0.923879532511,0.382683432365,0.));
#1459 = ORIENTED_EDGE('',*,*,#1403,.F.);
#1460 = ORIENTED_EDGE('',*,*,#1326,.F.);
#1461 = TOROIDAL_SURFACE('',#1462,2.3,0.2);
#1462 = AXIS2_PLACEMENT_3D('',#1463,#1464,#1465);
#1463 = CARTESIAN_POINT('',(1.,0.,4.8));
#1464 = DIRECTION('',(0.,0.,1.));
#1465 = DIRECTION('',(0.923879532511,0.382683432365,-0.));
#1466 = ADVANCED_FACE('',(#1467),#1493,.F.);
#1467 = FACE_BOUND('',#1468,.F.);
#1468 = EDGE_LOOP('',(#1469,#1470,#1478,#1487));
#1469 = ORIENTED_EDGE('',*,*,#1412,.T.);
#1470 = ORIENTED_EDGE('',*,*,#1471,.T.);
#1471 = EDGE_CURVE('',#1413,#1472,#1474,.T.);
#1472 = VERTEX_POINT('',#1473);
#1473 = CARTESIAN_POINT('',(2.616789181895,0.669696006639,5.));
#1474 = LINE('',#1475,#1476);
#1475 = CARTESIAN_POINT('',(3.124922924776,0.88017189444,5.));
#1476 = VECTOR('',#1477,1.);
#1477 = DIRECTION('',(-0.923879532511,-0.382683432365,0.));
#1478 = ORIENTED_EDGE('',*,*,#1479,.F.);
#1479 = EDGE_CURVE('',#1480,#1472,#1482,.T.);
#1480 = VERTEX_POINT('',#1481);
#1481 = CARTESIAN_POINT('',(2.616789181895,-0.669696006639,5.));
#1482 = CIRCLE('',#1483,1.75);
#1483 = AXIS2_PLACEMENT_3D('',#1484,#1485,#1486);
#1484 = CARTESIAN_POINT('',(1.,0.,5.));
#1485 = DIRECTION('',(0.,-0.,-1.));
#1486 = DIRECTION('',(0.923879532511,-0.382683432365,0.));
#1487 = ORIENTED_EDGE('',*,*,#1488,.F.);
#1488 = EDGE_CURVE('',#1404,#1480,#1489,.T.);
#1489 = LINE('',#1490,#1491);
#1490 = CARTESIAN_POINT('',(3.124922924776,-0.88017189444,5.));
#1491 = VECTOR('',#1492,1.);
#1492 = DIRECTION('',(-0.923879532511,0.382683432365,0.));
#1493 = PLANE('',#1494);
#1494 = AXIS2_PLACEMENT_3D('',#1495,#1496,#1497);
#1495 = CARTESIAN_POINT('',(1.,0.,5.));
#1496 = DIRECTION('',(0.,0.,-1.));
#1497 = DIRECTION('',(0.923879532511,-0.382683432365,0.));
#1498 = ADVANCED_FACE('',(#1499),#1511,.F.);
#1499 = FACE_BOUND('',#1500,.F.);
#1500 = EDGE_LOOP('',(#1501,#1502,#1503,#1510));
#1501 = ORIENTED_EDGE('',*,*,#1453,.T.);
#1502 = ORIENTED_EDGE('',*,*,#1488,.T.);
#1503 = ORIENTED_EDGE('',*,*,#1504,.F.);
#1504 = EDGE_CURVE('',#1472,#1480,#1505,.T.);
#1505 = CIRCLE('',#1506,1.75);
#1506 = AXIS2_PLACEMENT_3D('',#1507,#1508,#1509);
#1507 = CARTESIAN_POINT('',(1.,0.,5.));
#1508 = DIRECTION('',(0.,0.,-1.));
#1509 = DIRECTION('',(0.923879532511,0.382683432365,0.));
#1510 = ORIENTED_EDGE('',*,*,#1471,.F.);
#1511 = PLANE('',#1512);
#1512 = AXIS2_PLACEMENT_3D('',#1513,#1514,#1515);
#1513 = CARTESIAN_POINT('',(1.,0.,5.));
#1514 = DIRECTION('',(0.,0.,-1.));
#1515 = DIRECTION('',(0.923879532511,0.382683432365,0.));
#1516 = ADVANCED_FACE('',(#1517),#1654,.F.);
#1517 = FACE_BOUND('',#1518,.F.);
#1518 = EDGE_LOOP('',(#1519,#1527,#1528,#1536,#1545,#1553,#1562,#1570,
    #1579,#1587,#1596,#1605,#1613,#1622,#1630,#1639,#1647));
#1519 = ORIENTED_EDGE('',*,*,#1520,.F.);
#1520 = EDGE_CURVE('',#1480,#1521,#1523,.T.);
#1521 = VERTEX_POINT('',#1522);
#1522 = CARTESIAN_POINT('',(2.616789181895,-0.669696006639,4.9));
#1523 = LINE('',#1524,#1525);
#1524 = CARTESIAN_POINT('',(2.616789181895,-0.669696006639,5.));
#1525 = VECTOR('',#1526,1.);
#1526 = DIRECTION('',(0.,0.,-1.));
#1527 = ORIENTED_EDGE('',*,*,#1479,.T.);
#1528 = ORIENTED_EDGE('',*,*,#1529,.T.);
#1529 = EDGE_CURVE('',#1472,#1530,#1532,.T.);
#1530 = VERTEX_POINT('',#1531);
#1531 = CARTESIAN_POINT('',(2.616789181895,0.669696006639,4.9));
#1532 = LINE('',#1533,#1534);
#1533 = CARTESIAN_POINT('',(2.616789181895,0.669696006639,5.));
#1534 = VECTOR('',#1535,1.);
#1535 = DIRECTION('',(0.,0.,-1.));
#1536 = ORIENTED_EDGE('',*,*,#1537,.T.);
#1537 = EDGE_CURVE('',#1530,#1538,#1540,.T.);
#1538 = VERTEX_POINT('',#1539);
#1539 = CARTESIAN_POINT('',(1.05,1.749285568454,4.9));
#1540 = CIRCLE('',#1541,1.75);
#1541 = AXIS2_PLACEMENT_3D('',#1542,#1543,#1544);
#1542 = CARTESIAN_POINT('',(1.,0.,4.9));
#1543 = DIRECTION('',(0.,0.,1.));
#1544 = DIRECTION('',(-1.,1.224646799147E-16,0.));
#1545 = ORIENTED_EDGE('',*,*,#1546,.T.);
#1546 = EDGE_CURVE('',#1538,#1547,#1549,.T.);
#1547 = VERTEX_POINT('',#1548);
#1548 = CARTESIAN_POINT('',(1.05,1.749285568454,4.8));
#1549 = LINE('',#1550,#1551);
#1550 = CARTESIAN_POINT('',(1.05,1.749285568454,4.7));
#1551 = VECTOR('',#1552,1.);
#1552 = DIRECTION('',(0.,0.,-1.));
#1553 = ORIENTED_EDGE('',*,*,#1554,.F.);
#1554 = EDGE_CURVE('',#1555,#1547,#1557,.T.);
#1555 = VERTEX_POINT('',#1556);
#1556 = CARTESIAN_POINT('',(0.95,1.749285568454,4.8));
#1557 = CIRCLE('',#1558,1.75);
#1558 = AXIS2_PLACEMENT_3D('',#1559,#1560,#1561);
#1559 = CARTESIAN_POINT('',(1.,0.,4.8));
#1560 = DIRECTION('',(0.,0.,-1.));
#1561 = DIRECTION('',(-1.,1.224646799147E-16,0.));
#1562 = ORIENTED_EDGE('',*,*,#1563,.F.);
#1563 = EDGE_CURVE('',#1564,#1555,#1566,.T.);
#1564 = VERTEX_POINT('',#1565);
#1565 = CARTESIAN_POINT('',(0.95,1.749285568454,4.9));
#1566 = LINE('',#1567,#1568);
#1567 = CARTESIAN_POINT('',(0.95,1.749285568454,4.7));
#1568 = VECTOR('',#1569,1.);
#1569 = DIRECTION('',(0.,0.,-1.));
#1570 = ORIENTED_EDGE('',*,*,#1571,.T.);
#1571 = EDGE_CURVE('',#1564,#1572,#1574,.T.);
#1572 = VERTEX_POINT('',#1573);
#1573 = CARTESIAN_POINT('',(-0.749285568454,5.000000000002E-02,4.9));
#1574 = CIRCLE('',#1575,1.75);
#1575 = AXIS2_PLACEMENT_3D('',#1576,#1577,#1578);
#1576 = CARTESIAN_POINT('',(1.,0.,4.9));
#1577 = DIRECTION('',(0.,0.,1.));
#1578 = DIRECTION('',(-1.,1.224646799147E-16,0.));
#1579 = ORIENTED_EDGE('',*,*,#1580,.T.);
#1580 = EDGE_CURVE('',#1572,#1581,#1583,.T.);
#1581 = VERTEX_POINT('',#1582);
#1582 = CARTESIAN_POINT('',(-0.749285568454,5.E-02,4.8));
#1583 = LINE('',#1584,#1585);
#1584 = CARTESIAN_POINT('',(-0.749285568454,5.E-02,4.7));
#1585 = VECTOR('',#1586,1.);
#1586 = DIRECTION('',(0.,0.,-1.));
#1587 = ORIENTED_EDGE('',*,*,#1588,.F.);
#1588 = EDGE_CURVE('',#1589,#1581,#1591,.T.);
#1589 = VERTEX_POINT('',#1590);
#1590 = CARTESIAN_POINT('',(-0.75,2.143131898508E-16,4.8));
#1591 = CIRCLE('',#1592,1.75);
#1592 = AXIS2_PLACEMENT_3D('',#1593,#1594,#1595);
#1593 = CARTESIAN_POINT('',(1.,0.,4.8));
#1594 = DIRECTION('',(0.,0.,-1.));
#1595 = DIRECTION('',(-1.,1.224646799147E-16,0.));
#1596 = ORIENTED_EDGE('',*,*,#1597,.F.);
#1597 = EDGE_CURVE('',#1598,#1589,#1600,.T.);
#1598 = VERTEX_POINT('',#1599);
#1599 = CARTESIAN_POINT('',(-0.749285568454,-5.E-02,4.8));
#1600 = CIRCLE('',#1601,1.75);
#1601 = AXIS2_PLACEMENT_3D('',#1602,#1603,#1604);
#1602 = CARTESIAN_POINT('',(1.,0.,4.8));
#1603 = DIRECTION('',(0.,0.,-1.));
#1604 = DIRECTION('',(-1.,1.224646799147E-16,0.));
#1605 = ORIENTED_EDGE('',*,*,#1606,.F.);
#1606 = EDGE_CURVE('',#1607,#1598,#1609,.T.);
#1607 = VERTEX_POINT('',#1608);
#1608 = CARTESIAN_POINT('',(-0.749285568454,-5.000000000002E-02,4.9));
#1609 = LINE('',#1610,#1611);
#1610 = CARTESIAN_POINT('',(-0.749285568454,-5.E-02,4.7));
#1611 = VECTOR('',#1612,1.);
#1612 = DIRECTION('',(0.,0.,-1.));
#1613 = ORIENTED_EDGE('',*,*,#1614,.T.);
#1614 = EDGE_CURVE('',#1607,#1615,#1617,.T.);
#1615 = VERTEX_POINT('',#1616);
#1616 = CARTESIAN_POINT('',(0.95,-1.749285568454,4.9));
#1617 = CIRCLE('',#1618,1.75);
#1618 = AXIS2_PLACEMENT_3D('',#1619,#1620,#1621);
#1619 = CARTESIAN_POINT('',(1.,0.,4.9));
#1620 = DIRECTION('',(0.,0.,1.));
#1621 = DIRECTION('',(-1.,1.224646799147E-16,0.));
#1622 = ORIENTED_EDGE('',*,*,#1623,.T.);
#1623 = EDGE_CURVE('',#1615,#1624,#1626,.T.);
#1624 = VERTEX_POINT('',#1625);
#1625 = CARTESIAN_POINT('',(0.95,-1.749285568454,4.8));
#1626 = LINE('',#1627,#1628);
#1627 = CARTESIAN_POINT('',(0.95,-1.749285568454,4.7));
#1628 = VECTOR('',#1629,1.);
#1629 = DIRECTION('',(0.,0.,-1.));
#1630 = ORIENTED_EDGE('',*,*,#1631,.F.);
#1631 = EDGE_CURVE('',#1632,#1624,#1634,.T.);
#1632 = VERTEX_POINT('',#1633);
#1633 = CARTESIAN_POINT('',(1.05,-1.749285568454,4.8));
#1634 = CIRCLE('',#1635,1.75);
#1635 = AXIS2_PLACEMENT_3D('',#1636,#1637,#1638);
#1636 = CARTESIAN_POINT('',(1.,0.,4.8));
#1637 = DIRECTION('',(0.,0.,-1.));
#1638 = DIRECTION('',(-1.,1.224646799147E-16,0.));
#1639 = ORIENTED_EDGE('',*,*,#1640,.F.);
#1640 = EDGE_CURVE('',#1641,#1632,#1643,.T.);
#1641 = VERTEX_POINT('',#1642);
#1642 = CARTESIAN_POINT('',(1.05,-1.749285568454,4.9));
#1643 = LINE('',#1644,#1645);
#1644 = CARTESIAN_POINT('',(1.05,-1.749285568454,4.7));
#1645 = VECTOR('',#1646,1.);
#1646 = DIRECTION('',(0.,0.,-1.));
#1647 = ORIENTED_EDGE('',*,*,#1648,.T.);
#1648 = EDGE_CURVE('',#1641,#1521,#1649,.T.);
#1649 = CIRCLE('',#1650,1.75);
#1650 = AXIS2_PLACEMENT_3D('',#1651,#1652,#1653);
#1651 = CARTESIAN_POINT('',(1.,0.,4.9));
#1652 = DIRECTION('',(0.,0.,1.));
#1653 = DIRECTION('',(-1.,1.224646799147E-16,0.));
#1654 = CYLINDRICAL_SURFACE('',#1655,1.75);
#1655 = AXIS2_PLACEMENT_3D('',#1656,#1657,#1658);
#1656 = CARTESIAN_POINT('',(1.,0.,5.));
#1657 = DIRECTION('',(0.,0.,-1.));
#1658 = DIRECTION('',(0.923879532511,-0.382683432365,0.));
#1659 = ADVANCED_FACE('',(#1660),#1706,.F.);
#1660 = FACE_BOUND('',#1661,.F.);
#1661 = EDGE_LOOP('',(#1662,#1663,#1664,#1665,#1674,#1682,#1691,#1699));
#1662 = ORIENTED_EDGE('',*,*,#1529,.F.);
#1663 = ORIENTED_EDGE('',*,*,#1504,.T.);
#1664 = ORIENTED_EDGE('',*,*,#1520,.T.);
#1665 = ORIENTED_EDGE('',*,*,#1666,.T.);
#1666 = EDGE_CURVE('',#1521,#1667,#1669,.T.);
#1667 = VERTEX_POINT('',#1668);
#1668 = CARTESIAN_POINT('',(2.749285568454,-4.999999999996E-02,4.9));
#1669 = CIRCLE('',#1670,1.75);
#1670 = AXIS2_PLACEMENT_3D('',#1671,#1672,#1673);
#1671 = CARTESIAN_POINT('',(1.,0.,4.9));
#1672 = DIRECTION('',(0.,0.,1.));
#1673 = DIRECTION('',(-1.,1.224646799147E-16,0.));
#1674 = ORIENTED_EDGE('',*,*,#1675,.T.);
#1675 = EDGE_CURVE('',#1667,#1676,#1678,.T.);
#1676 = VERTEX_POINT('',#1677);
#1677 = CARTESIAN_POINT('',(2.749285568454,-5.E-02,4.8));
#1678 = LINE('',#1679,#1680);
#1679 = CARTESIAN_POINT('',(2.749285568454,-5.E-02,4.7));
#1680 = VECTOR('',#1681,1.);
#1681 = DIRECTION('',(0.,0.,-1.));
#1682 = ORIENTED_EDGE('',*,*,#1683,.F.);
#1683 = EDGE_CURVE('',#1684,#1676,#1686,.T.);
#1684 = VERTEX_POINT('',#1685);
#1685 = CARTESIAN_POINT('',(2.749285568454,5.E-02,4.8));
#1686 = CIRCLE('',#1687,1.75);
#1687 = AXIS2_PLACEMENT_3D('',#1688,#1689,#1690);
#1688 = CARTESIAN_POINT('',(1.,0.,4.8));
#1689 = DIRECTION('',(0.,0.,-1.));
#1690 = DIRECTION('',(-1.,1.224646799147E-16,0.));
#1691 = ORIENTED_EDGE('',*,*,#1692,.F.);
#1692 = EDGE_CURVE('',#1693,#1684,#1695,.T.);
#1693 = VERTEX_POINT('',#1694);
#1694 = CARTESIAN_POINT('',(2.749285568454,4.999999999996E-02,4.9));
#1695 = LINE('',#1696,#1697);
#1696 = CARTESIAN_POINT('',(2.749285568454,5.E-02,4.7));
#1697 = VECTOR('',#1698,1.);
#1698 = DIRECTION('',(0.,0.,-1.));
#1699 = ORIENTED_EDGE('',*,*,#1700,.T.);
#1700 = EDGE_CURVE('',#1693,#1530,#1701,.T.);
#1701 = CIRCLE('',#1702,1.75);
#1702 = AXIS2_PLACEMENT_3D('',#1703,#1704,#1705);
#1703 = CARTESIAN_POINT('',(1.,0.,4.9));
#1704 = DIRECTION('',(0.,0.,1.));
#1705 = DIRECTION('',(-1.,1.224646799147E-16,0.));
#1706 = CYLINDRICAL_SURFACE('',#1707,1.75);
#1707 = AXIS2_PLACEMENT_3D('',#1708,#1709,#1710);
#1708 = CARTESIAN_POINT('',(1.,0.,5.));
#1709 = DIRECTION('',(0.,0.,-1.));
#1710 = DIRECTION('',(0.923879532511,0.382683432365,0.));
#1711 = ADVANCED_FACE('',(#1712),#1730,.T.);
#1712 = FACE_BOUND('',#1713,.T.);
#1713 = EDGE_LOOP('',(#1714,#1722,#1723,#1724));
#1714 = ORIENTED_EDGE('',*,*,#1715,.F.);
#1715 = EDGE_CURVE('',#1641,#1716,#1718,.T.);
#1716 = VERTEX_POINT('',#1717);
#1717 = CARTESIAN_POINT('',(1.05,-5.E-02,4.9));
#1718 = LINE('',#1719,#1720);
#1719 = CARTESIAN_POINT('',(1.05,-5.05,4.9));
#1720 = VECTOR('',#1721,1.);
#1721 = DIRECTION('',(1.224646799147E-16,1.,0.));
#1722 = ORIENTED_EDGE('',*,*,#1648,.T.);
#1723 = ORIENTED_EDGE('',*,*,#1666,.T.);
#1724 = ORIENTED_EDGE('',*,*,#1725,.F.);
#1725 = EDGE_CURVE('',#1716,#1667,#1726,.T.);
#1726 = LINE('',#1727,#1728);
#1727 = CARTESIAN_POINT('',(1.05,-5.E-02,4.9));
#1728 = VECTOR('',#1729,1.);
#1729 = DIRECTION('',(1.,-1.224646799147E-16,0.));
#1730 = PLANE('',#1731);
#1731 = AXIS2_PLACEMENT_3D('',#1732,#1733,#1734);
#1732 = CARTESIAN_POINT('',(1.,-1.239108604125E-16,4.9));
#1733 = DIRECTION('',(0.,0.,1.));
#1734 = DIRECTION('',(-1.,1.224646799147E-16,0.));
#1735 = ADVANCED_FACE('',(#1736),#1754,.F.);
#1736 = FACE_BOUND('',#1737,.F.);
#1737 = EDGE_LOOP('',(#1738,#1739,#1740,#1748));
#1738 = ORIENTED_EDGE('',*,*,#1715,.F.);
#1739 = ORIENTED_EDGE('',*,*,#1640,.T.);
#1740 = ORIENTED_EDGE('',*,*,#1741,.T.);
#1741 = EDGE_CURVE('',#1632,#1742,#1744,.T.);
#1742 = VERTEX_POINT('',#1743);
#1743 = CARTESIAN_POINT('',(1.05,-5.E-02,4.8));
#1744 = LINE('',#1745,#1746);
#1745 = CARTESIAN_POINT('',(1.05,-5.05,4.8));
#1746 = VECTOR('',#1747,1.);
#1747 = DIRECTION('',(1.224646799147E-16,1.,0.));
#1748 = ORIENTED_EDGE('',*,*,#1749,.F.);
#1749 = EDGE_CURVE('',#1716,#1742,#1750,.T.);
#1750 = LINE('',#1751,#1752);
#1751 = CARTESIAN_POINT('',(1.05,-5.E-02,4.9));
#1752 = VECTOR('',#1753,1.);
#1753 = DIRECTION('',(0.,0.,-1.));
#1754 = PLANE('',#1755);
#1755 = AXIS2_PLACEMENT_3D('',#1756,#1757,#1758);
#1756 = CARTESIAN_POINT('',(1.05,-5.05,4.9));
#1757 = DIRECTION('',(1.,-1.224646799147E-16,0.));
#1758 = DIRECTION('',(1.224646799147E-16,1.,0.));
#1759 = ADVANCED_FACE('',(#1760),#1778,.T.);
#1760 = FACE_BOUND('',#1761,.T.);
#1761 = EDGE_LOOP('',(#1762,#1763,#1764,#1772));
#1762 = ORIENTED_EDGE('',*,*,#1700,.T.);
#1763 = ORIENTED_EDGE('',*,*,#1537,.T.);
#1764 = ORIENTED_EDGE('',*,*,#1765,.F.);
#1765 = EDGE_CURVE('',#1766,#1538,#1768,.T.);
#1766 = VERTEX_POINT('',#1767);
#1767 = CARTESIAN_POINT('',(1.05,5.E-02,4.9));
#1768 = LINE('',#1769,#1770);
#1769 = CARTESIAN_POINT('',(1.05,5.E-02,4.9));
#1770 = VECTOR('',#1771,1.);
#1771 = DIRECTION('',(1.224646799147E-16,1.,0.));
#1772 = ORIENTED_EDGE('',*,*,#1773,.F.);
#1773 = EDGE_CURVE('',#1693,#1766,#1774,.T.);
#1774 = LINE('',#1775,#1776);
#1775 = CARTESIAN_POINT('',(6.05,5.E-02,4.9));
#1776 = VECTOR('',#1777,1.);
#1777 = DIRECTION('',(-1.,1.224646799147E-16,0.));
#1778 = PLANE('',#1779);
#1779 = AXIS2_PLACEMENT_3D('',#1780,#1781,#1782);
#1780 = CARTESIAN_POINT('',(1.,-1.239108604125E-16,4.9));
#1781 = DIRECTION('',(0.,0.,1.));
#1782 = DIRECTION('',(-1.,1.224646799147E-16,0.));
#1783 = ADVANCED_FACE('',(#1784),#1840,.T.);
#1784 = FACE_BOUND('',#1785,.T.);
#1785 = EDGE_LOOP('',(#1786,#1794,#1800,#1801,#1802,#1808,#1809,#1817,
    #1823,#1824,#1832,#1838,#1839));
#1786 = ORIENTED_EDGE('',*,*,#1787,.T.);
#1787 = EDGE_CURVE('',#1598,#1788,#1790,.T.);
#1788 = VERTEX_POINT('',#1789);
#1789 = CARTESIAN_POINT('',(0.95,-5.E-02,4.8));
#1790 = LINE('',#1791,#1792);
#1791 = CARTESIAN_POINT('',(-4.05,-5.E-02,4.8));
#1792 = VECTOR('',#1793,1.);
#1793 = DIRECTION('',(1.,-5.723907721801E-17,0.));
#1794 = ORIENTED_EDGE('',*,*,#1795,.T.);
#1795 = EDGE_CURVE('',#1788,#1624,#1796,.T.);
#1796 = LINE('',#1797,#1798);
#1797 = CARTESIAN_POINT('',(0.95,-5.E-02,4.8));
#1798 = VECTOR('',#1799,1.);
#1799 = DIRECTION('',(-1.224646799147E-16,-1.,0.));
#1800 = ORIENTED_EDGE('',*,*,#1631,.F.);
#1801 = ORIENTED_EDGE('',*,*,#1741,.T.);
#1802 = ORIENTED_EDGE('',*,*,#1803,.T.);
#1803 = EDGE_CURVE('',#1742,#1676,#1804,.T.);
#1804 = LINE('',#1805,#1806);
#1805 = CARTESIAN_POINT('',(1.05,-5.E-02,4.8));
#1806 = VECTOR('',#1807,1.);
#1807 = DIRECTION('',(1.,-1.224646799147E-16,0.));
#1808 = ORIENTED_EDGE('',*,*,#1683,.F.);
#1809 = ORIENTED_EDGE('',*,*,#1810,.T.);
#1810 = EDGE_CURVE('',#1684,#1811,#1813,.T.);
#1811 = VERTEX_POINT('',#1812);
#1812 = CARTESIAN_POINT('',(1.05,5.E-02,4.8));
#1813 = LINE('',#1814,#1815);
#1814 = CARTESIAN_POINT('',(6.05,5.E-02,4.8));
#1815 = VECTOR('',#1816,1.);
#1816 = DIRECTION('',(-1.,1.224646799147E-16,0.));
#1817 = ORIENTED_EDGE('',*,*,#1818,.T.);
#1818 = EDGE_CURVE('',#1811,#1547,#1819,.T.);
#1819 = LINE('',#1820,#1821);
#1820 = CARTESIAN_POINT('',(1.05,5.E-02,4.8));
#1821 = VECTOR('',#1822,1.);
#1822 = DIRECTION('',(1.224646799147E-16,1.,0.));
#1823 = ORIENTED_EDGE('',*,*,#1554,.F.);
#1824 = ORIENTED_EDGE('',*,*,#1825,.T.);
#1825 = EDGE_CURVE('',#1555,#1826,#1828,.T.);
#1826 = VERTEX_POINT('',#1827);
#1827 = CARTESIAN_POINT('',(0.95,5.E-02,4.8));
#1828 = LINE('',#1829,#1830);
#1829 = CARTESIAN_POINT('',(0.95,5.05,4.8));
#1830 = VECTOR('',#1831,1.);
#1831 = DIRECTION('',(-1.224646799147E-16,-1.,0.));
#1832 = ORIENTED_EDGE('',*,*,#1833,.T.);
#1833 = EDGE_CURVE('',#1826,#1581,#1834,.T.);
#1834 = LINE('',#1835,#1836);
#1835 = CARTESIAN_POINT('',(0.95,5.E-02,4.8));
#1836 = VECTOR('',#1837,1.);
#1837 = DIRECTION('',(-1.,1.224646799147E-16,0.));
#1838 = ORIENTED_EDGE('',*,*,#1588,.F.);
#1839 = ORIENTED_EDGE('',*,*,#1597,.F.);
#1840 = PLANE('',#1841);
#1841 = AXIS2_PLACEMENT_3D('',#1842,#1843,#1844);
#1842 = CARTESIAN_POINT('',(1.,-3.503797911874E-17,4.8));
#1843 = DIRECTION('',(-6.92799192911E-33,5.09829149655E-32,1.));
#1844 = DIRECTION('',(-1.224646799147E-16,-1.,5.09829149655E-32));
#1845 = ADVANCED_FACE('',(#1846),#1857,.F.);
#1846 = FACE_BOUND('',#1847,.F.);
#1847 = EDGE_LOOP('',(#1848,#1849,#1855,#1856));
#1848 = ORIENTED_EDGE('',*,*,#1765,.F.);
#1849 = ORIENTED_EDGE('',*,*,#1850,.T.);
#1850 = EDGE_CURVE('',#1766,#1811,#1851,.T.);
#1851 = LINE('',#1852,#1853);
#1852 = CARTESIAN_POINT('',(1.05,5.E-02,4.9));
#1853 = VECTOR('',#1854,1.);
#1854 = DIRECTION('',(0.,0.,-1.));
#1855 = ORIENTED_EDGE('',*,*,#1818,.T.);
#1856 = ORIENTED_EDGE('',*,*,#1546,.F.);
#1857 = PLANE('',#1858);
#1858 = AXIS2_PLACEMENT_3D('',#1859,#1860,#1861);
#1859 = CARTESIAN_POINT('',(1.05,5.E-02,4.9));
#1860 = DIRECTION('',(1.,-1.224646799147E-16,0.));
#1861 = DIRECTION('',(1.224646799147E-16,1.,0.));
#1862 = ADVANCED_FACE('',(#1863),#1881,.F.);
#1863 = FACE_BOUND('',#1864,.F.);
#1864 = EDGE_LOOP('',(#1865,#1873,#1879,#1880));
#1865 = ORIENTED_EDGE('',*,*,#1866,.F.);
#1866 = EDGE_CURVE('',#1867,#1615,#1869,.T.);
#1867 = VERTEX_POINT('',#1868);
#1868 = CARTESIAN_POINT('',(0.95,-5.E-02,4.9));
#1869 = LINE('',#1870,#1871);
#1870 = CARTESIAN_POINT('',(0.95,-5.E-02,4.9));
#1871 = VECTOR('',#1872,1.);
#1872 = DIRECTION('',(-1.224646799147E-16,-1.,0.));
#1873 = ORIENTED_EDGE('',*,*,#1874,.T.);
#1874 = EDGE_CURVE('',#1867,#1788,#1875,.T.);
#1875 = LINE('',#1876,#1877);
#1876 = CARTESIAN_POINT('',(0.95,-5.E-02,4.9));
#1877 = VECTOR('',#1878,1.);
#1878 = DIRECTION('',(0.,0.,-1.));
#1879 = ORIENTED_EDGE('',*,*,#1795,.T.);
#1880 = ORIENTED_EDGE('',*,*,#1623,.F.);
#1881 = PLANE('',#1882);
#1882 = AXIS2_PLACEMENT_3D('',#1883,#1884,#1885);
#1883 = CARTESIAN_POINT('',(0.95,-5.E-02,4.9));
#1884 = DIRECTION('',(-1.,1.224646799147E-16,0.));
#1885 = DIRECTION('',(-1.224646799147E-16,-1.,0.));
#1886 = ADVANCED_FACE('',(#1887),#1897,.T.);
#1887 = FACE_BOUND('',#1888,.T.);
#1888 = EDGE_LOOP('',(#1889,#1895,#1896));
#1889 = ORIENTED_EDGE('',*,*,#1890,.F.);
#1890 = EDGE_CURVE('',#1607,#1867,#1891,.T.);
#1891 = LINE('',#1892,#1893);
#1892 = CARTESIAN_POINT('',(-4.05,-5.E-02,4.9));
#1893 = VECTOR('',#1894,1.);
#1894 = DIRECTION('',(1.,-5.723907721801E-17,0.));
#1895 = ORIENTED_EDGE('',*,*,#1614,.T.);
#1896 = ORIENTED_EDGE('',*,*,#1866,.F.);
#1897 = PLANE('',#1898);
#1898 = AXIS2_PLACEMENT_3D('',#1899,#1900,#1901);
#1899 = CARTESIAN_POINT('',(1.,-1.239108604125E-16,4.9));
#1900 = DIRECTION('',(0.,0.,1.));
#1901 = DIRECTION('',(-1.,1.224646799147E-16,0.));
#1902 = ADVANCED_FACE('',(#1903),#1921,.F.);
#1903 = FACE_BOUND('',#1904,.F.);
#1904 = EDGE_LOOP('',(#1905,#1913,#1914,#1915));
#1905 = ORIENTED_EDGE('',*,*,#1906,.F.);
#1906 = EDGE_CURVE('',#1564,#1907,#1909,.T.);
#1907 = VERTEX_POINT('',#1908);
#1908 = CARTESIAN_POINT('',(0.95,5.E-02,4.9));
#1909 = LINE('',#1910,#1911);
#1910 = CARTESIAN_POINT('',(0.95,5.05,4.9));
#1911 = VECTOR('',#1912,1.);
#1912 = DIRECTION('',(-1.224646799147E-16,-1.,0.));
#1913 = ORIENTED_EDGE('',*,*,#1563,.T.);
#1914 = ORIENTED_EDGE('',*,*,#1825,.T.);
#1915 = ORIENTED_EDGE('',*,*,#1916,.F.);
#1916 = EDGE_CURVE('',#1907,#1826,#1917,.T.);
#1917 = LINE('',#1918,#1919);
#1918 = CARTESIAN_POINT('',(0.95,5.E-02,4.9));
#1919 = VECTOR('',#1920,1.);
#1920 = DIRECTION('',(0.,0.,-1.));
#1921 = PLANE('',#1922);
#1922 = AXIS2_PLACEMENT_3D('',#1923,#1924,#1925);
#1923 = CARTESIAN_POINT('',(0.95,5.05,4.9));
#1924 = DIRECTION('',(-1.,1.224646799147E-16,0.));
#1925 = DIRECTION('',(-1.224646799147E-16,-1.,0.));
#1926 = ADVANCED_FACE('',(#1927),#1933,.F.);
#1927 = FACE_BOUND('',#1928,.F.);
#1928 = EDGE_LOOP('',(#1929,#1930,#1931,#1932));
#1929 = ORIENTED_EDGE('',*,*,#1890,.F.);
#1930 = ORIENTED_EDGE('',*,*,#1606,.T.);
#1931 = ORIENTED_EDGE('',*,*,#1787,.T.);
#1932 = ORIENTED_EDGE('',*,*,#1874,.F.);
#1933 = PLANE('',#1934);
#1934 = AXIS2_PLACEMENT_3D('',#1935,#1936,#1937);
#1935 = CARTESIAN_POINT('',(-4.05,-5.E-02,4.9));
#1936 = DIRECTION('',(-5.723907721801E-17,-1.,0.));
#1937 = DIRECTION('',(1.,-5.723907721801E-17,0.));
#1938 = ADVANCED_FACE('',(#1939),#1949,.T.);
#1939 = FACE_BOUND('',#1940,.T.);
#1940 = EDGE_LOOP('',(#1941,#1942,#1948));
#1941 = ORIENTED_EDGE('',*,*,#1571,.T.);
#1942 = ORIENTED_EDGE('',*,*,#1943,.F.);
#1943 = EDGE_CURVE('',#1907,#1572,#1944,.T.);
#1944 = LINE('',#1945,#1946);
#1945 = CARTESIAN_POINT('',(0.95,5.E-02,4.9));
#1946 = VECTOR('',#1947,1.);
#1947 = DIRECTION('',(-1.,1.224646799147E-16,0.));
#1948 = ORIENTED_EDGE('',*,*,#1906,.F.);
#1949 = PLANE('',#1950);
#1950 = AXIS2_PLACEMENT_3D('',#1951,#1952,#1953);
#1951 = CARTESIAN_POINT('',(1.,-1.239108604125E-16,4.9));
#1952 = DIRECTION('',(0.,0.,1.));
#1953 = DIRECTION('',(-1.,1.224646799147E-16,0.));
#1954 = ADVANCED_FACE('',(#1955),#1961,.F.);
#1955 = FACE_BOUND('',#1956,.F.);
#1956 = EDGE_LOOP('',(#1957,#1958,#1959,#1960));
#1957 = ORIENTED_EDGE('',*,*,#1943,.F.);
#1958 = ORIENTED_EDGE('',*,*,#1916,.T.);
#1959 = ORIENTED_EDGE('',*,*,#1833,.T.);
#1960 = ORIENTED_EDGE('',*,*,#1580,.F.);
#1961 = PLANE('',#1962);
#1962 = AXIS2_PLACEMENT_3D('',#1963,#1964,#1965);
#1963 = CARTESIAN_POINT('',(0.95,5.E-02,4.9));
#1964 = DIRECTION('',(1.224646799147E-16,1.,0.));
#1965 = DIRECTION('',(-1.,1.224646799147E-16,0.));
#1966 = ADVANCED_FACE('',(#1967),#1973,.F.);
#1967 = FACE_BOUND('',#1968,.F.);
#1968 = EDGE_LOOP('',(#1969,#1970,#1971,#1972));
#1969 = ORIENTED_EDGE('',*,*,#1773,.F.);
#1970 = ORIENTED_EDGE('',*,*,#1692,.T.);
#1971 = ORIENTED_EDGE('',*,*,#1810,.T.);
#1972 = ORIENTED_EDGE('',*,*,#1850,.F.);
#1973 = PLANE('',#1974);
#1974 = AXIS2_PLACEMENT_3D('',#1975,#1976,#1977);
#1975 = CARTESIAN_POINT('',(6.05,5.E-02,4.9));
#1976 = DIRECTION('',(1.224646799147E-16,1.,0.));
#1977 = DIRECTION('',(-1.,1.224646799147E-16,0.));
#1978 = ADVANCED_FACE('',(#1979),#1985,.F.);
#1979 = FACE_BOUND('',#1980,.F.);
#1980 = EDGE_LOOP('',(#1981,#1982,#1983,#1984));
#1981 = ORIENTED_EDGE('',*,*,#1725,.F.);
#1982 = ORIENTED_EDGE('',*,*,#1749,.T.);
#1983 = ORIENTED_EDGE('',*,*,#1803,.T.);
#1984 = ORIENTED_EDGE('',*,*,#1675,.F.);
#1985 = PLANE('',#1986);
#1986 = AXIS2_PLACEMENT_3D('',#1987,#1988,#1989);
#1987 = CARTESIAN_POINT('',(1.05,-5.E-02,4.9));
#1988 = DIRECTION('',(-1.224646799147E-16,-1.,0.));
#1989 = DIRECTION('',(1.,-1.224646799147E-16,0.));
#1990 = ORIENTED_CLOSED_SHELL('',*,#1991,.F.);
#1991 = CLOSED_SHELL('',(#1992,#2025,#2057,#2074,#2101));
#1992 = ADVANCED_FACE('',(#1993),#2020,.T.);
#1993 = FACE_BOUND('',#1994,.T.);
#1994 = EDGE_LOOP('',(#1995,#2006,#2014));
#1995 = ORIENTED_EDGE('',*,*,#1996,.T.);
#1996 = EDGE_CURVE('',#1997,#1999,#2001,.T.);
#1997 = VERTEX_POINT('',#1998);
#1998 = CARTESIAN_POINT('',(2.616789181895,0.669696006639,4.6));
#1999 = VERTEX_POINT('',#2000);
#2000 = CARTESIAN_POINT('',(2.616789181895,-0.669696006639,4.6));
#2001 = CIRCLE('',#2002,1.75);
#2002 = AXIS2_PLACEMENT_3D('',#2003,#2004,#2005);
#2003 = CARTESIAN_POINT('',(1.,0.,4.6));
#2004 = DIRECTION('',(0.,0.,-1.));
#2005 = DIRECTION('',(0.923879532511,0.382683432365,0.));
#2006 = ORIENTED_EDGE('',*,*,#2007,.T.);
#2007 = EDGE_CURVE('',#1999,#2008,#2010,.T.);
#2008 = VERTEX_POINT('',#2009);
#2009 = CARTESIAN_POINT('',(1.,0.,4.6));
#2010 = LINE('',#2011,#2012);
#2011 = CARTESIAN_POINT('',(2.616789181895,-0.669696006639,4.6));
#2012 = VECTOR('',#2013,1.);
#2013 = DIRECTION('',(-0.923879532511,0.382683432365,0.));
#2014 = ORIENTED_EDGE('',*,*,#2015,.F.);
#2015 = EDGE_CURVE('',#1997,#2008,#2016,.T.);
#2016 = LINE('',#2017,#2018);
#2017 = CARTESIAN_POINT('',(2.616789181895,0.669696006639,4.6));
#2018 = VECTOR('',#2019,1.);
#2019 = DIRECTION('',(-0.923879532511,-0.382683432365,0.));
#2020 = PLANE('',#2021);
#2021 = AXIS2_PLACEMENT_3D('',#2022,#2023,#2024);
#2022 = CARTESIAN_POINT('',(1.,0.,4.6));
#2023 = DIRECTION('',(0.,0.,-1.));
#2024 = DIRECTION('',(0.923879532511,0.382683432365,0.));
#2025 = ADVANCED_FACE('',(#2026),#2052,.T.);
#2026 = FACE_BOUND('',#2027,.T.);
#2027 = EDGE_LOOP('',(#2028,#2036,#2045,#2051));
#2028 = ORIENTED_EDGE('',*,*,#2029,.F.);
#2029 = EDGE_CURVE('',#2030,#1997,#2032,.T.);
#2030 = VERTEX_POINT('',#2031);
#2031 = CARTESIAN_POINT('',(2.616789181895,0.669696006639,4.7));
#2032 = LINE('',#2033,#2034);
#2033 = CARTESIAN_POINT('',(2.616789181895,0.669696006639,5.));
#2034 = VECTOR('',#2035,1.);
#2035 = DIRECTION('',(0.,0.,-1.));
#2036 = ORIENTED_EDGE('',*,*,#2037,.F.);
#2037 = EDGE_CURVE('',#2038,#2030,#2040,.T.);
#2038 = VERTEX_POINT('',#2039);
#2039 = CARTESIAN_POINT('',(2.616789181895,-0.669696006639,4.7));
#2040 = CIRCLE('',#2041,1.75);
#2041 = AXIS2_PLACEMENT_3D('',#2042,#2043,#2044);
#2042 = CARTESIAN_POINT('',(1.,0.,4.7));
#2043 = DIRECTION('',(0.,0.,1.));
#2044 = DIRECTION('',(-1.,1.224646799147E-16,0.));
#2045 = ORIENTED_EDGE('',*,*,#2046,.T.);
#2046 = EDGE_CURVE('',#2038,#1999,#2047,.T.);
#2047 = LINE('',#2048,#2049);
#2048 = CARTESIAN_POINT('',(2.616789181895,-0.669696006639,5.));
#2049 = VECTOR('',#2050,1.);
#2050 = DIRECTION('',(0.,0.,-1.));
#2051 = ORIENTED_EDGE('',*,*,#1996,.F.);
#2052 = CYLINDRICAL_SURFACE('',#2053,1.75);
#2053 = AXIS2_PLACEMENT_3D('',#2054,#2055,#2056);
#2054 = CARTESIAN_POINT('',(1.,0.,5.));
#2055 = DIRECTION('',(0.,0.,-1.));
#2056 = DIRECTION('',(0.923879532511,0.382683432365,0.));
#2057 = ADVANCED_FACE('',(#2058),#2069,.T.);
#2058 = FACE_BOUND('',#2059,.T.);
#2059 = EDGE_LOOP('',(#2060,#2067,#2068));
#2060 = ORIENTED_EDGE('',*,*,#2061,.T.);
#2061 = EDGE_CURVE('',#1999,#1997,#2062,.T.);
#2062 = CIRCLE('',#2063,1.75);
#2063 = AXIS2_PLACEMENT_3D('',#2064,#2065,#2066);
#2064 = CARTESIAN_POINT('',(1.,0.,4.6));
#2065 = DIRECTION('',(0.,-0.,-1.));
#2066 = DIRECTION('',(0.923879532511,-0.382683432365,0.));
#2067 = ORIENTED_EDGE('',*,*,#2015,.T.);
#2068 = ORIENTED_EDGE('',*,*,#2007,.F.);
#2069 = PLANE('',#2070);
#2070 = AXIS2_PLACEMENT_3D('',#2071,#2072,#2073);
#2071 = CARTESIAN_POINT('',(1.,0.,4.6));
#2072 = DIRECTION('',(0.,0.,-1.));
#2073 = DIRECTION('',(0.923879532511,-0.382683432365,0.));
#2074 = ADVANCED_FACE('',(#2075),#2096,.T.);
#2075 = FACE_BOUND('',#2076,.T.);
#2076 = EDGE_LOOP('',(#2077,#2078,#2087,#2094,#2095));
#2077 = ORIENTED_EDGE('',*,*,#2046,.F.);
#2078 = ORIENTED_EDGE('',*,*,#2079,.F.);
#2079 = EDGE_CURVE('',#2080,#2038,#2082,.T.);
#2080 = VERTEX_POINT('',#2081);
#2081 = CARTESIAN_POINT('',(-0.75,2.143131898508E-16,4.7));
#2082 = CIRCLE('',#2083,1.75);
#2083 = AXIS2_PLACEMENT_3D('',#2084,#2085,#2086);
#2084 = CARTESIAN_POINT('',(1.,0.,4.7));
#2085 = DIRECTION('',(0.,0.,1.));
#2086 = DIRECTION('',(-1.,1.224646799147E-16,0.));
#2087 = ORIENTED_EDGE('',*,*,#2088,.F.);
#2088 = EDGE_CURVE('',#2030,#2080,#2089,.T.);
#2089 = CIRCLE('',#2090,1.75);
#2090 = AXIS2_PLACEMENT_3D('',#2091,#2092,#2093);
#2091 = CARTESIAN_POINT('',(1.,0.,4.7));
#2092 = DIRECTION('',(0.,0.,1.));
#2093 = DIRECTION('',(-1.,1.224646799147E-16,0.));
#2094 = ORIENTED_EDGE('',*,*,#2029,.T.);
#2095 = ORIENTED_EDGE('',*,*,#2061,.F.);
#2096 = CYLINDRICAL_SURFACE('',#2097,1.75);
#2097 = AXIS2_PLACEMENT_3D('',#2098,#2099,#2100);
#2098 = CARTESIAN_POINT('',(1.,0.,5.));
#2099 = DIRECTION('',(0.,0.,-1.));
#2100 = DIRECTION('',(0.923879532511,-0.382683432365,0.));
#2101 = ADVANCED_FACE('',(#2102),#2107,.T.);
#2102 = FACE_BOUND('',#2103,.T.);
#2103 = EDGE_LOOP('',(#2104,#2105,#2106));
#2104 = ORIENTED_EDGE('',*,*,#2079,.T.);
#2105 = ORIENTED_EDGE('',*,*,#2037,.T.);
#2106 = ORIENTED_EDGE('',*,*,#2088,.T.);
#2107 = PLANE('',#2108);
#2108 = AXIS2_PLACEMENT_3D('',#2109,#2110,#2111);
#2109 = CARTESIAN_POINT('',(1.,-1.239108604125E-16,4.7));
#2110 = DIRECTION('',(0.,0.,1.));
#2111 = DIRECTION('',(-1.,1.224646799147E-16,0.));
#2112 = ( GEOMETRIC_REPRESENTATION_CONTEXT(3) 
GLOBAL_UNCERTAINTY_ASSIGNED_CONTEXT((#2116)) 
GLOBAL_UNIT_ASSIGNED_CONTEXT((#2113,#2114,#2115)) REPRESENTATION_CONTEXT
('Context #1','3D Context with UNIT and UNCERTAINTY') );
#2113 = ( LENGTH_UNIT() NAMED_UNIT(*) SI_UNIT(.MILLI.,.METRE.) );
#2114 = ( NAMED_UNIT(*) PLANE_ANGLE_UNIT() SI_UNIT($,.RADIAN.) );
#2115 = ( NAMED_UNIT(*) SI_UNIT($,.STERADIAN.) SOLID_ANGLE_UNIT() );
#2116 = UNCERTAINTY_MEASURE_WITH_UNIT(LENGTH_MEASURE(2.E-06),#2113,
  'distance_accuracy_value','confusion accuracy');
#2117 = CONTEXT_DEPENDENT_SHAPE_REPRESENTATION(#2118,#2120);
#2118 = ( REPRESENTATION_RELATIONSHIP('','',#71,#48) 
REPRESENTATION_RELATIONSHIP_WITH_TRANSFORMATION(#2119) 
SHAPE_REPRESENTATION_RELATIONSHIP() );
#2119 = ITEM_DEFINED_TRANSFORMATION('','',#11,#49);
#2120 = PRODUCT_DEFINITION_SHAPE('Placement','Placement of an item',
  #2121);
#2121 = NEXT_ASSEMBLY_USAGE_OCCURRENCE('1','=>[0:1:1:3]','',#43,#66,$);
#2122 = PRODUCT_RELATED_PRODUCT_CATEGORY('part',$,(#68));
#2123 = SHAPE_DEFINITION_REPRESENTATION(#2124,#2130);
#2124 = PRODUCT_DEFINITION_SHAPE('','',#2125);
#2125 = PRODUCT_DEFINITION('design','',#2126,#2129);
#2126 = PRODUCT_DEFINITION_FORMATION('','',#2127);
#2127 = PRODUCT('PinHeader_1x03_P2.54mm_Vertical',
  'PinHeader_1x03_P2.54mm_Vertical','',(#2128));
#2128 = PRODUCT_CONTEXT('',#2,'mechanical');
#2129 = PRODUCT_DEFINITION_CONTEXT('part definition',#2,'design');
#2130 = SHAPE_REPRESENTATION('',(#11,#2131),#2135);
#2131 = AXIS2_PLACEMENT_3D('',#2132,#2133,#2134);
#2132 = CARTESIAN_POINT('',(0.,0.,0.));
#2133 = DIRECTION('',(0.,0.,1.));
#2134 = DIRECTION('',(1.,0.,-0.));
#2135 = ( GEOMETRIC_REPRESENTATION_CONTEXT(3) 
GLOBAL_UNCERTAINTY_ASSIGNED_CONTEXT((#2139)) 
GLOBAL_UNIT_ASSIGNED_CONTEXT((#2136,#2137,#2138)) REPRESENTATION_CONTEXT
('Context #1','3D Context with UNIT and UNCERTAINTY') );
#2136 = ( LENGTH_UNIT() NAMED_UNIT(*) SI_UNIT(.MILLI.,.METRE.) );
#2137 = ( NAMED_UNIT(*) PLANE_ANGLE_UNIT() SI_UNIT($,.RADIAN.) );
#2138 = ( NAMED_UNIT(*) SI_UNIT($,.STERADIAN.) SOLID_ANGLE_UNIT() );
#2139 = UNCERTAINTY_MEASURE_WITH_UNIT(LENGTH_MEASURE(1.E-07),#2136,
  'distance_accuracy_value','confusion accuracy');
#2140 = CONTEXT_DEPENDENT_SHAPE_REPRESENTATION(#2141,#2143);
#2141 = ( REPRESENTATION_RELATIONSHIP('','',#2130,#10) 
REPRESENTATION_RELATIONSHIP_WITH_TRANSFORMATION(#2142) 
SHAPE_REPRESENTATION_RELATIONSHIP() );
#2142 = ITEM_DEFINED_TRANSFORMATION('','',#11,#19);
#2143 = PRODUCT_DEFINITION_SHAPE('Placement','Placement of an item',
  #2144);
#2144 = NEXT_ASSEMBLY_USAGE_OCCURRENCE('4','M1','',#5,#2125,$);
#2145 = PRODUCT_RELATED_PRODUCT_CATEGORY('part',$,(#2127));
#2146 = SHAPE_DEFINITION_REPRESENTATION(#2147,#2153);
#2147 = PRODUCT_DEFINITION_SHAPE('','',#2148);
#2148 = PRODUCT_DEFINITION('design','',#2149,#2152);
#2149 = PRODUCT_DEFINITION_FORMATION('','',#2150);
#2150 = PRODUCT('PinHeader_1x03_P254mm_Vertical',
  'PinHeader_1x03_P254mm_Vertical','',(#2151));
#2151 = PRODUCT_CONTEXT('',#2,'mechanical');
#2152 = PRODUCT_DEFINITION_CONTEXT('part definition',#2,'design');
#2153 = ADVANCED_BREP_SHAPE_REPRESENTATION('',(#11,#2154),#4260);
#2154 = MANIFOLD_SOLID_BREP('',#2155);
#2155 = CLOSED_SHELL('',(#2156,#2196,#2227,#2258,#2505,#2752,#2769,#2786
    ,#2803,#2820,#2837,#2854,#2871,#2888,#2905,#2922,#2939,#2956,#2973,
    #2990,#3007,#3024,#3036,#3067,#3091,#3115,#3132,#3163,#3187,#3211,
    #3228,#3259,#3283,#3307,#3324,#3355,#3379,#3403,#3420,#3451,#3475,
    #3499,#3516,#3547,#3571,#3595,#3612,#3643,#3667,#3691,#3708,#3739,
    #3763,#3787,#3804,#3835,#3859,#3883,#3900,#3931,#3955,#3979,#3996,
    #4027,#4051,#4075,#4092,#4123,#4147,#4171,#4188,#4200,#4212,#4224,
    #4236,#4248));
#2156 = ADVANCED_FACE('',(#2157),#2191,.F.);
#2157 = FACE_BOUND('',#2158,.F.);
#2158 = EDGE_LOOP('',(#2159,#2169,#2177,#2185));
#2159 = ORIENTED_EDGE('',*,*,#2160,.T.);
#2160 = EDGE_CURVE('',#2161,#2163,#2165,.T.);
#2161 = VERTEX_POINT('',#2162);
#2162 = CARTESIAN_POINT('',(-1.016,1.27,0.));
#2163 = VERTEX_POINT('',#2164);
#2164 = CARTESIAN_POINT('',(-1.016,1.27,2.54));
#2165 = LINE('',#2166,#2167);
#2166 = CARTESIAN_POINT('',(-1.016,1.27,0.));
#2167 = VECTOR('',#2168,1.);
#2168 = DIRECTION('',(0.,0.,1.));
#2169 = ORIENTED_EDGE('',*,*,#2170,.T.);
#2170 = EDGE_CURVE('',#2163,#2171,#2173,.T.);
#2171 = VERTEX_POINT('',#2172);
#2172 = CARTESIAN_POINT('',(-1.27,1.016,2.54));
#2173 = LINE('',#2174,#2175);
#2174 = CARTESIAN_POINT('',(-1.016,1.27,2.54));
#2175 = VECTOR('',#2176,1.);
#2176 = DIRECTION('',(-0.707106781187,-0.707106781187,0.));
#2177 = ORIENTED_EDGE('',*,*,#2178,.F.);
#2178 = EDGE_CURVE('',#2179,#2171,#2181,.T.);
#2179 = VERTEX_POINT('',#2180);
#2180 = CARTESIAN_POINT('',(-1.27,1.016,0.));
#2181 = LINE('',#2182,#2183);
#2182 = CARTESIAN_POINT('',(-1.27,1.016,0.));
#2183 = VECTOR('',#2184,1.);
#2184 = DIRECTION('',(0.,0.,1.));
#2185 = ORIENTED_EDGE('',*,*,#2186,.F.);
#2186 = EDGE_CURVE('',#2161,#2179,#2187,.T.);
#2187 = LINE('',#2188,#2189);
#2188 = CARTESIAN_POINT('',(-1.016,1.27,0.));
#2189 = VECTOR('',#2190,1.);
#2190 = DIRECTION('',(-0.707106781187,-0.707106781187,0.));
#2191 = PLANE('',#2192);
#2192 = AXIS2_PLACEMENT_3D('',#2193,#2194,#2195);
#2193 = CARTESIAN_POINT('',(-1.016,1.27,0.));
#2194 = DIRECTION('',(0.707106781187,-0.707106781187,0.));
#2195 = DIRECTION('',(-0.707106781187,-0.707106781187,0.));
#2196 = ADVANCED_FACE('',(#2197),#2222,.F.);
#2197 = FACE_BOUND('',#2198,.F.);
#2198 = EDGE_LOOP('',(#2199,#2209,#2215,#2216));
#2199 = ORIENTED_EDGE('',*,*,#2200,.T.);
#2200 = EDGE_CURVE('',#2201,#2203,#2205,.T.);
#2201 = VERTEX_POINT('',#2202);
#2202 = CARTESIAN_POINT('',(1.016,1.27,0.));
#2203 = VERTEX_POINT('',#2204);
#2204 = CARTESIAN_POINT('',(1.016,1.27,2.54));
#2205 = LINE('',#2206,#2207);
#2206 = CARTESIAN_POINT('',(1.016,1.27,0.));
#2207 = VECTOR('',#2208,1.);
#2208 = DIRECTION('',(0.,0.,1.));
#2209 = ORIENTED_EDGE('',*,*,#2210,.T.);
#2210 = EDGE_CURVE('',#2203,#2163,#2211,.T.);
#2211 = LINE('',#2212,#2213);
#2212 = CARTESIAN_POINT('',(1.016,1.27,2.54));
#2213 = VECTOR('',#2214,1.);
#2214 = DIRECTION('',(-1.,0.,0.));
#2215 = ORIENTED_EDGE('',*,*,#2160,.F.);
#2216 = ORIENTED_EDGE('',*,*,#2217,.F.);
#2217 = EDGE_CURVE('',#2201,#2161,#2218,.T.);
#2218 = LINE('',#2219,#2220);
#2219 = CARTESIAN_POINT('',(1.016,1.27,0.));
#2220 = VECTOR('',#2221,1.);
#2221 = DIRECTION('',(-1.,0.,0.));
#2222 = PLANE('',#2223);
#2223 = AXIS2_PLACEMENT_3D('',#2224,#2225,#2226);
#2224 = CARTESIAN_POINT('',(1.016,1.27,0.));
#2225 = DIRECTION('',(0.,-1.,0.));
#2226 = DIRECTION('',(-1.,0.,0.));
#2227 = ADVANCED_FACE('',(#2228),#2253,.F.);
#2228 = FACE_BOUND('',#2229,.F.);
#2229 = EDGE_LOOP('',(#2230,#2231,#2239,#2247));
#2230 = ORIENTED_EDGE('',*,*,#2178,.T.);
#2231 = ORIENTED_EDGE('',*,*,#2232,.T.);
#2232 = EDGE_CURVE('',#2171,#2233,#2235,.T.);
#2233 = VERTEX_POINT('',#2234);
#2234 = CARTESIAN_POINT('',(-1.27,-1.016,2.54));
#2235 = LINE('',#2236,#2237);
#2236 = CARTESIAN_POINT('',(-1.27,1.016,2.54));
#2237 = VECTOR('',#2238,1.);
#2238 = DIRECTION('',(0.,-1.,0.));
#2239 = ORIENTED_EDGE('',*,*,#2240,.F.);
#2240 = EDGE_CURVE('',#2241,#2233,#2243,.T.);
#2241 = VERTEX_POINT('',#2242);
#2242 = CARTESIAN_POINT('',(-1.27,-1.016,0.));
#2243 = LINE('',#2244,#2245);
#2244 = CARTESIAN_POINT('',(-1.27,-1.016,0.));
#2245 = VECTOR('',#2246,1.);
#2246 = DIRECTION('',(0.,0.,1.));
#2247 = ORIENTED_EDGE('',*,*,#2248,.F.);
#2248 = EDGE_CURVE('',#2179,#2241,#2249,.T.);
#2249 = LINE('',#2250,#2251);
#2250 = CARTESIAN_POINT('',(-1.27,1.016,0.));
#2251 = VECTOR('',#2252,1.);
#2252 = DIRECTION('',(0.,-1.,0.));
#2253 = PLANE('',#2254);
#2254 = AXIS2_PLACEMENT_3D('',#2255,#2256,#2257);
#2255 = CARTESIAN_POINT('',(-1.27,1.016,0.));
#2256 = DIRECTION('',(1.,0.,0.));
#2257 = DIRECTION('',(0.,-1.,0.));
#2258 = ADVANCED_FACE('',(#2259,#2398,#2432,#2466),#2500,.F.);
#2259 = FACE_BOUND('',#2260,.F.);
#2260 = EDGE_LOOP('',(#2261,#2262,#2263,#2271,#2279,#2287,#2295,#2303,
    #2311,#2319,#2327,#2335,#2343,#2351,#2359,#2367,#2375,#2383,#2391,
    #2397));
#2261 = ORIENTED_EDGE('',*,*,#2186,.T.);
#2262 = ORIENTED_EDGE('',*,*,#2248,.T.);
#2263 = ORIENTED_EDGE('',*,*,#2264,.T.);
#2264 = EDGE_CURVE('',#2241,#2265,#2267,.T.);
#2265 = VERTEX_POINT('',#2266);
#2266 = CARTESIAN_POINT('',(-1.016,-1.27,0.));
#2267 = LINE('',#2268,#2269);
#2268 = CARTESIAN_POINT('',(-1.27,-1.016,0.));
#2269 = VECTOR('',#2270,1.);
#2270 = DIRECTION('',(0.707106781187,-0.707106781187,0.));
#2271 = ORIENTED_EDGE('',*,*,#2272,.T.);
#2272 = EDGE_CURVE('',#2265,#2273,#2275,.T.);
#2273 = VERTEX_POINT('',#2274);
#2274 = CARTESIAN_POINT('',(-1.27,-1.524,0.));
#2275 = LINE('',#2276,#2277);
#2276 = CARTESIAN_POINT('',(-1.016,-1.27,0.));
#2277 = VECTOR('',#2278,1.);
#2278 = DIRECTION('',(-0.707106781187,-0.707106781187,0.));
#2279 = ORIENTED_EDGE('',*,*,#2280,.T.);
#2280 = EDGE_CURVE('',#2273,#2281,#2283,.T.);
#2281 = VERTEX_POINT('',#2282);
#2282 = CARTESIAN_POINT('',(-1.27,-3.556,0.));
#2283 = LINE('',#2284,#2285);
#2284 = CARTESIAN_POINT('',(-1.27,-1.524,0.));
#2285 = VECTOR('',#2286,1.);
#2286 = DIRECTION('',(0.,-1.,0.));
#2287 = ORIENTED_EDGE('',*,*,#2288,.T.);
#2288 = EDGE_CURVE('',#2281,#2289,#2291,.T.);
#2289 = VERTEX_POINT('',#2290);
#2290 = CARTESIAN_POINT('',(-1.016,-3.81,0.));
#2291 = LINE('',#2292,#2293);
#2292 = CARTESIAN_POINT('',(-1.27,-3.556,0.));
#2293 = VECTOR('',#2294,1.);
#2294 = DIRECTION('',(0.707106781187,-0.707106781187,0.));
#2295 = ORIENTED_EDGE('',*,*,#2296,.T.);
#2296 = EDGE_CURVE('',#2289,#2297,#2299,.T.);
#2297 = VERTEX_POINT('',#2298);
#2298 = CARTESIAN_POINT('',(-1.27,-4.064,0.));
#2299 = LINE('',#2300,#2301);
#2300 = CARTESIAN_POINT('',(-1.016,-3.81,0.));
#2301 = VECTOR('',#2302,1.);
#2302 = DIRECTION('',(-0.707106781187,-0.707106781187,0.));
#2303 = ORIENTED_EDGE('',*,*,#2304,.T.);
#2304 = EDGE_CURVE('',#2297,#2305,#2307,.T.);
#2305 = VERTEX_POINT('',#2306);
#2306 = CARTESIAN_POINT('',(-1.27,-6.096,0.));
#2307 = LINE('',#2308,#2309);
#2308 = CARTESIAN_POINT('',(-1.27,-4.064,0.));
#2309 = VECTOR('',#2310,1.);
#2310 = DIRECTION('',(0.,-1.,0.));
#2311 = ORIENTED_EDGE('',*,*,#2312,.T.);
#2312 = EDGE_CURVE('',#2305,#2313,#2315,.T.);
#2313 = VERTEX_POINT('',#2314);
#2314 = CARTESIAN_POINT('',(-1.016,-6.35,0.));
#2315 = LINE('',#2316,#2317);
#2316 = CARTESIAN_POINT('',(-1.27,-6.096,0.));
#2317 = VECTOR('',#2318,1.);
#2318 = DIRECTION('',(0.707106781187,-0.707106781187,0.));
#2319 = ORIENTED_EDGE('',*,*,#2320,.T.);
#2320 = EDGE_CURVE('',#2313,#2321,#2323,.T.);
#2321 = VERTEX_POINT('',#2322);
#2322 = CARTESIAN_POINT('',(1.016,-6.35,0.));
#2323 = LINE('',#2324,#2325);
#2324 = CARTESIAN_POINT('',(-1.016,-6.35,0.));
#2325 = VECTOR('',#2326,1.);
#2326 = DIRECTION('',(1.,0.,0.));
#2327 = ORIENTED_EDGE('',*,*,#2328,.T.);
#2328 = EDGE_CURVE('',#2321,#2329,#2331,.T.);
#2329 = VERTEX_POINT('',#2330);
#2330 = CARTESIAN_POINT('',(1.27,-6.096,0.));
#2331 = LINE('',#2332,#2333);
#2332 = CARTESIAN_POINT('',(1.016,-6.35,0.));
#2333 = VECTOR('',#2334,1.);
#2334 = DIRECTION('',(0.707106781187,0.707106781187,0.));
#2335 = ORIENTED_EDGE('',*,*,#2336,.T.);
#2336 = EDGE_CURVE('',#2329,#2337,#2339,.T.);
#2337 = VERTEX_POINT('',#2338);
#2338 = CARTESIAN_POINT('',(1.27,-4.064,0.));
#2339 = LINE('',#2340,#2341);
#2340 = CARTESIAN_POINT('',(1.27,-6.096,0.));
#2341 = VECTOR('',#2342,1.);
#2342 = DIRECTION('',(0.,1.,0.));
#2343 = ORIENTED_EDGE('',*,*,#2344,.T.);
#2344 = EDGE_CURVE('',#2337,#2345,#2347,.T.);
#2345 = VERTEX_POINT('',#2346);
#2346 = CARTESIAN_POINT('',(1.016,-3.81,0.));
#2347 = LINE('',#2348,#2349);
#2348 = CARTESIAN_POINT('',(1.27,-4.064,0.));
#2349 = VECTOR('',#2350,1.);
#2350 = DIRECTION('',(-0.707106781187,0.707106781187,0.));
#2351 = ORIENTED_EDGE('',*,*,#2352,.T.);
#2352 = EDGE_CURVE('',#2345,#2353,#2355,.T.);
#2353 = VERTEX_POINT('',#2354);
#2354 = CARTESIAN_POINT('',(1.27,-3.556,0.));
#2355 = LINE('',#2356,#2357);
#2356 = CARTESIAN_POINT('',(1.016,-3.81,0.));
#2357 = VECTOR('',#2358,1.);
#2358 = DIRECTION('',(0.707106781187,0.707106781187,0.));
#2359 = ORIENTED_EDGE('',*,*,#2360,.T.);
#2360 = EDGE_CURVE('',#2353,#2361,#2363,.T.);
#2361 = VERTEX_POINT('',#2362);
#2362 = CARTESIAN_POINT('',(1.27,-1.524,0.));
#2363 = LINE('',#2364,#2365);
#2364 = CARTESIAN_POINT('',(1.27,-3.556,0.));
#2365 = VECTOR('',#2366,1.);
#2366 = DIRECTION('',(0.,1.,0.));
#2367 = ORIENTED_EDGE('',*,*,#2368,.T.);
#2368 = EDGE_CURVE('',#2361,#2369,#2371,.T.);
#2369 = VERTEX_POINT('',#2370);
#2370 = CARTESIAN_POINT('',(1.016,-1.27,0.));
#2371 = LINE('',#2372,#2373);
#2372 = CARTESIAN_POINT('',(1.27,-1.524,0.));
#2373 = VECTOR('',#2374,1.);
#2374 = DIRECTION('',(-0.707106781187,0.707106781187,0.));
#2375 = ORIENTED_EDGE('',*,*,#2376,.T.);
#2376 = EDGE_CURVE('',#2369,#2377,#2379,.T.);
#2377 = VERTEX_POINT('',#2378);
#2378 = CARTESIAN_POINT('',(1.27,-1.016,0.));
#2379 = LINE('',#2380,#2381);
#2380 = CARTESIAN_POINT('',(1.016,-1.27,0.));
#2381 = VECTOR('',#2382,1.);
#2382 = DIRECTION('',(0.707106781187,0.707106781187,0.));
#2383 = ORIENTED_EDGE('',*,*,#2384,.T.);
#2384 = EDGE_CURVE('',#2377,#2385,#2387,.T.);
#2385 = VERTEX_POINT('',#2386);
#2386 = CARTESIAN_POINT('',(1.27,1.016,0.));
#2387 = LINE('',#2388,#2389);
#2388 = CARTESIAN_POINT('',(1.27,-1.016,0.));
#2389 = VECTOR('',#2390,1.);
#2390 = DIRECTION('',(0.,1.,0.));
#2391 = ORIENTED_EDGE('',*,*,#2392,.T.);
#2392 = EDGE_CURVE('',#2385,#2201,#2393,.T.);
#2393 = LINE('',#2394,#2395);
#2394 = CARTESIAN_POINT('',(1.27,1.016,0.));
#2395 = VECTOR('',#2396,1.);
#2396 = DIRECTION('',(-0.707106781187,0.707106781187,0.));
#2397 = ORIENTED_EDGE('',*,*,#2217,.T.);
#2398 = FACE_BOUND('',#2399,.F.);
#2399 = EDGE_LOOP('',(#2400,#2410,#2418,#2426));
#2400 = ORIENTED_EDGE('',*,*,#2401,.F.);
#2401 = EDGE_CURVE('',#2402,#2404,#2406,.T.);
#2402 = VERTEX_POINT('',#2403);
#2403 = CARTESIAN_POINT('',(0.32,-0.32,0.));
#2404 = VERTEX_POINT('',#2405);
#2405 = CARTESIAN_POINT('',(0.32,0.32,0.));
#2406 = LINE('',#2407,#2408);
#2407 = CARTESIAN_POINT('',(0.32,-1.43,0.));
#2408 = VECTOR('',#2409,1.);
#2409 = DIRECTION('',(0.,1.,0.));
#2410 = ORIENTED_EDGE('',*,*,#2411,.T.);
#2411 = EDGE_CURVE('',#2402,#2412,#2414,.T.);
#2412 = VERTEX_POINT('',#2413);
#2413 = CARTESIAN_POINT('',(-0.32,-0.32,0.));
#2414 = LINE('',#2415,#2416);
#2415 = CARTESIAN_POINT('',(-0.16,-0.32,0.));
#2416 = VECTOR('',#2417,1.);
#2417 = DIRECTION('',(-1.,0.,0.));
#2418 = ORIENTED_EDGE('',*,*,#2419,.T.);
#2419 = EDGE_CURVE('',#2412,#2420,#2422,.T.);
#2420 = VERTEX_POINT('',#2421);
#2421 = CARTESIAN_POINT('',(-0.32,0.32,0.));
#2422 = LINE('',#2423,#2424);
#2423 = CARTESIAN_POINT('',(-0.32,-1.43,0.));
#2424 = VECTOR('',#2425,1.);
#2425 = DIRECTION('',(0.,1.,0.));
#2426 = ORIENTED_EDGE('',*,*,#2427,.F.);
#2427 = EDGE_CURVE('',#2404,#2420,#2428,.T.);
#2428 = LINE('',#2429,#2430);
#2429 = CARTESIAN_POINT('',(-0.16,0.32,0.));
#2430 = VECTOR('',#2431,1.);
#2431 = DIRECTION('',(-1.,0.,0.));
#2432 = FACE_BOUND('',#2433,.F.);
#2433 = EDGE_LOOP('',(#2434,#2444,#2452,#2460));
#2434 = ORIENTED_EDGE('',*,*,#2435,.T.);
#2435 = EDGE_CURVE('',#2436,#2438,#2440,.T.);
#2436 = VERTEX_POINT('',#2437);
#2437 = CARTESIAN_POINT('',(0.32,-2.86,0.));
#2438 = VERTEX_POINT('',#2439);
#2439 = CARTESIAN_POINT('',(-0.32,-2.86,0.));
#2440 = LINE('',#2441,#2442);
#2441 = CARTESIAN_POINT('',(-0.16,-2.86,0.));
#2442 = VECTOR('',#2443,1.);
#2443 = DIRECTION('',(-1.,0.,0.));
#2444 = ORIENTED_EDGE('',*,*,#2445,.T.);
#2445 = EDGE_CURVE('',#2438,#2446,#2448,.T.);
#2446 = VERTEX_POINT('',#2447);
#2447 = CARTESIAN_POINT('',(-0.32,-2.22,0.));
#2448 = LINE('',#2449,#2450);
#2449 = CARTESIAN_POINT('',(-0.32,-2.7,0.));
#2450 = VECTOR('',#2451,1.);
#2451 = DIRECTION('',(0.,1.,0.));
#2452 = ORIENTED_EDGE('',*,*,#2453,.F.);
#2453 = EDGE_CURVE('',#2454,#2446,#2456,.T.);
#2454 = VERTEX_POINT('',#2455);
#2455 = CARTESIAN_POINT('',(0.32,-2.22,0.));
#2456 = LINE('',#2457,#2458);
#2457 = CARTESIAN_POINT('',(-0.16,-2.22,0.));
#2458 = VECTOR('',#2459,1.);
#2459 = DIRECTION('',(-1.,0.,0.));
#2460 = ORIENTED_EDGE('',*,*,#2461,.F.);
#2461 = EDGE_CURVE('',#2436,#2454,#2462,.T.);
#2462 = LINE('',#2463,#2464);
#2463 = CARTESIAN_POINT('',(0.32,-2.7,0.));
#2464 = VECTOR('',#2465,1.);
#2465 = DIRECTION('',(0.,1.,0.));
#2466 = FACE_BOUND('',#2467,.F.);
#2467 = EDGE_LOOP('',(#2468,#2478,#2486,#2494));
#2468 = ORIENTED_EDGE('',*,*,#2469,.F.);
#2469 = EDGE_CURVE('',#2470,#2472,#2474,.T.);
#2470 = VERTEX_POINT('',#2471);
#2471 = CARTESIAN_POINT('',(0.32,-4.76,0.));
#2472 = VERTEX_POINT('',#2473);
#2473 = CARTESIAN_POINT('',(-0.32,-4.76,0.));
#2474 = LINE('',#2475,#2476);
#2475 = CARTESIAN_POINT('',(-0.16,-4.76,0.));
#2476 = VECTOR('',#2477,1.);
#2477 = DIRECTION('',(-1.,0.,0.));
#2478 = ORIENTED_EDGE('',*,*,#2479,.F.);
#2479 = EDGE_CURVE('',#2480,#2470,#2482,.T.);
#2480 = VERTEX_POINT('',#2481);
#2481 = CARTESIAN_POINT('',(0.32,-5.4,0.));
#2482 = LINE('',#2483,#2484);
#2483 = CARTESIAN_POINT('',(0.32,-3.97,0.));
#2484 = VECTOR('',#2485,1.);
#2485 = DIRECTION('',(0.,1.,0.));
#2486 = ORIENTED_EDGE('',*,*,#2487,.T.);
#2487 = EDGE_CURVE('',#2480,#2488,#2490,.T.);
#2488 = VERTEX_POINT('',#2489);
#2489 = CARTESIAN_POINT('',(-0.32,-5.4,0.));
#2490 = LINE('',#2491,#2492);
#2491 = CARTESIAN_POINT('',(-0.16,-5.4,0.));
#2492 = VECTOR('',#2493,1.);
#2493 = DIRECTION('',(-1.,0.,0.));
#2494 = ORIENTED_EDGE('',*,*,#2495,.T.);
#2495 = EDGE_CURVE('',#2488,#2472,#2496,.T.);
#2496 = LINE('',#2497,#2498);
#2497 = CARTESIAN_POINT('',(-0.32,-3.97,0.));
#2498 = VECTOR('',#2499,1.);
#2499 = DIRECTION('',(0.,1.,0.));
#2500 = PLANE('',#2501);
#2501 = AXIS2_PLACEMENT_3D('',#2502,#2503,#2504);
#2502 = CARTESIAN_POINT('',(5.398204781459E-17,-2.54,0.));
#2503 = DIRECTION('',(0.,0.,1.));
#2504 = DIRECTION('',(1.,0.,-0.));
#2505 = ADVANCED_FACE('',(#2506,#2645,#2679,#2713),#2747,.T.);
#2506 = FACE_BOUND('',#2507,.T.);
#2507 = EDGE_LOOP('',(#2508,#2509,#2510,#2518,#2526,#2534,#2542,#2550,
    #2558,#2566,#2574,#2582,#2590,#2598,#2606,#2614,#2622,#2630,#2638,
    #2644));
#2508 = ORIENTED_EDGE('',*,*,#2170,.T.);
#2509 = ORIENTED_EDGE('',*,*,#2232,.T.);
#2510 = ORIENTED_EDGE('',*,*,#2511,.T.);
#2511 = EDGE_CURVE('',#2233,#2512,#2514,.T.);
#2512 = VERTEX_POINT('',#2513);
#2513 = CARTESIAN_POINT('',(-1.016,-1.27,2.54));
#2514 = LINE('',#2515,#2516);
#2515 = CARTESIAN_POINT('',(-1.27,-1.016,2.54));
#2516 = VECTOR('',#2517,1.);
#2517 = DIRECTION('',(0.707106781187,-0.707106781187,0.));
#2518 = ORIENTED_EDGE('',*,*,#2519,.T.);
#2519 = EDGE_CURVE('',#2512,#2520,#2522,.T.);
#2520 = VERTEX_POINT('',#2521);
#2521 = CARTESIAN_POINT('',(-1.27,-1.524,2.54));
#2522 = LINE('',#2523,#2524);
#2523 = CARTESIAN_POINT('',(-1.016,-1.27,2.54));
#2524 = VECTOR('',#2525,1.);
#2525 = DIRECTION('',(-0.707106781187,-0.707106781187,0.));
#2526 = ORIENTED_EDGE('',*,*,#2527,.T.);
#2527 = EDGE_CURVE('',#2520,#2528,#2530,.T.);
#2528 = VERTEX_POINT('',#2529);
#2529 = CARTESIAN_POINT('',(-1.27,-3.556,2.54));
#2530 = LINE('',#2531,#2532);
#2531 = CARTESIAN_POINT('',(-1.27,-1.524,2.54));
#2532 = VECTOR('',#2533,1.);
#2533 = DIRECTION('',(0.,-1.,0.));
#2534 = ORIENTED_EDGE('',*,*,#2535,.T.);
#2535 = EDGE_CURVE('',#2528,#2536,#2538,.T.);
#2536 = VERTEX_POINT('',#2537);
#2537 = CARTESIAN_POINT('',(-1.016,-3.81,2.54));
#2538 = LINE('',#2539,#2540);
#2539 = CARTESIAN_POINT('',(-1.27,-3.556,2.54));
#2540 = VECTOR('',#2541,1.);
#2541 = DIRECTION('',(0.707106781187,-0.707106781187,0.));
#2542 = ORIENTED_EDGE('',*,*,#2543,.T.);
#2543 = EDGE_CURVE('',#2536,#2544,#2546,.T.);
#2544 = VERTEX_POINT('',#2545);
#2545 = CARTESIAN_POINT('',(-1.27,-4.064,2.54));
#2546 = LINE('',#2547,#2548);
#2547 = CARTESIAN_POINT('',(-1.016,-3.81,2.54));
#2548 = VECTOR('',#2549,1.);
#2549 = DIRECTION('',(-0.707106781187,-0.707106781187,0.));
#2550 = ORIENTED_EDGE('',*,*,#2551,.T.);
#2551 = EDGE_CURVE('',#2544,#2552,#2554,.T.);
#2552 = VERTEX_POINT('',#2553);
#2553 = CARTESIAN_POINT('',(-1.27,-6.096,2.54));
#2554 = LINE('',#2555,#2556);
#2555 = CARTESIAN_POINT('',(-1.27,-4.064,2.54));
#2556 = VECTOR('',#2557,1.);
#2557 = DIRECTION('',(0.,-1.,0.));
#2558 = ORIENTED_EDGE('',*,*,#2559,.T.);
#2559 = EDGE_CURVE('',#2552,#2560,#2562,.T.);
#2560 = VERTEX_POINT('',#2561);
#2561 = CARTESIAN_POINT('',(-1.016,-6.35,2.54));
#2562 = LINE('',#2563,#2564);
#2563 = CARTESIAN_POINT('',(-1.27,-6.096,2.54));
#2564 = VECTOR('',#2565,1.);
#2565 = DIRECTION('',(0.707106781187,-0.707106781187,0.));
#2566 = ORIENTED_EDGE('',*,*,#2567,.T.);
#2567 = EDGE_CURVE('',#2560,#2568,#2570,.T.);
#2568 = VERTEX_POINT('',#2569);
#2569 = CARTESIAN_POINT('',(1.016,-6.35,2.54));
#2570 = LINE('',#2571,#2572);
#2571 = CARTESIAN_POINT('',(-1.016,-6.35,2.54));
#2572 = VECTOR('',#2573,1.);
#2573 = DIRECTION('',(1.,0.,0.));
#2574 = ORIENTED_EDGE('',*,*,#2575,.T.);
#2575 = EDGE_CURVE('',#2568,#2576,#2578,.T.);
#2576 = VERTEX_POINT('',#2577);
#2577 = CARTESIAN_POINT('',(1.27,-6.096,2.54));
#2578 = LINE('',#2579,#2580);
#2579 = CARTESIAN_POINT('',(1.016,-6.35,2.54));
#2580 = VECTOR('',#2581,1.);
#2581 = DIRECTION('',(0.707106781187,0.707106781187,0.));
#2582 = ORIENTED_EDGE('',*,*,#2583,.T.);
#2583 = EDGE_CURVE('',#2576,#2584,#2586,.T.);
#2584 = VERTEX_POINT('',#2585);
#2585 = CARTESIAN_POINT('',(1.27,-4.064,2.54));
#2586 = LINE('',#2587,#2588);
#2587 = CARTESIAN_POINT('',(1.27,-6.096,2.54));
#2588 = VECTOR('',#2589,1.);
#2589 = DIRECTION('',(0.,1.,0.));
#2590 = ORIENTED_EDGE('',*,*,#2591,.T.);
#2591 = EDGE_CURVE('',#2584,#2592,#2594,.T.);
#2592 = VERTEX_POINT('',#2593);
#2593 = CARTESIAN_POINT('',(1.016,-3.81,2.54));
#2594 = LINE('',#2595,#2596);
#2595 = CARTESIAN_POINT('',(1.27,-4.064,2.54));
#2596 = VECTOR('',#2597,1.);
#2597 = DIRECTION('',(-0.707106781187,0.707106781187,0.));
#2598 = ORIENTED_EDGE('',*,*,#2599,.T.);
#2599 = EDGE_CURVE('',#2592,#2600,#2602,.T.);
#2600 = VERTEX_POINT('',#2601);
#2601 = CARTESIAN_POINT('',(1.27,-3.556,2.54));
#2602 = LINE('',#2603,#2604);
#2603 = CARTESIAN_POINT('',(1.016,-3.81,2.54));
#2604 = VECTOR('',#2605,1.);
#2605 = DIRECTION('',(0.707106781187,0.707106781187,0.));
#2606 = ORIENTED_EDGE('',*,*,#2607,.T.);
#2607 = EDGE_CURVE('',#2600,#2608,#2610,.T.);
#2608 = VERTEX_POINT('',#2609);
#2609 = CARTESIAN_POINT('',(1.27,-1.524,2.54));
#2610 = LINE('',#2611,#2612);
#2611 = CARTESIAN_POINT('',(1.27,-3.556,2.54));
#2612 = VECTOR('',#2613,1.);
#2613 = DIRECTION('',(0.,1.,0.));
#2614 = ORIENTED_EDGE('',*,*,#2615,.T.);
#2615 = EDGE_CURVE('',#2608,#2616,#2618,.T.);
#2616 = VERTEX_POINT('',#2617);
#2617 = CARTESIAN_POINT('',(1.016,-1.27,2.54));
#2618 = LINE('',#2619,#2620);
#2619 = CARTESIAN_POINT('',(1.27,-1.524,2.54));
#2620 = VECTOR('',#2621,1.);
#2621 = DIRECTION('',(-0.707106781187,0.707106781187,0.));
#2622 = ORIENTED_EDGE('',*,*,#2623,.T.);
#2623 = EDGE_CURVE('',#2616,#2624,#2626,.T.);
#2624 = VERTEX_POINT('',#2625);
#2625 = CARTESIAN_POINT('',(1.27,-1.016,2.54));
#2626 = LINE('',#2627,#2628);
#2627 = CARTESIAN_POINT('',(1.016,-1.27,2.54));
#2628 = VECTOR('',#2629,1.);
#2629 = DIRECTION('',(0.707106781187,0.707106781187,0.));
#2630 = ORIENTED_EDGE('',*,*,#2631,.T.);
#2631 = EDGE_CURVE('',#2624,#2632,#2634,.T.);
#2632 = VERTEX_POINT('',#2633);
#2633 = CARTESIAN_POINT('',(1.27,1.016,2.54));
#2634 = LINE('',#2635,#2636);
#2635 = CARTESIAN_POINT('',(1.27,-1.016,2.54));
#2636 = VECTOR('',#2637,1.);
#2637 = DIRECTION('',(0.,1.,0.));
#2638 = ORIENTED_EDGE('',*,*,#2639,.T.);
#2639 = EDGE_CURVE('',#2632,#2203,#2640,.T.);
#2640 = LINE('',#2641,#2642);
#2641 = CARTESIAN_POINT('',(1.27,1.016,2.54));
#2642 = VECTOR('',#2643,1.);
#2643 = DIRECTION('',(-0.707106781187,0.707106781187,0.));
#2644 = ORIENTED_EDGE('',*,*,#2210,.T.);
#2645 = FACE_BOUND('',#2646,.T.);
#2646 = EDGE_LOOP('',(#2647,#2657,#2665,#2673));
#2647 = ORIENTED_EDGE('',*,*,#2648,.F.);
#2648 = EDGE_CURVE('',#2649,#2651,#2653,.T.);
#2649 = VERTEX_POINT('',#2650);
#2650 = CARTESIAN_POINT('',(0.32,-0.32,2.54));
#2651 = VERTEX_POINT('',#2652);
#2652 = CARTESIAN_POINT('',(0.32,0.32,2.54));
#2653 = LINE('',#2654,#2655);
#2654 = CARTESIAN_POINT('',(0.32,-1.43,2.54));
#2655 = VECTOR('',#2656,1.);
#2656 = DIRECTION('',(0.,1.,0.));
#2657 = ORIENTED_EDGE('',*,*,#2658,.T.);
#2658 = EDGE_CURVE('',#2649,#2659,#2661,.T.);
#2659 = VERTEX_POINT('',#2660);
#2660 = CARTESIAN_POINT('',(-0.32,-0.32,2.54));
#2661 = LINE('',#2662,#2663);
#2662 = CARTESIAN_POINT('',(-0.16,-0.32,2.54));
#2663 = VECTOR('',#2664,1.);
#2664 = DIRECTION('',(-1.,0.,0.));
#2665 = ORIENTED_EDGE('',*,*,#2666,.T.);
#2666 = EDGE_CURVE('',#2659,#2667,#2669,.T.);
#2667 = VERTEX_POINT('',#2668);
#2668 = CARTESIAN_POINT('',(-0.32,0.32,2.54));
#2669 = LINE('',#2670,#2671);
#2670 = CARTESIAN_POINT('',(-0.32,-1.43,2.54));
#2671 = VECTOR('',#2672,1.);
#2672 = DIRECTION('',(0.,1.,0.));
#2673 = ORIENTED_EDGE('',*,*,#2674,.F.);
#2674 = EDGE_CURVE('',#2651,#2667,#2675,.T.);
#2675 = LINE('',#2676,#2677);
#2676 = CARTESIAN_POINT('',(-0.16,0.32,2.54));
#2677 = VECTOR('',#2678,1.);
#2678 = DIRECTION('',(-1.,0.,0.));
#2679 = FACE_BOUND('',#2680,.T.);
#2680 = EDGE_LOOP('',(#2681,#2691,#2699,#2707));
#2681 = ORIENTED_EDGE('',*,*,#2682,.T.);
#2682 = EDGE_CURVE('',#2683,#2685,#2687,.T.);
#2683 = VERTEX_POINT('',#2684);
#2684 = CARTESIAN_POINT('',(0.32,-2.86,2.54));
#2685 = VERTEX_POINT('',#2686);
#2686 = CARTESIAN_POINT('',(-0.32,-2.86,2.54));
#2687 = LINE('',#2688,#2689);
#2688 = CARTESIAN_POINT('',(-0.16,-2.86,2.54));
#2689 = VECTOR('',#2690,1.);
#2690 = DIRECTION('',(-1.,0.,0.));
#2691 = ORIENTED_EDGE('',*,*,#2692,.T.);
#2692 = EDGE_CURVE('',#2685,#2693,#2695,.T.);
#2693 = VERTEX_POINT('',#2694);
#2694 = CARTESIAN_POINT('',(-0.32,-2.22,2.54));
#2695 = LINE('',#2696,#2697);
#2696 = CARTESIAN_POINT('',(-0.32,-2.7,2.54));
#2697 = VECTOR('',#2698,1.);
#2698 = DIRECTION('',(0.,1.,0.));
#2699 = ORIENTED_EDGE('',*,*,#2700,.F.);
#2700 = EDGE_CURVE('',#2701,#2693,#2703,.T.);
#2701 = VERTEX_POINT('',#2702);
#2702 = CARTESIAN_POINT('',(0.32,-2.22,2.54));
#2703 = LINE('',#2704,#2705);
#2704 = CARTESIAN_POINT('',(-0.16,-2.22,2.54));
#2705 = VECTOR('',#2706,1.);
#2706 = DIRECTION('',(-1.,0.,0.));
#2707 = ORIENTED_EDGE('',*,*,#2708,.F.);
#2708 = EDGE_CURVE('',#2683,#2701,#2709,.T.);
#2709 = LINE('',#2710,#2711);
#2710 = CARTESIAN_POINT('',(0.32,-2.7,2.54));
#2711 = VECTOR('',#2712,1.);
#2712 = DIRECTION('',(0.,1.,0.));
#2713 = FACE_BOUND('',#2714,.T.);
#2714 = EDGE_LOOP('',(#2715,#2725,#2733,#2741));
#2715 = ORIENTED_EDGE('',*,*,#2716,.F.);
#2716 = EDGE_CURVE('',#2717,#2719,#2721,.T.);
#2717 = VERTEX_POINT('',#2718);
#2718 = CARTESIAN_POINT('',(0.32,-4.76,2.54));
#2719 = VERTEX_POINT('',#2720);
#2720 = CARTESIAN_POINT('',(-0.32,-4.76,2.54));
#2721 = LINE('',#2722,#2723);
#2722 = CARTESIAN_POINT('',(-0.16,-4.76,2.54));
#2723 = VECTOR('',#2724,1.);
#2724 = DIRECTION('',(-1.,0.,0.));
#2725 = ORIENTED_EDGE('',*,*,#2726,.F.);
#2726 = EDGE_CURVE('',#2727,#2717,#2729,.T.);
#2727 = VERTEX_POINT('',#2728);
#2728 = CARTESIAN_POINT('',(0.32,-5.4,2.54));
#2729 = LINE('',#2730,#2731);
#2730 = CARTESIAN_POINT('',(0.32,-3.97,2.54));
#2731 = VECTOR('',#2732,1.);
#2732 = DIRECTION('',(0.,1.,0.));
#2733 = ORIENTED_EDGE('',*,*,#2734,.T.);
#2734 = EDGE_CURVE('',#2727,#2735,#2737,.T.);
#2735 = VERTEX_POINT('',#2736);
#2736 = CARTESIAN_POINT('',(-0.32,-5.4,2.54));
#2737 = LINE('',#2738,#2739);
#2738 = CARTESIAN_POINT('',(-0.16,-5.4,2.54));
#2739 = VECTOR('',#2740,1.);
#2740 = DIRECTION('',(-1.,0.,0.));
#2741 = ORIENTED_EDGE('',*,*,#2742,.T.);
#2742 = EDGE_CURVE('',#2735,#2719,#2743,.T.);
#2743 = LINE('',#2744,#2745);
#2744 = CARTESIAN_POINT('',(-0.32,-3.97,2.54));
#2745 = VECTOR('',#2746,1.);
#2746 = DIRECTION('',(0.,1.,0.));
#2747 = PLANE('',#2748);
#2748 = AXIS2_PLACEMENT_3D('',#2749,#2750,#2751);
#2749 = CARTESIAN_POINT('',(5.398204781459E-17,-2.54,2.54));
#2750 = DIRECTION('',(0.,0.,1.));
#2751 = DIRECTION('',(1.,0.,-0.));
#2752 = ADVANCED_FACE('',(#2753),#2764,.F.);
#2753 = FACE_BOUND('',#2754,.F.);
#2754 = EDGE_LOOP('',(#2755,#2761,#2762,#2763));
#2755 = ORIENTED_EDGE('',*,*,#2756,.T.);
#2756 = EDGE_CURVE('',#2385,#2632,#2757,.T.);
#2757 = LINE('',#2758,#2759);
#2758 = CARTESIAN_POINT('',(1.27,1.016,0.));
#2759 = VECTOR('',#2760,1.);
#2760 = DIRECTION('',(0.,0.,1.));
#2761 = ORIENTED_EDGE('',*,*,#2639,.T.);
#2762 = ORIENTED_EDGE('',*,*,#2200,.F.);
#2763 = ORIENTED_EDGE('',*,*,#2392,.F.);
#2764 = PLANE('',#2765);
#2765 = AXIS2_PLACEMENT_3D('',#2766,#2767,#2768);
#2766 = CARTESIAN_POINT('',(1.27,1.016,0.));
#2767 = DIRECTION('',(-0.707106781187,-0.707106781187,0.));
#2768 = DIRECTION('',(-0.707106781187,0.707106781187,0.));
#2769 = ADVANCED_FACE('',(#2770),#2781,.F.);
#2770 = FACE_BOUND('',#2771,.F.);
#2771 = EDGE_LOOP('',(#2772,#2773,#2774,#2780));
#2772 = ORIENTED_EDGE('',*,*,#2240,.T.);
#2773 = ORIENTED_EDGE('',*,*,#2511,.T.);
#2774 = ORIENTED_EDGE('',*,*,#2775,.F.);
#2775 = EDGE_CURVE('',#2265,#2512,#2776,.T.);
#2776 = LINE('',#2777,#2778);
#2777 = CARTESIAN_POINT('',(-1.016,-1.27,0.));
#2778 = VECTOR('',#2779,1.);
#2779 = DIRECTION('',(0.,0.,1.));
#2780 = ORIENTED_EDGE('',*,*,#2264,.F.);
#2781 = PLANE('',#2782);
#2782 = AXIS2_PLACEMENT_3D('',#2783,#2784,#2785);
#2783 = CARTESIAN_POINT('',(-1.27,-1.016,0.));
#2784 = DIRECTION('',(0.707106781187,0.707106781187,0.));
#2785 = DIRECTION('',(0.707106781187,-0.707106781187,0.));
#2786 = ADVANCED_FACE('',(#2787),#2798,.F.);
#2787 = FACE_BOUND('',#2788,.F.);
#2788 = EDGE_LOOP('',(#2789,#2795,#2796,#2797));
#2789 = ORIENTED_EDGE('',*,*,#2790,.T.);
#2790 = EDGE_CURVE('',#2377,#2624,#2791,.T.);
#2791 = LINE('',#2792,#2793);
#2792 = CARTESIAN_POINT('',(1.27,-1.016,0.));
#2793 = VECTOR('',#2794,1.);
#2794 = DIRECTION('',(0.,0.,1.));
#2795 = ORIENTED_EDGE('',*,*,#2631,.T.);
#2796 = ORIENTED_EDGE('',*,*,#2756,.F.);
#2797 = ORIENTED_EDGE('',*,*,#2384,.F.);
#2798 = PLANE('',#2799);
#2799 = AXIS2_PLACEMENT_3D('',#2800,#2801,#2802);
#2800 = CARTESIAN_POINT('',(1.27,-1.016,0.));
#2801 = DIRECTION('',(-1.,0.,0.));
#2802 = DIRECTION('',(0.,1.,0.));
#2803 = ADVANCED_FACE('',(#2804),#2815,.F.);
#2804 = FACE_BOUND('',#2805,.F.);
#2805 = EDGE_LOOP('',(#2806,#2807,#2808,#2814));
#2806 = ORIENTED_EDGE('',*,*,#2775,.T.);
#2807 = ORIENTED_EDGE('',*,*,#2519,.T.);
#2808 = ORIENTED_EDGE('',*,*,#2809,.F.);
#2809 = EDGE_CURVE('',#2273,#2520,#2810,.T.);
#2810 = LINE('',#2811,#2812);
#2811 = CARTESIAN_POINT('',(-1.27,-1.524,0.));
#2812 = VECTOR('',#2813,1.);
#2813 = DIRECTION('',(0.,0.,1.));
#2814 = ORIENTED_EDGE('',*,*,#2272,.F.);
#2815 = PLANE('',#2816);
#2816 = AXIS2_PLACEMENT_3D('',#2817,#2818,#2819);
#2817 = CARTESIAN_POINT('',(-1.016,-1.27,0.));
#2818 = DIRECTION('',(0.707106781187,-0.707106781187,0.));
#2819 = DIRECTION('',(-0.707106781187,-0.707106781187,0.));
#2820 = ADVANCED_FACE('',(#2821),#2832,.F.);
#2821 = FACE_BOUND('',#2822,.F.);
#2822 = EDGE_LOOP('',(#2823,#2829,#2830,#2831));
#2823 = ORIENTED_EDGE('',*,*,#2824,.T.);
#2824 = EDGE_CURVE('',#2369,#2616,#2825,.T.);
#2825 = LINE('',#2826,#2827);
#2826 = CARTESIAN_POINT('',(1.016,-1.27,0.));
#2827 = VECTOR('',#2828,1.);
#2828 = DIRECTION('',(0.,0.,1.));
#2829 = ORIENTED_EDGE('',*,*,#2623,.T.);
#2830 = ORIENTED_EDGE('',*,*,#2790,.F.);
#2831 = ORIENTED_EDGE('',*,*,#2376,.F.);
#2832 = PLANE('',#2833);
#2833 = AXIS2_PLACEMENT_3D('',#2834,#2835,#2836);
#2834 = CARTESIAN_POINT('',(1.016,-1.27,0.));
#2835 = DIRECTION('',(-0.707106781187,0.707106781187,0.));
#2836 = DIRECTION('',(0.707106781187,0.707106781187,0.));
#2837 = ADVANCED_FACE('',(#2838),#2849,.F.);
#2838 = FACE_BOUND('',#2839,.F.);
#2839 = EDGE_LOOP('',(#2840,#2841,#2842,#2848));
#2840 = ORIENTED_EDGE('',*,*,#2809,.T.);
#2841 = ORIENTED_EDGE('',*,*,#2527,.T.);
#2842 = ORIENTED_EDGE('',*,*,#2843,.F.);
#2843 = EDGE_CURVE('',#2281,#2528,#2844,.T.);
#2844 = LINE('',#2845,#2846);
#2845 = CARTESIAN_POINT('',(-1.27,-3.556,0.));
#2846 = VECTOR('',#2847,1.);
#2847 = DIRECTION('',(0.,0.,1.));
#2848 = ORIENTED_EDGE('',*,*,#2280,.F.);
#2849 = PLANE('',#2850);
#2850 = AXIS2_PLACEMENT_3D('',#2851,#2852,#2853);
#2851 = CARTESIAN_POINT('',(-1.27,-1.524,0.));
#2852 = DIRECTION('',(1.,0.,0.));
#2853 = DIRECTION('',(0.,-1.,0.));
#2854 = ADVANCED_FACE('',(#2855),#2866,.F.);
#2855 = FACE_BOUND('',#2856,.F.);
#2856 = EDGE_LOOP('',(#2857,#2863,#2864,#2865));
#2857 = ORIENTED_EDGE('',*,*,#2858,.T.);
#2858 = EDGE_CURVE('',#2361,#2608,#2859,.T.);
#2859 = LINE('',#2860,#2861);
#2860 = CARTESIAN_POINT('',(1.27,-1.524,0.));
#2861 = VECTOR('',#2862,1.);
#2862 = DIRECTION('',(0.,0.,1.));
#2863 = ORIENTED_EDGE('',*,*,#2615,.T.);
#2864 = ORIENTED_EDGE('',*,*,#2824,.F.);
#2865 = ORIENTED_EDGE('',*,*,#2368,.F.);
#2866 = PLANE('',#2867);
#2867 = AXIS2_PLACEMENT_3D('',#2868,#2869,#2870);
#2868 = CARTESIAN_POINT('',(1.27,-1.524,0.));
#2869 = DIRECTION('',(-0.707106781187,-0.707106781187,0.));
#2870 = DIRECTION('',(-0.707106781187,0.707106781187,0.));
#2871 = ADVANCED_FACE('',(#2872),#2883,.F.);
#2872 = FACE_BOUND('',#2873,.F.);
#2873 = EDGE_LOOP('',(#2874,#2875,#2876,#2882));
#2874 = ORIENTED_EDGE('',*,*,#2843,.T.);
#2875 = ORIENTED_EDGE('',*,*,#2535,.T.);
#2876 = ORIENTED_EDGE('',*,*,#2877,.F.);
#2877 = EDGE_CURVE('',#2289,#2536,#2878,.T.);
#2878 = LINE('',#2879,#2880);
#2879 = CARTESIAN_POINT('',(-1.016,-3.81,0.));
#2880 = VECTOR('',#2881,1.);
#2881 = DIRECTION('',(0.,0.,1.));
#2882 = ORIENTED_EDGE('',*,*,#2288,.F.);
#2883 = PLANE('',#2884);
#2884 = AXIS2_PLACEMENT_3D('',#2885,#2886,#2887);
#2885 = CARTESIAN_POINT('',(-1.27,-3.556,0.));
#2886 = DIRECTION('',(0.707106781187,0.707106781187,0.));
#2887 = DIRECTION('',(0.707106781187,-0.707106781187,0.));
#2888 = ADVANCED_FACE('',(#2889),#2900,.F.);
#2889 = FACE_BOUND('',#2890,.F.);
#2890 = EDGE_LOOP('',(#2891,#2897,#2898,#2899));
#2891 = ORIENTED_EDGE('',*,*,#2892,.T.);
#2892 = EDGE_CURVE('',#2353,#2600,#2893,.T.);
#2893 = LINE('',#2894,#2895);
#2894 = CARTESIAN_POINT('',(1.27,-3.556,0.));
#2895 = VECTOR('',#2896,1.);
#2896 = DIRECTION('',(0.,0.,1.));
#2897 = ORIENTED_EDGE('',*,*,#2607,.T.);
#2898 = ORIENTED_EDGE('',*,*,#2858,.F.);
#2899 = ORIENTED_EDGE('',*,*,#2360,.F.);
#2900 = PLANE('',#2901);
#2901 = AXIS2_PLACEMENT_3D('',#2902,#2903,#2904);
#2902 = CARTESIAN_POINT('',(1.27,-3.556,0.));
#2903 = DIRECTION('',(-1.,0.,0.));
#2904 = DIRECTION('',(0.,1.,0.));
#2905 = ADVANCED_FACE('',(#2906),#2917,.F.);
#2906 = FACE_BOUND('',#2907,.F.);
#2907 = EDGE_LOOP('',(#2908,#2909,#2910,#2916));
#2908 = ORIENTED_EDGE('',*,*,#2877,.T.);
#2909 = ORIENTED_EDGE('',*,*,#2543,.T.);
#2910 = ORIENTED_EDGE('',*,*,#2911,.F.);
#2911 = EDGE_CURVE('',#2297,#2544,#2912,.T.);
#2912 = LINE('',#2913,#2914);
#2913 = CARTESIAN_POINT('',(-1.27,-4.064,0.));
#2914 = VECTOR('',#2915,1.);
#2915 = DIRECTION('',(0.,0.,1.));
#2916 = ORIENTED_EDGE('',*,*,#2296,.F.);
#2917 = PLANE('',#2918);
#2918 = AXIS2_PLACEMENT_3D('',#2919,#2920,#2921);
#2919 = CARTESIAN_POINT('',(-1.016,-3.81,0.));
#2920 = DIRECTION('',(0.707106781187,-0.707106781187,0.));
#2921 = DIRECTION('',(-0.707106781187,-0.707106781187,0.));
#2922 = ADVANCED_FACE('',(#2923),#2934,.F.);
#2923 = FACE_BOUND('',#2924,.F.);
#2924 = EDGE_LOOP('',(#2925,#2931,#2932,#2933));
#2925 = ORIENTED_EDGE('',*,*,#2926,.T.);
#2926 = EDGE_CURVE('',#2345,#2592,#2927,.T.);
#2927 = LINE('',#2928,#2929);
#2928 = CARTESIAN_POINT('',(1.016,-3.81,0.));
#2929 = VECTOR('',#2930,1.);
#2930 = DIRECTION('',(0.,0.,1.));
#2931 = ORIENTED_EDGE('',*,*,#2599,.T.);
#2932 = ORIENTED_EDGE('',*,*,#2892,.F.);
#2933 = ORIENTED_EDGE('',*,*,#2352,.F.);
#2934 = PLANE('',#2935);
#2935 = AXIS2_PLACEMENT_3D('',#2936,#2937,#2938);
#2936 = CARTESIAN_POINT('',(1.016,-3.81,0.));
#2937 = DIRECTION('',(-0.707106781187,0.707106781187,0.));
#2938 = DIRECTION('',(0.707106781187,0.707106781187,0.));
#2939 = ADVANCED_FACE('',(#2940),#2951,.F.);
#2940 = FACE_BOUND('',#2941,.F.);
#2941 = EDGE_LOOP('',(#2942,#2943,#2944,#2950));
#2942 = ORIENTED_EDGE('',*,*,#2911,.T.);
#2943 = ORIENTED_EDGE('',*,*,#2551,.T.);
#2944 = ORIENTED_EDGE('',*,*,#2945,.F.);
#2945 = EDGE_CURVE('',#2305,#2552,#2946,.T.);
#2946 = LINE('',#2947,#2948);
#2947 = CARTESIAN_POINT('',(-1.27,-6.096,0.));
#2948 = VECTOR('',#2949,1.);
#2949 = DIRECTION('',(0.,0.,1.));
#2950 = ORIENTED_EDGE('',*,*,#2304,.F.);
#2951 = PLANE('',#2952);
#2952 = AXIS2_PLACEMENT_3D('',#2953,#2954,#2955);
#2953 = CARTESIAN_POINT('',(-1.27,-4.064,0.));
#2954 = DIRECTION('',(1.,0.,0.));
#2955 = DIRECTION('',(0.,-1.,0.));
#2956 = ADVANCED_FACE('',(#2957),#2968,.F.);
#2957 = FACE_BOUND('',#2958,.F.);
#2958 = EDGE_LOOP('',(#2959,#2965,#2966,#2967));
#2959 = ORIENTED_EDGE('',*,*,#2960,.T.);
#2960 = EDGE_CURVE('',#2337,#2584,#2961,.T.);
#2961 = LINE('',#2962,#2963);
#2962 = CARTESIAN_POINT('',(1.27,-4.064,0.));
#2963 = VECTOR('',#2964,1.);
#2964 = DIRECTION('',(0.,0.,1.));
#2965 = ORIENTED_EDGE('',*,*,#2591,.T.);
#2966 = ORIENTED_EDGE('',*,*,#2926,.F.);
#2967 = ORIENTED_EDGE('',*,*,#2344,.F.);
#2968 = PLANE('',#2969);
#2969 = AXIS2_PLACEMENT_3D('',#2970,#2971,#2972);
#2970 = CARTESIAN_POINT('',(1.27,-4.064,0.));
#2971 = DIRECTION('',(-0.707106781187,-0.707106781187,0.));
#2972 = DIRECTION('',(-0.707106781187,0.707106781187,0.));
#2973 = ADVANCED_FACE('',(#2974),#2985,.F.);
#2974 = FACE_BOUND('',#2975,.F.);
#2975 = EDGE_LOOP('',(#2976,#2977,#2978,#2984));
#2976 = ORIENTED_EDGE('',*,*,#2945,.T.);
#2977 = ORIENTED_EDGE('',*,*,#2559,.T.);
#2978 = ORIENTED_EDGE('',*,*,#2979,.F.);
#2979 = EDGE_CURVE('',#2313,#2560,#2980,.T.);
#2980 = LINE('',#2981,#2982);
#2981 = CARTESIAN_POINT('',(-1.016,-6.35,0.));
#2982 = VECTOR('',#2983,1.);
#2983 = DIRECTION('',(0.,0.,1.));
#2984 = ORIENTED_EDGE('',*,*,#2312,.F.);
#2985 = PLANE('',#2986);
#2986 = AXIS2_PLACEMENT_3D('',#2987,#2988,#2989);
#2987 = CARTESIAN_POINT('',(-1.27,-6.096,0.));
#2988 = DIRECTION('',(0.707106781187,0.707106781187,0.));
#2989 = DIRECTION('',(0.707106781187,-0.707106781187,0.));
#2990 = ADVANCED_FACE('',(#2991),#3002,.F.);
#2991 = FACE_BOUND('',#2992,.F.);
#2992 = EDGE_LOOP('',(#2993,#2999,#3000,#3001));
#2993 = ORIENTED_EDGE('',*,*,#2994,.T.);
#2994 = EDGE_CURVE('',#2329,#2576,#2995,.T.);
#2995 = LINE('',#2996,#2997);
#2996 = CARTESIAN_POINT('',(1.27,-6.096,0.));
#2997 = VECTOR('',#2998,1.);
#2998 = DIRECTION('',(0.,0.,1.));
#2999 = ORIENTED_EDGE('',*,*,#2583,.T.);
#3000 = ORIENTED_EDGE('',*,*,#2960,.F.);
#3001 = ORIENTED_EDGE('',*,*,#2336,.F.);
#3002 = PLANE('',#3003);
#3003 = AXIS2_PLACEMENT_3D('',#3004,#3005,#3006);
#3004 = CARTESIAN_POINT('',(1.27,-6.096,0.));
#3005 = DIRECTION('',(-1.,0.,0.));
#3006 = DIRECTION('',(0.,1.,0.));
#3007 = ADVANCED_FACE('',(#3008),#3019,.F.);
#3008 = FACE_BOUND('',#3009,.F.);
#3009 = EDGE_LOOP('',(#3010,#3011,#3012,#3018));
#3010 = ORIENTED_EDGE('',*,*,#2979,.T.);
#3011 = ORIENTED_EDGE('',*,*,#2567,.T.);
#3012 = ORIENTED_EDGE('',*,*,#3013,.F.);
#3013 = EDGE_CURVE('',#2321,#2568,#3014,.T.);
#3014 = LINE('',#3015,#3016);
#3015 = CARTESIAN_POINT('',(1.016,-6.35,0.));
#3016 = VECTOR('',#3017,1.);
#3017 = DIRECTION('',(0.,0.,1.));
#3018 = ORIENTED_EDGE('',*,*,#2320,.F.);
#3019 = PLANE('',#3020);
#3020 = AXIS2_PLACEMENT_3D('',#3021,#3022,#3023);
#3021 = CARTESIAN_POINT('',(-1.016,-6.35,0.));
#3022 = DIRECTION('',(0.,1.,0.));
#3023 = DIRECTION('',(1.,0.,0.));
#3024 = ADVANCED_FACE('',(#3025),#3031,.F.);
#3025 = FACE_BOUND('',#3026,.F.);
#3026 = EDGE_LOOP('',(#3027,#3028,#3029,#3030));
#3027 = ORIENTED_EDGE('',*,*,#3013,.T.);
#3028 = ORIENTED_EDGE('',*,*,#2575,.T.);
#3029 = ORIENTED_EDGE('',*,*,#2994,.F.);
#3030 = ORIENTED_EDGE('',*,*,#2328,.F.);
#3031 = PLANE('',#3032);
#3032 = AXIS2_PLACEMENT_3D('',#3033,#3034,#3035);
#3033 = CARTESIAN_POINT('',(1.016,-6.35,0.));
#3034 = DIRECTION('',(-0.707106781187,0.707106781187,0.));
#3035 = DIRECTION('',(0.707106781187,0.707106781187,0.));
#3036 = ADVANCED_FACE('',(#3037),#3062,.T.);
#3037 = FACE_BOUND('',#3038,.T.);
#3038 = EDGE_LOOP('',(#3039,#3047,#3055,#3061));
#3039 = ORIENTED_EDGE('',*,*,#3040,.F.);
#3040 = EDGE_CURVE('',#3041,#2402,#3043,.T.);
#3041 = VERTEX_POINT('',#3042);
#3042 = CARTESIAN_POINT('',(0.32,-0.32,-2.84));
#3043 = LINE('',#3044,#3045);
#3044 = CARTESIAN_POINT('',(0.32,-0.32,-3.));
#3045 = VECTOR('',#3046,1.);
#3046 = DIRECTION('',(0.,0.,1.));
#3047 = ORIENTED_EDGE('',*,*,#3048,.T.);
#3048 = EDGE_CURVE('',#3041,#3049,#3051,.T.);
#3049 = VERTEX_POINT('',#3050);
#3050 = CARTESIAN_POINT('',(0.32,0.32,-2.84));
#3051 = LINE('',#3052,#3053);
#3052 = CARTESIAN_POINT('',(0.32,-0.32,-2.84));
#3053 = VECTOR('',#3054,1.);
#3054 = DIRECTION('',(0.,1.,0.));
#3055 = ORIENTED_EDGE('',*,*,#3056,.T.);
#3056 = EDGE_CURVE('',#3049,#2404,#3057,.T.);
#3057 = LINE('',#3058,#3059);
#3058 = CARTESIAN_POINT('',(0.32,0.32,-3.));
#3059 = VECTOR('',#3060,1.);
#3060 = DIRECTION('',(0.,0.,1.));
#3061 = ORIENTED_EDGE('',*,*,#2401,.F.);
#3062 = PLANE('',#3063);
#3063 = AXIS2_PLACEMENT_3D('',#3064,#3065,#3066);
#3064 = CARTESIAN_POINT('',(0.32,-0.32,-3.));
#3065 = DIRECTION('',(1.,0.,0.));
#3066 = DIRECTION('',(0.,0.,1.));
#3067 = ADVANCED_FACE('',(#3068),#3086,.T.);
#3068 = FACE_BOUND('',#3069,.T.);
#3069 = EDGE_LOOP('',(#3070,#3071,#3079,#3085));
#3070 = ORIENTED_EDGE('',*,*,#3056,.F.);
#3071 = ORIENTED_EDGE('',*,*,#3072,.F.);
#3072 = EDGE_CURVE('',#3073,#3049,#3075,.T.);
#3073 = VERTEX_POINT('',#3074);
#3074 = CARTESIAN_POINT('',(-0.32,0.32,-2.84));
#3075 = LINE('',#3076,#3077);
#3076 = CARTESIAN_POINT('',(-0.32,0.32,-2.84));
#3077 = VECTOR('',#3078,1.);
#3078 = DIRECTION('',(1.,0.,0.));
#3079 = ORIENTED_EDGE('',*,*,#3080,.T.);
#3080 = EDGE_CURVE('',#3073,#2420,#3081,.T.);
#3081 = LINE('',#3082,#3083);
#3082 = CARTESIAN_POINT('',(-0.32,0.32,-3.));
#3083 = VECTOR('',#3084,1.);
#3084 = DIRECTION('',(0.,0.,1.));
#3085 = ORIENTED_EDGE('',*,*,#2427,.F.);
#3086 = PLANE('',#3087);
#3087 = AXIS2_PLACEMENT_3D('',#3088,#3089,#3090);
#3088 = CARTESIAN_POINT('',(-0.32,0.32,-3.));
#3089 = DIRECTION('',(0.,1.,0.));
#3090 = DIRECTION('',(0.,-0.,1.));
#3091 = ADVANCED_FACE('',(#3092),#3110,.F.);
#3092 = FACE_BOUND('',#3093,.F.);
#3093 = EDGE_LOOP('',(#3094,#3102,#3108,#3109));
#3094 = ORIENTED_EDGE('',*,*,#3095,.F.);
#3095 = EDGE_CURVE('',#3096,#2412,#3098,.T.);
#3096 = VERTEX_POINT('',#3097);
#3097 = CARTESIAN_POINT('',(-0.32,-0.32,-2.84));
#3098 = LINE('',#3099,#3100);
#3099 = CARTESIAN_POINT('',(-0.32,-0.32,-3.));
#3100 = VECTOR('',#3101,1.);
#3101 = DIRECTION('',(0.,0.,1.));
#3102 = ORIENTED_EDGE('',*,*,#3103,.T.);
#3103 = EDGE_CURVE('',#3096,#3073,#3104,.T.);
#3104 = LINE('',#3105,#3106);
#3105 = CARTESIAN_POINT('',(-0.32,-0.32,-2.84));
#3106 = VECTOR('',#3107,1.);
#3107 = DIRECTION('',(0.,1.,0.));
#3108 = ORIENTED_EDGE('',*,*,#3080,.T.);
#3109 = ORIENTED_EDGE('',*,*,#2419,.F.);
#3110 = PLANE('',#3111);
#3111 = AXIS2_PLACEMENT_3D('',#3112,#3113,#3114);
#3112 = CARTESIAN_POINT('',(-0.32,-0.32,-3.));
#3113 = DIRECTION('',(1.,0.,0.));
#3114 = DIRECTION('',(0.,0.,1.));
#3115 = ADVANCED_FACE('',(#3116),#3127,.F.);
#3116 = FACE_BOUND('',#3117,.F.);
#3117 = EDGE_LOOP('',(#3118,#3119,#3125,#3126));
#3118 = ORIENTED_EDGE('',*,*,#3040,.F.);
#3119 = ORIENTED_EDGE('',*,*,#3120,.F.);
#3120 = EDGE_CURVE('',#3096,#3041,#3121,.T.);
#3121 = LINE('',#3122,#3123);
#3122 = CARTESIAN_POINT('',(-0.32,-0.32,-2.84));
#3123 = VECTOR('',#3124,1.);
#3124 = DIRECTION('',(1.,0.,0.));
#3125 = ORIENTED_EDGE('',*,*,#3095,.T.);
#3126 = ORIENTED_EDGE('',*,*,#2411,.F.);
#3127 = PLANE('',#3128);
#3128 = AXIS2_PLACEMENT_3D('',#3129,#3130,#3131);
#3129 = CARTESIAN_POINT('',(-0.32,-0.32,-3.));
#3130 = DIRECTION('',(0.,1.,0.));
#3131 = DIRECTION('',(0.,-0.,1.));
#3132 = ADVANCED_FACE('',(#3133),#3158,.F.);
#3133 = FACE_BOUND('',#3134,.F.);
#3134 = EDGE_LOOP('',(#3135,#3143,#3151,#3157));
#3135 = ORIENTED_EDGE('',*,*,#3136,.F.);
#3136 = EDGE_CURVE('',#3137,#2436,#3139,.T.);
#3137 = VERTEX_POINT('',#3138);
#3138 = CARTESIAN_POINT('',(0.32,-2.86,-2.84));
#3139 = LINE('',#3140,#3141);
#3140 = CARTESIAN_POINT('',(0.32,-2.86,-3.));
#3141 = VECTOR('',#3142,1.);
#3142 = DIRECTION('',(0.,0.,1.));
#3143 = ORIENTED_EDGE('',*,*,#3144,.F.);
#3144 = EDGE_CURVE('',#3145,#3137,#3147,.T.);
#3145 = VERTEX_POINT('',#3146);
#3146 = CARTESIAN_POINT('',(-0.32,-2.86,-2.84));
#3147 = LINE('',#3148,#3149);
#3148 = CARTESIAN_POINT('',(-0.32,-2.86,-2.84));
#3149 = VECTOR('',#3150,1.);
#3150 = DIRECTION('',(1.,0.,0.));
#3151 = ORIENTED_EDGE('',*,*,#3152,.T.);
#3152 = EDGE_CURVE('',#3145,#2438,#3153,.T.);
#3153 = LINE('',#3154,#3155);
#3154 = CARTESIAN_POINT('',(-0.32,-2.86,-3.));
#3155 = VECTOR('',#3156,1.);
#3156 = DIRECTION('',(0.,0.,1.));
#3157 = ORIENTED_EDGE('',*,*,#2435,.F.);
#3158 = PLANE('',#3159);
#3159 = AXIS2_PLACEMENT_3D('',#3160,#3161,#3162);
#3160 = CARTESIAN_POINT('',(-0.32,-2.86,-3.));
#3161 = DIRECTION('',(0.,1.,0.));
#3162 = DIRECTION('',(0.,-0.,1.));
#3163 = ADVANCED_FACE('',(#3164),#3182,.T.);
#3164 = FACE_BOUND('',#3165,.T.);
#3165 = EDGE_LOOP('',(#3166,#3167,#3175,#3181));
#3166 = ORIENTED_EDGE('',*,*,#3136,.F.);
#3167 = ORIENTED_EDGE('',*,*,#3168,.T.);
#3168 = EDGE_CURVE('',#3137,#3169,#3171,.T.);
#3169 = VERTEX_POINT('',#3170);
#3170 = CARTESIAN_POINT('',(0.32,-2.22,-2.84));
#3171 = LINE('',#3172,#3173);
#3172 = CARTESIAN_POINT('',(0.32,-2.86,-2.84));
#3173 = VECTOR('',#3174,1.);
#3174 = DIRECTION('',(0.,1.,0.));
#3175 = ORIENTED_EDGE('',*,*,#3176,.T.);
#3176 = EDGE_CURVE('',#3169,#2454,#3177,.T.);
#3177 = LINE('',#3178,#3179);
#3178 = CARTESIAN_POINT('',(0.32,-2.22,-3.));
#3179 = VECTOR('',#3180,1.);
#3180 = DIRECTION('',(0.,0.,1.));
#3181 = ORIENTED_EDGE('',*,*,#2461,.F.);
#3182 = PLANE('',#3183);
#3183 = AXIS2_PLACEMENT_3D('',#3184,#3185,#3186);
#3184 = CARTESIAN_POINT('',(0.32,-2.86,-3.));
#3185 = DIRECTION('',(1.,0.,0.));
#3186 = DIRECTION('',(0.,0.,1.));
#3187 = ADVANCED_FACE('',(#3188),#3206,.T.);
#3188 = FACE_BOUND('',#3189,.T.);
#3189 = EDGE_LOOP('',(#3190,#3191,#3199,#3205));
#3190 = ORIENTED_EDGE('',*,*,#3176,.F.);
#3191 = ORIENTED_EDGE('',*,*,#3192,.F.);
#3192 = EDGE_CURVE('',#3193,#3169,#3195,.T.);
#3193 = VERTEX_POINT('',#3194);
#3194 = CARTESIAN_POINT('',(-0.32,-2.22,-2.84));
#3195 = LINE('',#3196,#3197);
#3196 = CARTESIAN_POINT('',(-0.32,-2.22,-2.84));
#3197 = VECTOR('',#3198,1.);
#3198 = DIRECTION('',(1.,0.,0.));
#3199 = ORIENTED_EDGE('',*,*,#3200,.T.);
#3200 = EDGE_CURVE('',#3193,#2446,#3201,.T.);
#3201 = LINE('',#3202,#3203);
#3202 = CARTESIAN_POINT('',(-0.32,-2.22,-3.));
#3203 = VECTOR('',#3204,1.);
#3204 = DIRECTION('',(0.,0.,1.));
#3205 = ORIENTED_EDGE('',*,*,#2453,.F.);
#3206 = PLANE('',#3207);
#3207 = AXIS2_PLACEMENT_3D('',#3208,#3209,#3210);
#3208 = CARTESIAN_POINT('',(-0.32,-2.22,-3.));
#3209 = DIRECTION('',(0.,1.,0.));
#3210 = DIRECTION('',(0.,-0.,1.));
#3211 = ADVANCED_FACE('',(#3212),#3223,.F.);
#3212 = FACE_BOUND('',#3213,.F.);
#3213 = EDGE_LOOP('',(#3214,#3215,#3221,#3222));
#3214 = ORIENTED_EDGE('',*,*,#3152,.F.);
#3215 = ORIENTED_EDGE('',*,*,#3216,.T.);
#3216 = EDGE_CURVE('',#3145,#3193,#3217,.T.);
#3217 = LINE('',#3218,#3219);
#3218 = CARTESIAN_POINT('',(-0.32,-2.86,-2.84));
#3219 = VECTOR('',#3220,1.);
#3220 = DIRECTION('',(0.,1.,0.));
#3221 = ORIENTED_EDGE('',*,*,#3200,.T.);
#3222 = ORIENTED_EDGE('',*,*,#2445,.F.);
#3223 = PLANE('',#3224);
#3224 = AXIS2_PLACEMENT_3D('',#3225,#3226,#3227);
#3225 = CARTESIAN_POINT('',(-0.32,-2.86,-3.));
#3226 = DIRECTION('',(1.,0.,0.));
#3227 = DIRECTION('',(0.,0.,1.));
#3228 = ADVANCED_FACE('',(#3229),#3254,.T.);
#3229 = FACE_BOUND('',#3230,.T.);
#3230 = EDGE_LOOP('',(#3231,#3239,#3247,#3253));
#3231 = ORIENTED_EDGE('',*,*,#3232,.F.);
#3232 = EDGE_CURVE('',#3233,#2470,#3235,.T.);
#3233 = VERTEX_POINT('',#3234);
#3234 = CARTESIAN_POINT('',(0.32,-4.76,-2.84));
#3235 = LINE('',#3236,#3237);
#3236 = CARTESIAN_POINT('',(0.32,-4.76,-3.));
#3237 = VECTOR('',#3238,1.);
#3238 = DIRECTION('',(0.,0.,1.));
#3239 = ORIENTED_EDGE('',*,*,#3240,.F.);
#3240 = EDGE_CURVE('',#3241,#3233,#3243,.T.);
#3241 = VERTEX_POINT('',#3242);
#3242 = CARTESIAN_POINT('',(-0.32,-4.76,-2.84));
#3243 = LINE('',#3244,#3245);
#3244 = CARTESIAN_POINT('',(-0.32,-4.76,-2.84));
#3245 = VECTOR('',#3246,1.);
#3246 = DIRECTION('',(1.,0.,0.));
#3247 = ORIENTED_EDGE('',*,*,#3248,.T.);
#3248 = EDGE_CURVE('',#3241,#2472,#3249,.T.);
#3249 = LINE('',#3250,#3251);
#3250 = CARTESIAN_POINT('',(-0.32,-4.76,-3.));
#3251 = VECTOR('',#3252,1.);
#3252 = DIRECTION('',(0.,0.,1.));
#3253 = ORIENTED_EDGE('',*,*,#2469,.F.);
#3254 = PLANE('',#3255);
#3255 = AXIS2_PLACEMENT_3D('',#3256,#3257,#3258);
#3256 = CARTESIAN_POINT('',(-0.32,-4.76,-3.));
#3257 = DIRECTION('',(0.,1.,0.));
#3258 = DIRECTION('',(0.,-0.,1.));
#3259 = ADVANCED_FACE('',(#3260),#3278,.F.);
#3260 = FACE_BOUND('',#3261,.F.);
#3261 = EDGE_LOOP('',(#3262,#3270,#3276,#3277));
#3262 = ORIENTED_EDGE('',*,*,#3263,.F.);
#3263 = EDGE_CURVE('',#3264,#2488,#3266,.T.);
#3264 = VERTEX_POINT('',#3265);
#3265 = CARTESIAN_POINT('',(-0.32,-5.4,-2.84));
#3266 = LINE('',#3267,#3268);
#3267 = CARTESIAN_POINT('',(-0.32,-5.4,-3.));
#3268 = VECTOR('',#3269,1.);
#3269 = DIRECTION('',(0.,0.,1.));
#3270 = ORIENTED_EDGE('',*,*,#3271,.T.);
#3271 = EDGE_CURVE('',#3264,#3241,#3272,.T.);
#3272 = LINE('',#3273,#3274);
#3273 = CARTESIAN_POINT('',(-0.32,-5.4,-2.84));
#3274 = VECTOR('',#3275,1.);
#3275 = DIRECTION('',(0.,1.,0.));
#3276 = ORIENTED_EDGE('',*,*,#3248,.T.);
#3277 = ORIENTED_EDGE('',*,*,#2495,.F.);
#3278 = PLANE('',#3279);
#3279 = AXIS2_PLACEMENT_3D('',#3280,#3281,#3282);
#3280 = CARTESIAN_POINT('',(-0.32,-5.4,-3.));
#3281 = DIRECTION('',(1.,0.,0.));
#3282 = DIRECTION('',(0.,0.,1.));
#3283 = ADVANCED_FACE('',(#3284),#3302,.F.);
#3284 = FACE_BOUND('',#3285,.F.);
#3285 = EDGE_LOOP('',(#3286,#3294,#3300,#3301));
#3286 = ORIENTED_EDGE('',*,*,#3287,.F.);
#3287 = EDGE_CURVE('',#3288,#2480,#3290,.T.);
#3288 = VERTEX_POINT('',#3289);
#3289 = CARTESIAN_POINT('',(0.32,-5.4,-2.84));
#3290 = LINE('',#3291,#3292);
#3291 = CARTESIAN_POINT('',(0.32,-5.4,-3.));
#3292 = VECTOR('',#3293,1.);
#3293 = DIRECTION('',(0.,0.,1.));
#3294 = ORIENTED_EDGE('',*,*,#3295,.F.);
#3295 = EDGE_CURVE('',#3264,#3288,#3296,.T.);
#3296 = LINE('',#3297,#3298);
#3297 = CARTESIAN_POINT('',(-0.32,-5.4,-2.84));
#3298 = VECTOR('',#3299,1.);
#3299 = DIRECTION('',(1.,0.,0.));
#3300 = ORIENTED_EDGE('',*,*,#3263,.T.);
#3301 = ORIENTED_EDGE('',*,*,#2487,.F.);
#3302 = PLANE('',#3303);
#3303 = AXIS2_PLACEMENT_3D('',#3304,#3305,#3306);
#3304 = CARTESIAN_POINT('',(-0.32,-5.4,-3.));
#3305 = DIRECTION('',(0.,1.,0.));
#3306 = DIRECTION('',(0.,-0.,1.));
#3307 = ADVANCED_FACE('',(#3308),#3319,.T.);
#3308 = FACE_BOUND('',#3309,.T.);
#3309 = EDGE_LOOP('',(#3310,#3311,#3317,#3318));
#3310 = ORIENTED_EDGE('',*,*,#3287,.F.);
#3311 = ORIENTED_EDGE('',*,*,#3312,.T.);
#3312 = EDGE_CURVE('',#3288,#3233,#3313,.T.);
#3313 = LINE('',#3314,#3315);
#3314 = CARTESIAN_POINT('',(0.32,-5.4,-2.84));
#3315 = VECTOR('',#3316,1.);
#3316 = DIRECTION('',(0.,1.,0.));
#3317 = ORIENTED_EDGE('',*,*,#3232,.T.);
#3318 = ORIENTED_EDGE('',*,*,#2479,.F.);
#3319 = PLANE('',#3320);
#3320 = AXIS2_PLACEMENT_3D('',#3321,#3322,#3323);
#3321 = CARTESIAN_POINT('',(0.32,-5.4,-3.));
#3322 = DIRECTION('',(1.,0.,0.));
#3323 = DIRECTION('',(0.,0.,1.));
#3324 = ADVANCED_FACE('',(#3325),#3350,.T.);
#3325 = FACE_BOUND('',#3326,.T.);
#3326 = EDGE_LOOP('',(#3327,#3335,#3336,#3344));
#3327 = ORIENTED_EDGE('',*,*,#3328,.F.);
#3328 = EDGE_CURVE('',#2649,#3329,#3331,.T.);
#3329 = VERTEX_POINT('',#3330);
#3330 = CARTESIAN_POINT('',(0.32,-0.32,8.38));
#3331 = LINE('',#3332,#3333);
#3332 = CARTESIAN_POINT('',(0.32,-0.32,-3.));
#3333 = VECTOR('',#3334,1.);
#3334 = DIRECTION('',(0.,0.,1.));
#3335 = ORIENTED_EDGE('',*,*,#2648,.T.);
#3336 = ORIENTED_EDGE('',*,*,#3337,.T.);
#3337 = EDGE_CURVE('',#2651,#3338,#3340,.T.);
#3338 = VERTEX_POINT('',#3339);
#3339 = CARTESIAN_POINT('',(0.32,0.32,8.38));
#3340 = LINE('',#3341,#3342);
#3341 = CARTESIAN_POINT('',(0.32,0.32,-3.));
#3342 = VECTOR('',#3343,1.);
#3343 = DIRECTION('',(0.,0.,1.));
#3344 = ORIENTED_EDGE('',*,*,#3345,.F.);
#3345 = EDGE_CURVE('',#3329,#3338,#3346,.T.);
#3346 = LINE('',#3347,#3348);
#3347 = CARTESIAN_POINT('',(0.32,-0.32,8.38));
#3348 = VECTOR('',#3349,1.);
#3349 = DIRECTION('',(0.,1.,0.));
#3350 = PLANE('',#3351);
#3351 = AXIS2_PLACEMENT_3D('',#3352,#3353,#3354);
#3352 = CARTESIAN_POINT('',(0.32,-0.32,-3.));
#3353 = DIRECTION('',(1.,0.,0.));
#3354 = DIRECTION('',(0.,0.,1.));
#3355 = ADVANCED_FACE('',(#3356),#3374,.T.);
#3356 = FACE_BOUND('',#3357,.T.);
#3357 = EDGE_LOOP('',(#3358,#3359,#3360,#3368));
#3358 = ORIENTED_EDGE('',*,*,#3337,.F.);
#3359 = ORIENTED_EDGE('',*,*,#2674,.T.);
#3360 = ORIENTED_EDGE('',*,*,#3361,.T.);
#3361 = EDGE_CURVE('',#2667,#3362,#3364,.T.);
#3362 = VERTEX_POINT('',#3363);
#3363 = CARTESIAN_POINT('',(-0.32,0.32,8.38));
#3364 = LINE('',#3365,#3366);
#3365 = CARTESIAN_POINT('',(-0.32,0.32,-3.));
#3366 = VECTOR('',#3367,1.);
#3367 = DIRECTION('',(0.,0.,1.));
#3368 = ORIENTED_EDGE('',*,*,#3369,.T.);
#3369 = EDGE_CURVE('',#3362,#3338,#3370,.T.);
#3370 = LINE('',#3371,#3372);
#3371 = CARTESIAN_POINT('',(-0.32,0.32,8.38));
#3372 = VECTOR('',#3373,1.);
#3373 = DIRECTION('',(1.,0.,0.));
#3374 = PLANE('',#3375);
#3375 = AXIS2_PLACEMENT_3D('',#3376,#3377,#3378);
#3376 = CARTESIAN_POINT('',(-0.32,0.32,-3.));
#3377 = DIRECTION('',(0.,1.,0.));
#3378 = DIRECTION('',(0.,-0.,1.));
#3379 = ADVANCED_FACE('',(#3380),#3398,.F.);
#3380 = FACE_BOUND('',#3381,.F.);
#3381 = EDGE_LOOP('',(#3382,#3390,#3391,#3392));
#3382 = ORIENTED_EDGE('',*,*,#3383,.F.);
#3383 = EDGE_CURVE('',#2659,#3384,#3386,.T.);
#3384 = VERTEX_POINT('',#3385);
#3385 = CARTESIAN_POINT('',(-0.32,-0.32,8.38));
#3386 = LINE('',#3387,#3388);
#3387 = CARTESIAN_POINT('',(-0.32,-0.32,-3.));
#3388 = VECTOR('',#3389,1.);
#3389 = DIRECTION('',(0.,0.,1.));
#3390 = ORIENTED_EDGE('',*,*,#2666,.T.);
#3391 = ORIENTED_EDGE('',*,*,#3361,.T.);
#3392 = ORIENTED_EDGE('',*,*,#3393,.F.);
#3393 = EDGE_CURVE('',#3384,#3362,#3394,.T.);
#3394 = LINE('',#3395,#3396);
#3395 = CARTESIAN_POINT('',(-0.32,-0.32,8.38));
#3396 = VECTOR('',#3397,1.);
#3397 = DIRECTION('',(0.,1.,0.));
#3398 = PLANE('',#3399);
#3399 = AXIS2_PLACEMENT_3D('',#3400,#3401,#3402);
#3400 = CARTESIAN_POINT('',(-0.32,-0.32,-3.));
#3401 = DIRECTION('',(1.,0.,0.));
#3402 = DIRECTION('',(0.,0.,1.));
#3403 = ADVANCED_FACE('',(#3404),#3415,.F.);
#3404 = FACE_BOUND('',#3405,.F.);
#3405 = EDGE_LOOP('',(#3406,#3407,#3408,#3409));
#3406 = ORIENTED_EDGE('',*,*,#3328,.F.);
#3407 = ORIENTED_EDGE('',*,*,#2658,.T.);
#3408 = ORIENTED_EDGE('',*,*,#3383,.T.);
#3409 = ORIENTED_EDGE('',*,*,#3410,.T.);
#3410 = EDGE_CURVE('',#3384,#3329,#3411,.T.);
#3411 = LINE('',#3412,#3413);
#3412 = CARTESIAN_POINT('',(-0.32,-0.32,8.38));
#3413 = VECTOR('',#3414,1.);
#3414 = DIRECTION('',(1.,0.,0.));
#3415 = PLANE('',#3416);
#3416 = AXIS2_PLACEMENT_3D('',#3417,#3418,#3419);
#3417 = CARTESIAN_POINT('',(-0.32,-0.32,-3.));
#3418 = DIRECTION('',(0.,1.,0.));
#3419 = DIRECTION('',(0.,-0.,1.));
#3420 = ADVANCED_FACE('',(#3421),#3446,.F.);
#3421 = FACE_BOUND('',#3422,.F.);
#3422 = EDGE_LOOP('',(#3423,#3431,#3432,#3440));
#3423 = ORIENTED_EDGE('',*,*,#3424,.F.);
#3424 = EDGE_CURVE('',#2683,#3425,#3427,.T.);
#3425 = VERTEX_POINT('',#3426);
#3426 = CARTESIAN_POINT('',(0.32,-2.86,8.38));
#3427 = LINE('',#3428,#3429);
#3428 = CARTESIAN_POINT('',(0.32,-2.86,-3.));
#3429 = VECTOR('',#3430,1.);
#3430 = DIRECTION('',(0.,0.,1.));
#3431 = ORIENTED_EDGE('',*,*,#2682,.T.);
#3432 = ORIENTED_EDGE('',*,*,#3433,.T.);
#3433 = EDGE_CURVE('',#2685,#3434,#3436,.T.);
#3434 = VERTEX_POINT('',#3435);
#3435 = CARTESIAN_POINT('',(-0.32,-2.86,8.38));
#3436 = LINE('',#3437,#3438);
#3437 = CARTESIAN_POINT('',(-0.32,-2.86,-3.));
#3438 = VECTOR('',#3439,1.);
#3439 = DIRECTION('',(0.,0.,1.));
#3440 = ORIENTED_EDGE('',*,*,#3441,.T.);
#3441 = EDGE_CURVE('',#3434,#3425,#3442,.T.);
#3442 = LINE('',#3443,#3444);
#3443 = CARTESIAN_POINT('',(-0.32,-2.86,8.38));
#3444 = VECTOR('',#3445,1.);
#3445 = DIRECTION('',(1.,0.,0.));
#3446 = PLANE('',#3447);
#3447 = AXIS2_PLACEMENT_3D('',#3448,#3449,#3450);
#3448 = CARTESIAN_POINT('',(-0.32,-2.86,-3.));
#3449 = DIRECTION('',(0.,1.,0.));
#3450 = DIRECTION('',(0.,-0.,1.));
#3451 = ADVANCED_FACE('',(#3452),#3470,.T.);
#3452 = FACE_BOUND('',#3453,.T.);
#3453 = EDGE_LOOP('',(#3454,#3455,#3456,#3464));
#3454 = ORIENTED_EDGE('',*,*,#3424,.F.);
#3455 = ORIENTED_EDGE('',*,*,#2708,.T.);
#3456 = ORIENTED_EDGE('',*,*,#3457,.T.);
#3457 = EDGE_CURVE('',#2701,#3458,#3460,.T.);
#3458 = VERTEX_POINT('',#3459);
#3459 = CARTESIAN_POINT('',(0.32,-2.22,8.38));
#3460 = LINE('',#3461,#3462);
#3461 = CARTESIAN_POINT('',(0.32,-2.22,-3.));
#3462 = VECTOR('',#3463,1.);
#3463 = DIRECTION('',(0.,0.,1.));
#3464 = ORIENTED_EDGE('',*,*,#3465,.F.);
#3465 = EDGE_CURVE('',#3425,#3458,#3466,.T.);
#3466 = LINE('',#3467,#3468);
#3467 = CARTESIAN_POINT('',(0.32,-2.86,8.38));
#3468 = VECTOR('',#3469,1.);
#3469 = DIRECTION('',(0.,1.,0.));
#3470 = PLANE('',#3471);
#3471 = AXIS2_PLACEMENT_3D('',#3472,#3473,#3474);
#3472 = CARTESIAN_POINT('',(0.32,-2.86,-3.));
#3473 = DIRECTION('',(1.,0.,0.));
#3474 = DIRECTION('',(0.,0.,1.));
#3475 = ADVANCED_FACE('',(#3476),#3494,.T.);
#3476 = FACE_BOUND('',#3477,.T.);
#3477 = EDGE_LOOP('',(#3478,#3479,#3480,#3488));
#3478 = ORIENTED_EDGE('',*,*,#3457,.F.);
#3479 = ORIENTED_EDGE('',*,*,#2700,.T.);
#3480 = ORIENTED_EDGE('',*,*,#3481,.T.);
#3481 = EDGE_CURVE('',#2693,#3482,#3484,.T.);
#3482 = VERTEX_POINT('',#3483);
#3483 = CARTESIAN_POINT('',(-0.32,-2.22,8.38));
#3484 = LINE('',#3485,#3486);
#3485 = CARTESIAN_POINT('',(-0.32,-2.22,-3.));
#3486 = VECTOR('',#3487,1.);
#3487 = DIRECTION('',(0.,0.,1.));
#3488 = ORIENTED_EDGE('',*,*,#3489,.T.);
#3489 = EDGE_CURVE('',#3482,#3458,#3490,.T.);
#3490 = LINE('',#3491,#3492);
#3491 = CARTESIAN_POINT('',(-0.32,-2.22,8.38));
#3492 = VECTOR('',#3493,1.);
#3493 = DIRECTION('',(1.,0.,0.));
#3494 = PLANE('',#3495);
#3495 = AXIS2_PLACEMENT_3D('',#3496,#3497,#3498);
#3496 = CARTESIAN_POINT('',(-0.32,-2.22,-3.));
#3497 = DIRECTION('',(0.,1.,0.));
#3498 = DIRECTION('',(0.,-0.,1.));
#3499 = ADVANCED_FACE('',(#3500),#3511,.F.);
#3500 = FACE_BOUND('',#3501,.F.);
#3501 = EDGE_LOOP('',(#3502,#3503,#3504,#3505));
#3502 = ORIENTED_EDGE('',*,*,#3433,.F.);
#3503 = ORIENTED_EDGE('',*,*,#2692,.T.);
#3504 = ORIENTED_EDGE('',*,*,#3481,.T.);
#3505 = ORIENTED_EDGE('',*,*,#3506,.F.);
#3506 = EDGE_CURVE('',#3434,#3482,#3507,.T.);
#3507 = LINE('',#3508,#3509);
#3508 = CARTESIAN_POINT('',(-0.32,-2.86,8.38));
#3509 = VECTOR('',#3510,1.);
#3510 = DIRECTION('',(0.,1.,0.));
#3511 = PLANE('',#3512);
#3512 = AXIS2_PLACEMENT_3D('',#3513,#3514,#3515);
#3513 = CARTESIAN_POINT('',(-0.32,-2.86,-3.));
#3514 = DIRECTION('',(1.,0.,0.));
#3515 = DIRECTION('',(0.,0.,1.));
#3516 = ADVANCED_FACE('',(#3517),#3542,.T.);
#3517 = FACE_BOUND('',#3518,.T.);
#3518 = EDGE_LOOP('',(#3519,#3527,#3528,#3536));
#3519 = ORIENTED_EDGE('',*,*,#3520,.F.);
#3520 = EDGE_CURVE('',#2717,#3521,#3523,.T.);
#3521 = VERTEX_POINT('',#3522);
#3522 = CARTESIAN_POINT('',(0.32,-4.76,8.38));
#3523 = LINE('',#3524,#3525);
#3524 = CARTESIAN_POINT('',(0.32,-4.76,-3.));
#3525 = VECTOR('',#3526,1.);
#3526 = DIRECTION('',(0.,0.,1.));
#3527 = ORIENTED_EDGE('',*,*,#2716,.T.);
#3528 = ORIENTED_EDGE('',*,*,#3529,.T.);
#3529 = EDGE_CURVE('',#2719,#3530,#3532,.T.);
#3530 = VERTEX_POINT('',#3531);
#3531 = CARTESIAN_POINT('',(-0.32,-4.76,8.38));
#3532 = LINE('',#3533,#3534);
#3533 = CARTESIAN_POINT('',(-0.32,-4.76,-3.));
#3534 = VECTOR('',#3535,1.);
#3535 = DIRECTION('',(0.,0.,1.));
#3536 = ORIENTED_EDGE('',*,*,#3537,.T.);
#3537 = EDGE_CURVE('',#3530,#3521,#3538,.T.);
#3538 = LINE('',#3539,#3540);
#3539 = CARTESIAN_POINT('',(-0.32,-4.76,8.38));
#3540 = VECTOR('',#3541,1.);
#3541 = DIRECTION('',(1.,0.,0.));
#3542 = PLANE('',#3543);
#3543 = AXIS2_PLACEMENT_3D('',#3544,#3545,#3546);
#3544 = CARTESIAN_POINT('',(-0.32,-4.76,-3.));
#3545 = DIRECTION('',(0.,1.,0.));
#3546 = DIRECTION('',(0.,-0.,1.));
#3547 = ADVANCED_FACE('',(#3548),#3566,.F.);
#3548 = FACE_BOUND('',#3549,.F.);
#3549 = EDGE_LOOP('',(#3550,#3558,#3559,#3560));
#3550 = ORIENTED_EDGE('',*,*,#3551,.F.);
#3551 = EDGE_CURVE('',#2735,#3552,#3554,.T.);
#3552 = VERTEX_POINT('',#3553);
#3553 = CARTESIAN_POINT('',(-0.32,-5.4,8.38));
#3554 = LINE('',#3555,#3556);
#3555 = CARTESIAN_POINT('',(-0.32,-5.4,-3.));
#3556 = VECTOR('',#3557,1.);
#3557 = DIRECTION('',(0.,0.,1.));
#3558 = ORIENTED_EDGE('',*,*,#2742,.T.);
#3559 = ORIENTED_EDGE('',*,*,#3529,.T.);
#3560 = ORIENTED_EDGE('',*,*,#3561,.F.);
#3561 = EDGE_CURVE('',#3552,#3530,#3562,.T.);
#3562 = LINE('',#3563,#3564);
#3563 = CARTESIAN_POINT('',(-0.32,-5.4,8.38));
#3564 = VECTOR('',#3565,1.);
#3565 = DIRECTION('',(0.,1.,0.));
#3566 = PLANE('',#3567);
#3567 = AXIS2_PLACEMENT_3D('',#3568,#3569,#3570);
#3568 = CARTESIAN_POINT('',(-0.32,-5.4,-3.));
#3569 = DIRECTION('',(1.,0.,0.));
#3570 = DIRECTION('',(0.,0.,1.));
#3571 = ADVANCED_FACE('',(#3572),#3590,.F.);
#3572 = FACE_BOUND('',#3573,.F.);
#3573 = EDGE_LOOP('',(#3574,#3582,#3583,#3584));
#3574 = ORIENTED_EDGE('',*,*,#3575,.F.);
#3575 = EDGE_CURVE('',#2727,#3576,#3578,.T.);
#3576 = VERTEX_POINT('',#3577);
#3577 = CARTESIAN_POINT('',(0.32,-5.4,8.38));
#3578 = LINE('',#3579,#3580);
#3579 = CARTESIAN_POINT('',(0.32,-5.4,-3.));
#3580 = VECTOR('',#3581,1.);
#3581 = DIRECTION('',(0.,0.,1.));
#3582 = ORIENTED_EDGE('',*,*,#2734,.T.);
#3583 = ORIENTED_EDGE('',*,*,#3551,.T.);
#3584 = ORIENTED_EDGE('',*,*,#3585,.T.);
#3585 = EDGE_CURVE('',#3552,#3576,#3586,.T.);
#3586 = LINE('',#3587,#3588);
#3587 = CARTESIAN_POINT('',(-0.32,-5.4,8.38));
#3588 = VECTOR('',#3589,1.);
#3589 = DIRECTION('',(1.,0.,0.));
#3590 = PLANE('',#3591);
#3591 = AXIS2_PLACEMENT_3D('',#3592,#3593,#3594);
#3592 = CARTESIAN_POINT('',(-0.32,-5.4,-3.));
#3593 = DIRECTION('',(0.,1.,0.));
#3594 = DIRECTION('',(0.,-0.,1.));
#3595 = ADVANCED_FACE('',(#3596),#3607,.T.);
#3596 = FACE_BOUND('',#3597,.T.);
#3597 = EDGE_LOOP('',(#3598,#3599,#3600,#3601));
#3598 = ORIENTED_EDGE('',*,*,#3575,.F.);
#3599 = ORIENTED_EDGE('',*,*,#2726,.T.);
#3600 = ORIENTED_EDGE('',*,*,#3520,.T.);
#3601 = ORIENTED_EDGE('',*,*,#3602,.F.);
#3602 = EDGE_CURVE('',#3576,#3521,#3603,.T.);
#3603 = LINE('',#3604,#3605);
#3604 = CARTESIAN_POINT('',(0.32,-5.4,8.38));
#3605 = VECTOR('',#3606,1.);
#3606 = DIRECTION('',(0.,1.,0.));
#3607 = PLANE('',#3608);
#3608 = AXIS2_PLACEMENT_3D('',#3609,#3610,#3611);
#3609 = CARTESIAN_POINT('',(0.32,-5.4,-3.));
#3610 = DIRECTION('',(1.,0.,0.));
#3611 = DIRECTION('',(0.,0.,1.));
#3612 = ADVANCED_FACE('',(#3613),#3638,.F.);
#3613 = FACE_BOUND('',#3614,.F.);
#3614 = EDGE_LOOP('',(#3615,#3623,#3624,#3632));
#3615 = ORIENTED_EDGE('',*,*,#3616,.F.);
#3616 = EDGE_CURVE('',#3041,#3617,#3619,.T.);
#3617 = VERTEX_POINT('',#3618);
#3618 = CARTESIAN_POINT('',(0.16,-0.16,-3.));
#3619 = LINE('',#3620,#3621);
#3620 = CARTESIAN_POINT('',(0.16,-0.16,-3.));
#3621 = VECTOR('',#3622,1.);
#3622 = DIRECTION('',(-0.57735026919,0.57735026919,-0.57735026919));
#3623 = ORIENTED_EDGE('',*,*,#3048,.T.);
#3624 = ORIENTED_EDGE('',*,*,#3625,.T.);
#3625 = EDGE_CURVE('',#3049,#3626,#3628,.T.);
#3626 = VERTEX_POINT('',#3627);
#3627 = CARTESIAN_POINT('',(0.16,0.16,-3.));
#3628 = LINE('',#3629,#3630);
#3629 = CARTESIAN_POINT('',(5.333333333333E-02,5.333333333333E-02,
    -3.106666666667));
#3630 = VECTOR('',#3631,1.);
#3631 = DIRECTION('',(-0.57735026919,-0.57735026919,-0.57735026919));
#3632 = ORIENTED_EDGE('',*,*,#3633,.F.);
#3633 = EDGE_CURVE('',#3617,#3626,#3634,.T.);
#3634 = LINE('',#3635,#3636);
#3635 = CARTESIAN_POINT('',(0.16,-0.32,-3.));
#3636 = VECTOR('',#3637,1.);
#3637 = DIRECTION('',(0.,1.,0.));
#3638 = PLANE('',#3639);
#3639 = AXIS2_PLACEMENT_3D('',#3640,#3641,#3642);
#3640 = CARTESIAN_POINT('',(0.24,-0.32,-2.92));
#3641 = DIRECTION('',(-0.707106781187,1.735167508357E-18,0.707106781187)
  );
#3642 = DIRECTION('',(1.226948711654E-18,1.,-1.226948711654E-18));
#3643 = ADVANCED_FACE('',(#3644),#3662,.F.);
#3644 = FACE_BOUND('',#3645,.T.);
#3645 = EDGE_LOOP('',(#3646,#3654,#3655,#3656));
#3646 = ORIENTED_EDGE('',*,*,#3647,.F.);
#3647 = EDGE_CURVE('',#3073,#3648,#3650,.T.);
#3648 = VERTEX_POINT('',#3649);
#3649 = CARTESIAN_POINT('',(-0.16,0.16,-3.));
#3650 = LINE('',#3651,#3652);
#3651 = CARTESIAN_POINT('',(-0.16,0.16,-3.));
#3652 = VECTOR('',#3653,1.);
#3653 = DIRECTION('',(0.57735026919,-0.57735026919,-0.57735026919));
#3654 = ORIENTED_EDGE('',*,*,#3072,.T.);
#3655 = ORIENTED_EDGE('',*,*,#3625,.T.);
#3656 = ORIENTED_EDGE('',*,*,#3657,.F.);
#3657 = EDGE_CURVE('',#3648,#3626,#3658,.T.);
#3658 = LINE('',#3659,#3660);
#3659 = CARTESIAN_POINT('',(-0.32,0.16,-3.));
#3660 = VECTOR('',#3661,1.);
#3661 = DIRECTION('',(1.,0.,0.));
#3662 = PLANE('',#3663);
#3663 = AXIS2_PLACEMENT_3D('',#3664,#3665,#3666);
#3664 = CARTESIAN_POINT('',(-0.32,0.24,-2.92));
#3665 = DIRECTION('',(-1.735167508357E-18,-0.707106781187,0.707106781187
    ));
#3666 = DIRECTION('',(-1.,1.226948711654E-18,-1.226948711654E-18));
#3667 = ADVANCED_FACE('',(#3668),#3686,.T.);
#3668 = FACE_BOUND('',#3669,.T.);
#3669 = EDGE_LOOP('',(#3670,#3678,#3679,#3680));
#3670 = ORIENTED_EDGE('',*,*,#3671,.F.);
#3671 = EDGE_CURVE('',#3096,#3672,#3674,.T.);
#3672 = VERTEX_POINT('',#3673);
#3673 = CARTESIAN_POINT('',(-0.16,-0.16,-3.));
#3674 = LINE('',#3675,#3676);
#3675 = CARTESIAN_POINT('',(-0.266666666667,-0.266666666667,
    -2.893333333333));
#3676 = VECTOR('',#3677,1.);
#3677 = DIRECTION('',(0.57735026919,0.57735026919,-0.57735026919));
#3678 = ORIENTED_EDGE('',*,*,#3103,.T.);
#3679 = ORIENTED_EDGE('',*,*,#3647,.T.);
#3680 = ORIENTED_EDGE('',*,*,#3681,.F.);
#3681 = EDGE_CURVE('',#3672,#3648,#3682,.T.);
#3682 = LINE('',#3683,#3684);
#3683 = CARTESIAN_POINT('',(-0.16,-0.32,-3.));
#3684 = VECTOR('',#3685,1.);
#3685 = DIRECTION('',(0.,1.,0.));
#3686 = PLANE('',#3687);
#3687 = AXIS2_PLACEMENT_3D('',#3688,#3689,#3690);
#3688 = CARTESIAN_POINT('',(-0.24,-0.32,-2.92));
#3689 = DIRECTION('',(-0.707106781187,-1.735167508357E-18,
    -0.707106781187));
#3690 = DIRECTION('',(-1.226948711654E-18,1.,-1.226948711654E-18));
#3691 = ADVANCED_FACE('',(#3692),#3703,.T.);
#3692 = FACE_BOUND('',#3693,.F.);
#3693 = EDGE_LOOP('',(#3694,#3695,#3696,#3697));
#3694 = ORIENTED_EDGE('',*,*,#3671,.F.);
#3695 = ORIENTED_EDGE('',*,*,#3120,.T.);
#3696 = ORIENTED_EDGE('',*,*,#3616,.T.);
#3697 = ORIENTED_EDGE('',*,*,#3698,.F.);
#3698 = EDGE_CURVE('',#3672,#3617,#3699,.T.);
#3699 = LINE('',#3700,#3701);
#3700 = CARTESIAN_POINT('',(-0.32,-0.16,-3.));
#3701 = VECTOR('',#3702,1.);
#3702 = DIRECTION('',(1.,0.,0.));
#3703 = PLANE('',#3704);
#3704 = AXIS2_PLACEMENT_3D('',#3705,#3706,#3707);
#3705 = CARTESIAN_POINT('',(-0.32,-0.24,-2.92));
#3706 = DIRECTION('',(1.735167508357E-18,-0.707106781187,-0.707106781187
    ));
#3707 = DIRECTION('',(-1.,-1.226948711654E-18,-1.226948711654E-18));
#3708 = ADVANCED_FACE('',(#3709),#3734,.T.);
#3709 = FACE_BOUND('',#3710,.F.);
#3710 = EDGE_LOOP('',(#3711,#3719,#3720,#3728));
#3711 = ORIENTED_EDGE('',*,*,#3712,.F.);
#3712 = EDGE_CURVE('',#3145,#3713,#3715,.T.);
#3713 = VERTEX_POINT('',#3714);
#3714 = CARTESIAN_POINT('',(-0.16,-2.7,-3.));
#3715 = LINE('',#3716,#3717);
#3716 = CARTESIAN_POINT('',(-0.266666666667,-2.806666666667,
    -2.893333333333));
#3717 = VECTOR('',#3718,1.);
#3718 = DIRECTION('',(0.57735026919,0.57735026919,-0.57735026919));
#3719 = ORIENTED_EDGE('',*,*,#3144,.T.);
#3720 = ORIENTED_EDGE('',*,*,#3721,.T.);
#3721 = EDGE_CURVE('',#3137,#3722,#3724,.T.);
#3722 = VERTEX_POINT('',#3723);
#3723 = CARTESIAN_POINT('',(0.16,-2.7,-3.));
#3724 = LINE('',#3725,#3726);
#3725 = CARTESIAN_POINT('',(0.16,-2.7,-3.));
#3726 = VECTOR('',#3727,1.);
#3727 = DIRECTION('',(-0.57735026919,0.57735026919,-0.57735026919));
#3728 = ORIENTED_EDGE('',*,*,#3729,.F.);
#3729 = EDGE_CURVE('',#3713,#3722,#3730,.T.);
#3730 = LINE('',#3731,#3732);
#3731 = CARTESIAN_POINT('',(-0.32,-2.7,-3.));
#3732 = VECTOR('',#3733,1.);
#3733 = DIRECTION('',(1.,0.,0.));
#3734 = PLANE('',#3735);
#3735 = AXIS2_PLACEMENT_3D('',#3736,#3737,#3738);
#3736 = CARTESIAN_POINT('',(-0.32,-2.78,-2.92));
#3737 = DIRECTION('',(1.735167508357E-18,-0.707106781187,-0.707106781187
    ));
#3738 = DIRECTION('',(-1.,-1.226948711654E-18,-1.226948711654E-18));
#3739 = ADVANCED_FACE('',(#3740),#3758,.F.);
#3740 = FACE_BOUND('',#3741,.F.);
#3741 = EDGE_LOOP('',(#3742,#3743,#3744,#3752));
#3742 = ORIENTED_EDGE('',*,*,#3721,.F.);
#3743 = ORIENTED_EDGE('',*,*,#3168,.T.);
#3744 = ORIENTED_EDGE('',*,*,#3745,.T.);
#3745 = EDGE_CURVE('',#3169,#3746,#3748,.T.);
#3746 = VERTEX_POINT('',#3747);
#3747 = CARTESIAN_POINT('',(0.16,-2.38,-3.));
#3748 = LINE('',#3749,#3750);
#3749 = CARTESIAN_POINT('',(5.333333333333E-02,-2.486666666667,
    -3.106666666667));
#3750 = VECTOR('',#3751,1.);
#3751 = DIRECTION('',(-0.57735026919,-0.57735026919,-0.57735026919));
#3752 = ORIENTED_EDGE('',*,*,#3753,.F.);
#3753 = EDGE_CURVE('',#3722,#3746,#3754,.T.);
#3754 = LINE('',#3755,#3756);
#3755 = CARTESIAN_POINT('',(0.16,-2.86,-3.));
#3756 = VECTOR('',#3757,1.);
#3757 = DIRECTION('',(0.,1.,0.));
#3758 = PLANE('',#3759);
#3759 = AXIS2_PLACEMENT_3D('',#3760,#3761,#3762);
#3760 = CARTESIAN_POINT('',(0.24,-2.86,-2.92));
#3761 = DIRECTION('',(-0.707106781187,1.735167508357E-18,0.707106781187)
  );
#3762 = DIRECTION('',(1.226948711654E-18,1.,-1.226948711654E-18));
#3763 = ADVANCED_FACE('',(#3764),#3782,.F.);
#3764 = FACE_BOUND('',#3765,.T.);
#3765 = EDGE_LOOP('',(#3766,#3774,#3775,#3776));
#3766 = ORIENTED_EDGE('',*,*,#3767,.F.);
#3767 = EDGE_CURVE('',#3193,#3768,#3770,.T.);
#3768 = VERTEX_POINT('',#3769);
#3769 = CARTESIAN_POINT('',(-0.16,-2.38,-3.));
#3770 = LINE('',#3771,#3772);
#3771 = CARTESIAN_POINT('',(-0.16,-2.38,-3.));
#3772 = VECTOR('',#3773,1.);
#3773 = DIRECTION('',(0.57735026919,-0.57735026919,-0.57735026919));
#3774 = ORIENTED_EDGE('',*,*,#3192,.T.);
#3775 = ORIENTED_EDGE('',*,*,#3745,.T.);
#3776 = ORIENTED_EDGE('',*,*,#3777,.F.);
#3777 = EDGE_CURVE('',#3768,#3746,#3778,.T.);
#3778 = LINE('',#3779,#3780);
#3779 = CARTESIAN_POINT('',(-0.32,-2.38,-3.));
#3780 = VECTOR('',#3781,1.);
#3781 = DIRECTION('',(1.,0.,0.));
#3782 = PLANE('',#3783);
#3783 = AXIS2_PLACEMENT_3D('',#3784,#3785,#3786);
#3784 = CARTESIAN_POINT('',(-0.32,-2.3,-2.92));
#3785 = DIRECTION('',(-1.735167508357E-18,-0.707106781187,0.707106781187
    ));
#3786 = DIRECTION('',(-1.,1.226948711654E-18,-1.226948711654E-18));
#3787 = ADVANCED_FACE('',(#3788),#3799,.T.);
#3788 = FACE_BOUND('',#3789,.T.);
#3789 = EDGE_LOOP('',(#3790,#3791,#3792,#3793));
#3790 = ORIENTED_EDGE('',*,*,#3712,.F.);
#3791 = ORIENTED_EDGE('',*,*,#3216,.T.);
#3792 = ORIENTED_EDGE('',*,*,#3767,.T.);
#3793 = ORIENTED_EDGE('',*,*,#3794,.F.);
#3794 = EDGE_CURVE('',#3713,#3768,#3795,.T.);
#3795 = LINE('',#3796,#3797);
#3796 = CARTESIAN_POINT('',(-0.16,-2.86,-3.));
#3797 = VECTOR('',#3798,1.);
#3798 = DIRECTION('',(0.,1.,0.));
#3799 = PLANE('',#3800);
#3800 = AXIS2_PLACEMENT_3D('',#3801,#3802,#3803);
#3801 = CARTESIAN_POINT('',(-0.24,-2.86,-2.92));
#3802 = DIRECTION('',(-0.707106781187,-1.735167508357E-18,
    -0.707106781187));
#3803 = DIRECTION('',(-1.226948711654E-18,1.,-1.226948711654E-18));
#3804 = ADVANCED_FACE('',(#3805),#3830,.F.);
#3805 = FACE_BOUND('',#3806,.T.);
#3806 = EDGE_LOOP('',(#3807,#3815,#3816,#3824));
#3807 = ORIENTED_EDGE('',*,*,#3808,.F.);
#3808 = EDGE_CURVE('',#3241,#3809,#3811,.T.);
#3809 = VERTEX_POINT('',#3810);
#3810 = CARTESIAN_POINT('',(-0.16,-4.92,-3.));
#3811 = LINE('',#3812,#3813);
#3812 = CARTESIAN_POINT('',(-0.16,-4.92,-3.));
#3813 = VECTOR('',#3814,1.);
#3814 = DIRECTION('',(0.57735026919,-0.57735026919,-0.57735026919));
#3815 = ORIENTED_EDGE('',*,*,#3240,.T.);
#3816 = ORIENTED_EDGE('',*,*,#3817,.T.);
#3817 = EDGE_CURVE('',#3233,#3818,#3820,.T.);
#3818 = VERTEX_POINT('',#3819);
#3819 = CARTESIAN_POINT('',(0.16,-4.92,-3.));
#3820 = LINE('',#3821,#3822);
#3821 = CARTESIAN_POINT('',(5.333333333333E-02,-5.026666666667,
    -3.106666666667));
#3822 = VECTOR('',#3823,1.);
#3823 = DIRECTION('',(-0.57735026919,-0.57735026919,-0.57735026919));
#3824 = ORIENTED_EDGE('',*,*,#3825,.F.);
#3825 = EDGE_CURVE('',#3809,#3818,#3826,.T.);
#3826 = LINE('',#3827,#3828);
#3827 = CARTESIAN_POINT('',(-0.32,-4.92,-3.));
#3828 = VECTOR('',#3829,1.);
#3829 = DIRECTION('',(1.,0.,0.));
#3830 = PLANE('',#3831);
#3831 = AXIS2_PLACEMENT_3D('',#3832,#3833,#3834);
#3832 = CARTESIAN_POINT('',(-0.32,-4.84,-2.92));
#3833 = DIRECTION('',(-1.735167508357E-18,-0.707106781187,0.707106781187
    ));
#3834 = DIRECTION('',(-1.,1.226948711654E-18,-1.226948711654E-18));
#3835 = ADVANCED_FACE('',(#3836),#3854,.T.);
#3836 = FACE_BOUND('',#3837,.T.);
#3837 = EDGE_LOOP('',(#3838,#3846,#3847,#3848));
#3838 = ORIENTED_EDGE('',*,*,#3839,.F.);
#3839 = EDGE_CURVE('',#3264,#3840,#3842,.T.);
#3840 = VERTEX_POINT('',#3841);
#3841 = CARTESIAN_POINT('',(-0.16,-5.24,-3.));
#3842 = LINE('',#3843,#3844);
#3843 = CARTESIAN_POINT('',(-0.266666666667,-5.346666666667,
    -2.893333333333));
#3844 = VECTOR('',#3845,1.);
#3845 = DIRECTION('',(0.57735026919,0.57735026919,-0.57735026919));
#3846 = ORIENTED_EDGE('',*,*,#3271,.T.);
#3847 = ORIENTED_EDGE('',*,*,#3808,.T.);
#3848 = ORIENTED_EDGE('',*,*,#3849,.F.);
#3849 = EDGE_CURVE('',#3840,#3809,#3850,.T.);
#3850 = LINE('',#3851,#3852);
#3851 = CARTESIAN_POINT('',(-0.16,-5.4,-3.));
#3852 = VECTOR('',#3853,1.);
#3853 = DIRECTION('',(0.,1.,0.));
#3854 = PLANE('',#3855);
#3855 = AXIS2_PLACEMENT_3D('',#3856,#3857,#3858);
#3856 = CARTESIAN_POINT('',(-0.24,-5.4,-2.92));
#3857 = DIRECTION('',(-0.707106781187,-1.735167508357E-18,
    -0.707106781187));
#3858 = DIRECTION('',(-1.226948711654E-18,1.,-1.226948711654E-18));
#3859 = ADVANCED_FACE('',(#3860),#3878,.T.);
#3860 = FACE_BOUND('',#3861,.F.);
#3861 = EDGE_LOOP('',(#3862,#3863,#3864,#3872));
#3862 = ORIENTED_EDGE('',*,*,#3839,.F.);
#3863 = ORIENTED_EDGE('',*,*,#3295,.T.);
#3864 = ORIENTED_EDGE('',*,*,#3865,.T.);
#3865 = EDGE_CURVE('',#3288,#3866,#3868,.T.);
#3866 = VERTEX_POINT('',#3867);
#3867 = CARTESIAN_POINT('',(0.16,-5.24,-3.));
#3868 = LINE('',#3869,#3870);
#3869 = CARTESIAN_POINT('',(0.16,-5.24,-3.));
#3870 = VECTOR('',#3871,1.);
#3871 = DIRECTION('',(-0.57735026919,0.57735026919,-0.57735026919));
#3872 = ORIENTED_EDGE('',*,*,#3873,.F.);
#3873 = EDGE_CURVE('',#3840,#3866,#3874,.T.);
#3874 = LINE('',#3875,#3876);
#3875 = CARTESIAN_POINT('',(-0.32,-5.24,-3.));
#3876 = VECTOR('',#3877,1.);
#3877 = DIRECTION('',(1.,0.,0.));
#3878 = PLANE('',#3879);
#3879 = AXIS2_PLACEMENT_3D('',#3880,#3881,#3882);
#3880 = CARTESIAN_POINT('',(-0.32,-5.32,-2.92));
#3881 = DIRECTION('',(1.735167508357E-18,-0.707106781187,-0.707106781187
    ));
#3882 = DIRECTION('',(-1.,-1.226948711654E-18,-1.226948711654E-18));
#3883 = ADVANCED_FACE('',(#3884),#3895,.F.);
#3884 = FACE_BOUND('',#3885,.F.);
#3885 = EDGE_LOOP('',(#3886,#3887,#3888,#3889));
#3886 = ORIENTED_EDGE('',*,*,#3865,.F.);
#3887 = ORIENTED_EDGE('',*,*,#3312,.T.);
#3888 = ORIENTED_EDGE('',*,*,#3817,.T.);
#3889 = ORIENTED_EDGE('',*,*,#3890,.F.);
#3890 = EDGE_CURVE('',#3866,#3818,#3891,.T.);
#3891 = LINE('',#3892,#3893);
#3892 = CARTESIAN_POINT('',(0.16,-5.4,-3.));
#3893 = VECTOR('',#3894,1.);
#3894 = DIRECTION('',(0.,1.,0.));
#3895 = PLANE('',#3896);
#3896 = AXIS2_PLACEMENT_3D('',#3897,#3898,#3899);
#3897 = CARTESIAN_POINT('',(0.24,-5.4,-2.92));
#3898 = DIRECTION('',(-0.707106781187,1.735167508357E-18,0.707106781187)
  );
#3899 = DIRECTION('',(1.226948711654E-18,1.,-1.226948711654E-18));
#3900 = ADVANCED_FACE('',(#3901),#3926,.T.);
#3901 = FACE_BOUND('',#3902,.T.);
#3902 = EDGE_LOOP('',(#3903,#3911,#3912,#3920));
#3903 = ORIENTED_EDGE('',*,*,#3904,.F.);
#3904 = EDGE_CURVE('',#3329,#3905,#3907,.T.);
#3905 = VERTEX_POINT('',#3906);
#3906 = CARTESIAN_POINT('',(0.16,-0.16,8.54));
#3907 = LINE('',#3908,#3909);
#3908 = CARTESIAN_POINT('',(0.16,-0.16,8.54));
#3909 = VECTOR('',#3910,1.);
#3910 = DIRECTION('',(-0.57735026919,0.57735026919,0.57735026919));
#3911 = ORIENTED_EDGE('',*,*,#3345,.T.);
#3912 = ORIENTED_EDGE('',*,*,#3913,.T.);
#3913 = EDGE_CURVE('',#3338,#3914,#3916,.T.);
#3914 = VERTEX_POINT('',#3915);
#3915 = CARTESIAN_POINT('',(0.16,0.16,8.54));
#3916 = LINE('',#3917,#3918);
#3917 = CARTESIAN_POINT('',(5.333333333333E-02,5.333333333333E-02,
    8.646666666667));
#3918 = VECTOR('',#3919,1.);
#3919 = DIRECTION('',(-0.57735026919,-0.57735026919,0.57735026919));
#3920 = ORIENTED_EDGE('',*,*,#3921,.F.);
#3921 = EDGE_CURVE('',#3905,#3914,#3922,.T.);
#3922 = LINE('',#3923,#3924);
#3923 = CARTESIAN_POINT('',(0.16,-0.32,8.54));
#3924 = VECTOR('',#3925,1.);
#3925 = DIRECTION('',(0.,1.,0.));
#3926 = PLANE('',#3927);
#3927 = AXIS2_PLACEMENT_3D('',#3928,#3929,#3930);
#3928 = CARTESIAN_POINT('',(0.24,-0.32,8.46));
#3929 = DIRECTION('',(0.707106781187,-1.735167508357E-18,0.707106781187)
  );
#3930 = DIRECTION('',(1.226948711654E-18,1.,1.226948711654E-18));
#3931 = ADVANCED_FACE('',(#3932),#3950,.T.);
#3932 = FACE_BOUND('',#3933,.F.);
#3933 = EDGE_LOOP('',(#3934,#3942,#3943,#3944));
#3934 = ORIENTED_EDGE('',*,*,#3935,.F.);
#3935 = EDGE_CURVE('',#3362,#3936,#3938,.T.);
#3936 = VERTEX_POINT('',#3937);
#3937 = CARTESIAN_POINT('',(-0.16,0.16,8.54));
#3938 = LINE('',#3939,#3940);
#3939 = CARTESIAN_POINT('',(-0.16,0.16,8.54));
#3940 = VECTOR('',#3941,1.);
#3941 = DIRECTION('',(0.57735026919,-0.57735026919,0.57735026919));
#3942 = ORIENTED_EDGE('',*,*,#3369,.T.);
#3943 = ORIENTED_EDGE('',*,*,#3913,.T.);
#3944 = ORIENTED_EDGE('',*,*,#3945,.F.);
#3945 = EDGE_CURVE('',#3936,#3914,#3946,.T.);
#3946 = LINE('',#3947,#3948);
#3947 = CARTESIAN_POINT('',(-0.32,0.16,8.54));
#3948 = VECTOR('',#3949,1.);
#3949 = DIRECTION('',(1.,0.,0.));
#3950 = PLANE('',#3951);
#3951 = AXIS2_PLACEMENT_3D('',#3952,#3953,#3954);
#3952 = CARTESIAN_POINT('',(-0.32,0.24,8.46));
#3953 = DIRECTION('',(1.735167508357E-18,0.707106781187,0.707106781187)
  );
#3954 = DIRECTION('',(-1.,1.226948711654E-18,1.226948711654E-18));
#3955 = ADVANCED_FACE('',(#3956),#3974,.F.);
#3956 = FACE_BOUND('',#3957,.F.);
#3957 = EDGE_LOOP('',(#3958,#3966,#3967,#3968));
#3958 = ORIENTED_EDGE('',*,*,#3959,.F.);
#3959 = EDGE_CURVE('',#3384,#3960,#3962,.T.);
#3960 = VERTEX_POINT('',#3961);
#3961 = CARTESIAN_POINT('',(-0.16,-0.16,8.54));
#3962 = LINE('',#3963,#3964);
#3963 = CARTESIAN_POINT('',(-0.266666666667,-0.266666666667,
    8.433333333333));
#3964 = VECTOR('',#3965,1.);
#3965 = DIRECTION('',(0.57735026919,0.57735026919,0.57735026919));
#3966 = ORIENTED_EDGE('',*,*,#3393,.T.);
#3967 = ORIENTED_EDGE('',*,*,#3935,.T.);
#3968 = ORIENTED_EDGE('',*,*,#3969,.F.);
#3969 = EDGE_CURVE('',#3960,#3936,#3970,.T.);
#3970 = LINE('',#3971,#3972);
#3971 = CARTESIAN_POINT('',(-0.16,-0.32,8.54));
#3972 = VECTOR('',#3973,1.);
#3973 = DIRECTION('',(0.,1.,0.));
#3974 = PLANE('',#3975);
#3975 = AXIS2_PLACEMENT_3D('',#3976,#3977,#3978);
#3976 = CARTESIAN_POINT('',(-0.24,-0.32,8.46));
#3977 = DIRECTION('',(0.707106781187,1.735167508357E-18,-0.707106781187)
  );
#3978 = DIRECTION('',(-1.226948711654E-18,1.,1.226948711654E-18));
#3979 = ADVANCED_FACE('',(#3980),#3991,.F.);
#3980 = FACE_BOUND('',#3981,.T.);
#3981 = EDGE_LOOP('',(#3982,#3983,#3984,#3985));
#3982 = ORIENTED_EDGE('',*,*,#3959,.F.);
#3983 = ORIENTED_EDGE('',*,*,#3410,.T.);
#3984 = ORIENTED_EDGE('',*,*,#3904,.T.);
#3985 = ORIENTED_EDGE('',*,*,#3986,.F.);
#3986 = EDGE_CURVE('',#3960,#3905,#3987,.T.);
#3987 = LINE('',#3988,#3989);
#3988 = CARTESIAN_POINT('',(-0.32,-0.16,8.54));
#3989 = VECTOR('',#3990,1.);
#3990 = DIRECTION('',(1.,0.,0.));
#3991 = PLANE('',#3992);
#3992 = AXIS2_PLACEMENT_3D('',#3993,#3994,#3995);
#3993 = CARTESIAN_POINT('',(-0.32,-0.24,8.46));
#3994 = DIRECTION('',(-1.735167508357E-18,0.707106781187,-0.707106781187
    ));
#3995 = DIRECTION('',(-1.,-1.226948711654E-18,1.226948711654E-18));
#3996 = ADVANCED_FACE('',(#3997),#4022,.F.);
#3997 = FACE_BOUND('',#3998,.T.);
#3998 = EDGE_LOOP('',(#3999,#4007,#4008,#4016));
#3999 = ORIENTED_EDGE('',*,*,#4000,.F.);
#4000 = EDGE_CURVE('',#3434,#4001,#4003,.T.);
#4001 = VERTEX_POINT('',#4002);
#4002 = CARTESIAN_POINT('',(-0.16,-2.7,8.54));
#4003 = LINE('',#4004,#4005);
#4004 = CARTESIAN_POINT('',(-0.266666666667,-2.806666666667,
    8.433333333333));
#4005 = VECTOR('',#4006,1.);
#4006 = DIRECTION('',(0.57735026919,0.57735026919,0.57735026919));
#4007 = ORIENTED_EDGE('',*,*,#3441,.T.);
#4008 = ORIENTED_EDGE('',*,*,#4009,.T.);
#4009 = EDGE_CURVE('',#3425,#4010,#4012,.T.);
#4010 = VERTEX_POINT('',#4011);
#4011 = CARTESIAN_POINT('',(0.16,-2.7,8.54));
#4012 = LINE('',#4013,#4014);
#4013 = CARTESIAN_POINT('',(0.16,-2.7,8.54));
#4014 = VECTOR('',#4015,1.);
#4015 = DIRECTION('',(-0.57735026919,0.57735026919,0.57735026919));
#4016 = ORIENTED_EDGE('',*,*,#4017,.F.);
#4017 = EDGE_CURVE('',#4001,#4010,#4018,.T.);
#4018 = LINE('',#4019,#4020);
#4019 = CARTESIAN_POINT('',(-0.32,-2.7,8.54));
#4020 = VECTOR('',#4021,1.);
#4021 = DIRECTION('',(1.,0.,0.));
#4022 = PLANE('',#4023);
#4023 = AXIS2_PLACEMENT_3D('',#4024,#4025,#4026);
#4024 = CARTESIAN_POINT('',(-0.32,-2.78,8.46));
#4025 = DIRECTION('',(-1.735167508357E-18,0.707106781187,-0.707106781187
    ));
#4026 = DIRECTION('',(-1.,-1.226948711654E-18,1.226948711654E-18));
#4027 = ADVANCED_FACE('',(#4028),#4046,.T.);
#4028 = FACE_BOUND('',#4029,.T.);
#4029 = EDGE_LOOP('',(#4030,#4031,#4032,#4040));
#4030 = ORIENTED_EDGE('',*,*,#4009,.F.);
#4031 = ORIENTED_EDGE('',*,*,#3465,.T.);
#4032 = ORIENTED_EDGE('',*,*,#4033,.T.);
#4033 = EDGE_CURVE('',#3458,#4034,#4036,.T.);
#4034 = VERTEX_POINT('',#4035);
#4035 = CARTESIAN_POINT('',(0.16,-2.38,8.54));
#4036 = LINE('',#4037,#4038);
#4037 = CARTESIAN_POINT('',(5.333333333333E-02,-2.486666666667,
    8.646666666667));
#4038 = VECTOR('',#4039,1.);
#4039 = DIRECTION('',(-0.57735026919,-0.57735026919,0.57735026919));
#4040 = ORIENTED_EDGE('',*,*,#4041,.F.);
#4041 = EDGE_CURVE('',#4010,#4034,#4042,.T.);
#4042 = LINE('',#4043,#4044);
#4043 = CARTESIAN_POINT('',(0.16,-2.86,8.54));
#4044 = VECTOR('',#4045,1.);
#4045 = DIRECTION('',(0.,1.,0.));
#4046 = PLANE('',#4047);
#4047 = AXIS2_PLACEMENT_3D('',#4048,#4049,#4050);
#4048 = CARTESIAN_POINT('',(0.24,-2.86,8.46));
#4049 = DIRECTION('',(0.707106781187,-1.735167508357E-18,0.707106781187)
  );
#4050 = DIRECTION('',(1.226948711654E-18,1.,1.226948711654E-18));
#4051 = ADVANCED_FACE('',(#4052),#4070,.T.);
#4052 = FACE_BOUND('',#4053,.F.);
#4053 = EDGE_LOOP('',(#4054,#4062,#4063,#4064));
#4054 = ORIENTED_EDGE('',*,*,#4055,.F.);
#4055 = EDGE_CURVE('',#3482,#4056,#4058,.T.);
#4056 = VERTEX_POINT('',#4057);
#4057 = CARTESIAN_POINT('',(-0.16,-2.38,8.54));
#4058 = LINE('',#4059,#4060);
#4059 = CARTESIAN_POINT('',(-0.16,-2.38,8.54));
#4060 = VECTOR('',#4061,1.);
#4061 = DIRECTION('',(0.57735026919,-0.57735026919,0.57735026919));
#4062 = ORIENTED_EDGE('',*,*,#3489,.T.);
#4063 = ORIENTED_EDGE('',*,*,#4033,.T.);
#4064 = ORIENTED_EDGE('',*,*,#4065,.F.);
#4065 = EDGE_CURVE('',#4056,#4034,#4066,.T.);
#4066 = LINE('',#4067,#4068);
#4067 = CARTESIAN_POINT('',(-0.32,-2.38,8.54));
#4068 = VECTOR('',#4069,1.);
#4069 = DIRECTION('',(1.,0.,0.));
#4070 = PLANE('',#4071);
#4071 = AXIS2_PLACEMENT_3D('',#4072,#4073,#4074);
#4072 = CARTESIAN_POINT('',(-0.32,-2.3,8.46));
#4073 = DIRECTION('',(1.735167508357E-18,0.707106781187,0.707106781187)
  );
#4074 = DIRECTION('',(-1.,1.226948711654E-18,1.226948711654E-18));
#4075 = ADVANCED_FACE('',(#4076),#4087,.F.);
#4076 = FACE_BOUND('',#4077,.F.);
#4077 = EDGE_LOOP('',(#4078,#4079,#4080,#4081));
#4078 = ORIENTED_EDGE('',*,*,#4000,.F.);
#4079 = ORIENTED_EDGE('',*,*,#3506,.T.);
#4080 = ORIENTED_EDGE('',*,*,#4055,.T.);
#4081 = ORIENTED_EDGE('',*,*,#4082,.F.);
#4082 = EDGE_CURVE('',#4001,#4056,#4083,.T.);
#4083 = LINE('',#4084,#4085);
#4084 = CARTESIAN_POINT('',(-0.16,-2.86,8.54));
#4085 = VECTOR('',#4086,1.);
#4086 = DIRECTION('',(0.,1.,0.));
#4087 = PLANE('',#4088);
#4088 = AXIS2_PLACEMENT_3D('',#4089,#4090,#4091);
#4089 = CARTESIAN_POINT('',(-0.24,-2.86,8.46));
#4090 = DIRECTION('',(0.707106781187,1.735167508357E-18,-0.707106781187)
  );
#4091 = DIRECTION('',(-1.226948711654E-18,1.,1.226948711654E-18));
#4092 = ADVANCED_FACE('',(#4093),#4118,.T.);
#4093 = FACE_BOUND('',#4094,.F.);
#4094 = EDGE_LOOP('',(#4095,#4103,#4104,#4112));
#4095 = ORIENTED_EDGE('',*,*,#4096,.F.);
#4096 = EDGE_CURVE('',#3530,#4097,#4099,.T.);
#4097 = VERTEX_POINT('',#4098);
#4098 = CARTESIAN_POINT('',(-0.16,-4.92,8.54));
#4099 = LINE('',#4100,#4101);
#4100 = CARTESIAN_POINT('',(-0.16,-4.92,8.54));
#4101 = VECTOR('',#4102,1.);
#4102 = DIRECTION('',(0.57735026919,-0.57735026919,0.57735026919));
#4103 = ORIENTED_EDGE('',*,*,#3537,.T.);
#4104 = ORIENTED_EDGE('',*,*,#4105,.T.);
#4105 = EDGE_CURVE('',#3521,#4106,#4108,.T.);
#4106 = VERTEX_POINT('',#4107);
#4107 = CARTESIAN_POINT('',(0.16,-4.92,8.54));
#4108 = LINE('',#4109,#4110);
#4109 = CARTESIAN_POINT('',(5.333333333333E-02,-5.026666666667,
    8.646666666667));
#4110 = VECTOR('',#4111,1.);
#4111 = DIRECTION('',(-0.57735026919,-0.57735026919,0.57735026919));
#4112 = ORIENTED_EDGE('',*,*,#4113,.F.);
#4113 = EDGE_CURVE('',#4097,#4106,#4114,.T.);
#4114 = LINE('',#4115,#4116);
#4115 = CARTESIAN_POINT('',(-0.32,-4.92,8.54));
#4116 = VECTOR('',#4117,1.);
#4117 = DIRECTION('',(1.,0.,0.));
#4118 = PLANE('',#4119);
#4119 = AXIS2_PLACEMENT_3D('',#4120,#4121,#4122);
#4120 = CARTESIAN_POINT('',(-0.32,-4.84,8.46));
#4121 = DIRECTION('',(1.735167508357E-18,0.707106781187,0.707106781187)
  );
#4122 = DIRECTION('',(-1.,1.226948711654E-18,1.226948711654E-18));
#4123 = ADVANCED_FACE('',(#4124),#4142,.F.);
#4124 = FACE_BOUND('',#4125,.F.);
#4125 = EDGE_LOOP('',(#4126,#4134,#4135,#4136));
#4126 = ORIENTED_EDGE('',*,*,#4127,.F.);
#4127 = EDGE_CURVE('',#3552,#4128,#4130,.T.);
#4128 = VERTEX_POINT('',#4129);
#4129 = CARTESIAN_POINT('',(-0.16,-5.24,8.54));
#4130 = LINE('',#4131,#4132);
#4131 = CARTESIAN_POINT('',(-0.266666666667,-5.346666666667,
    8.433333333333));
#4132 = VECTOR('',#4133,1.);
#4133 = DIRECTION('',(0.57735026919,0.57735026919,0.57735026919));
#4134 = ORIENTED_EDGE('',*,*,#3561,.T.);
#4135 = ORIENTED_EDGE('',*,*,#4096,.T.);
#4136 = ORIENTED_EDGE('',*,*,#4137,.F.);
#4137 = EDGE_CURVE('',#4128,#4097,#4138,.T.);
#4138 = LINE('',#4139,#4140);
#4139 = CARTESIAN_POINT('',(-0.16,-5.4,8.54));
#4140 = VECTOR('',#4141,1.);
#4141 = DIRECTION('',(0.,1.,0.));
#4142 = PLANE('',#4143);
#4143 = AXIS2_PLACEMENT_3D('',#4144,#4145,#4146);
#4144 = CARTESIAN_POINT('',(-0.24,-5.4,8.46));
#4145 = DIRECTION('',(0.707106781187,1.735167508357E-18,-0.707106781187)
  );
#4146 = DIRECTION('',(-1.226948711654E-18,1.,1.226948711654E-18));
#4147 = ADVANCED_FACE('',(#4148),#4166,.F.);
#4148 = FACE_BOUND('',#4149,.T.);
#4149 = EDGE_LOOP('',(#4150,#4151,#4152,#4160));
#4150 = ORIENTED_EDGE('',*,*,#4127,.F.);
#4151 = ORIENTED_EDGE('',*,*,#3585,.T.);
#4152 = ORIENTED_EDGE('',*,*,#4153,.T.);
#4153 = EDGE_CURVE('',#3576,#4154,#4156,.T.);
#4154 = VERTEX_POINT('',#4155);
#4155 = CARTESIAN_POINT('',(0.16,-5.24,8.54));
#4156 = LINE('',#4157,#4158);
#4157 = CARTESIAN_POINT('',(0.16,-5.24,8.54));
#4158 = VECTOR('',#4159,1.);
#4159 = DIRECTION('',(-0.57735026919,0.57735026919,0.57735026919));
#4160 = ORIENTED_EDGE('',*,*,#4161,.F.);
#4161 = EDGE_CURVE('',#4128,#4154,#4162,.T.);
#4162 = LINE('',#4163,#4164);
#4163 = CARTESIAN_POINT('',(-0.32,-5.24,8.54));
#4164 = VECTOR('',#4165,1.);
#4165 = DIRECTION('',(1.,0.,0.));
#4166 = PLANE('',#4167);
#4167 = AXIS2_PLACEMENT_3D('',#4168,#4169,#4170);
#4168 = CARTESIAN_POINT('',(-0.32,-5.32,8.46));
#4169 = DIRECTION('',(-1.735167508357E-18,0.707106781187,-0.707106781187
    ));
#4170 = DIRECTION('',(-1.,-1.226948711654E-18,1.226948711654E-18));
#4171 = ADVANCED_FACE('',(#4172),#4183,.T.);
#4172 = FACE_BOUND('',#4173,.T.);
#4173 = EDGE_LOOP('',(#4174,#4175,#4176,#4177));
#4174 = ORIENTED_EDGE('',*,*,#4153,.F.);
#4175 = ORIENTED_EDGE('',*,*,#3602,.T.);
#4176 = ORIENTED_EDGE('',*,*,#4105,.T.);
#4177 = ORIENTED_EDGE('',*,*,#4178,.F.);
#4178 = EDGE_CURVE('',#4154,#4106,#4179,.T.);
#4179 = LINE('',#4180,#4181);
#4180 = CARTESIAN_POINT('',(0.16,-5.4,8.54));
#4181 = VECTOR('',#4182,1.);
#4182 = DIRECTION('',(0.,1.,0.));
#4183 = PLANE('',#4184);
#4184 = AXIS2_PLACEMENT_3D('',#4185,#4186,#4187);
#4185 = CARTESIAN_POINT('',(0.24,-5.4,8.46));
#4186 = DIRECTION('',(0.707106781187,-1.735167508357E-18,0.707106781187)
  );
#4187 = DIRECTION('',(1.226948711654E-18,1.,1.226948711654E-18));
#4188 = ADVANCED_FACE('',(#4189),#4195,.F.);
#4189 = FACE_BOUND('',#4190,.F.);
#4190 = EDGE_LOOP('',(#4191,#4192,#4193,#4194));
#4191 = ORIENTED_EDGE('',*,*,#3657,.F.);
#4192 = ORIENTED_EDGE('',*,*,#3681,.F.);
#4193 = ORIENTED_EDGE('',*,*,#3698,.T.);
#4194 = ORIENTED_EDGE('',*,*,#3633,.T.);
#4195 = PLANE('',#4196);
#4196 = AXIS2_PLACEMENT_3D('',#4197,#4198,#4199);
#4197 = CARTESIAN_POINT('',(-0.32,-0.32,-3.));
#4198 = DIRECTION('',(0.,0.,1.));
#4199 = DIRECTION('',(1.,0.,-0.));
#4200 = ADVANCED_FACE('',(#4201),#4207,.F.);
#4201 = FACE_BOUND('',#4202,.F.);
#4202 = EDGE_LOOP('',(#4203,#4204,#4205,#4206));
#4203 = ORIENTED_EDGE('',*,*,#3777,.F.);
#4204 = ORIENTED_EDGE('',*,*,#3794,.F.);
#4205 = ORIENTED_EDGE('',*,*,#3729,.T.);
#4206 = ORIENTED_EDGE('',*,*,#3753,.T.);
#4207 = PLANE('',#4208);
#4208 = AXIS2_PLACEMENT_3D('',#4209,#4210,#4211);
#4209 = CARTESIAN_POINT('',(-0.32,-2.86,-3.));
#4210 = DIRECTION('',(0.,0.,1.));
#4211 = DIRECTION('',(1.,0.,-0.));
#4212 = ADVANCED_FACE('',(#4213),#4219,.F.);
#4213 = FACE_BOUND('',#4214,.F.);
#4214 = EDGE_LOOP('',(#4215,#4216,#4217,#4218));
#4215 = ORIENTED_EDGE('',*,*,#3825,.F.);
#4216 = ORIENTED_EDGE('',*,*,#3849,.F.);
#4217 = ORIENTED_EDGE('',*,*,#3873,.T.);
#4218 = ORIENTED_EDGE('',*,*,#3890,.T.);
#4219 = PLANE('',#4220);
#4220 = AXIS2_PLACEMENT_3D('',#4221,#4222,#4223);
#4221 = CARTESIAN_POINT('',(-0.32,-5.4,-3.));
#4222 = DIRECTION('',(0.,0.,1.));
#4223 = DIRECTION('',(1.,0.,-0.));
#4224 = ADVANCED_FACE('',(#4225),#4231,.T.);
#4225 = FACE_BOUND('',#4226,.T.);
#4226 = EDGE_LOOP('',(#4227,#4228,#4229,#4230));
#4227 = ORIENTED_EDGE('',*,*,#3986,.T.);
#4228 = ORIENTED_EDGE('',*,*,#3921,.T.);
#4229 = ORIENTED_EDGE('',*,*,#3945,.F.);
#4230 = ORIENTED_EDGE('',*,*,#3969,.F.);
#4231 = PLANE('',#4232);
#4232 = AXIS2_PLACEMENT_3D('',#4233,#4234,#4235);
#4233 = CARTESIAN_POINT('',(-0.32,-0.32,8.54));
#4234 = DIRECTION('',(0.,0.,1.));
#4235 = DIRECTION('',(1.,0.,-0.));
#4236 = ADVANCED_FACE('',(#4237),#4243,.T.);
#4237 = FACE_BOUND('',#4238,.T.);
#4238 = EDGE_LOOP('',(#4239,#4240,#4241,#4242));
#4239 = ORIENTED_EDGE('',*,*,#4017,.T.);
#4240 = ORIENTED_EDGE('',*,*,#4041,.T.);
#4241 = ORIENTED_EDGE('',*,*,#4065,.F.);
#4242 = ORIENTED_EDGE('',*,*,#4082,.F.);
#4243 = PLANE('',#4244);
#4244 = AXIS2_PLACEMENT_3D('',#4245,#4246,#4247);
#4245 = CARTESIAN_POINT('',(-0.32,-2.86,8.54));
#4246 = DIRECTION('',(0.,0.,1.));
#4247 = DIRECTION('',(1.,0.,-0.));
#4248 = ADVANCED_FACE('',(#4249),#4255,.T.);
#4249 = FACE_BOUND('',#4250,.T.);
#4250 = EDGE_LOOP('',(#4251,#4252,#4253,#4254));
#4251 = ORIENTED_EDGE('',*,*,#4161,.T.);
#4252 = ORIENTED_EDGE('',*,*,#4178,.T.);
#4253 = ORIENTED_EDGE('',*,*,#4113,.F.);
#4254 = ORIENTED_EDGE('',*,*,#4137,.F.);
#4255 = PLANE('',#4256);
#4256 = AXIS2_PLACEMENT_3D('',#4257,#4258,#4259);
#4257 = CARTESIAN_POINT('',(-0.32,-5.4,8.54));
#4258 = DIRECTION('',(0.,0.,1.));
#4259 = DIRECTION('',(1.,0.,-0.));
#4260 = ( GEOMETRIC_REPRESENTATION_CONTEXT(3) 
GLOBAL_UNCERTAINTY_ASSIGNED_CONTEXT((#4264)) 
GLOBAL_UNIT_ASSIGNED_CONTEXT((#4261,#4262,#4263)) REPRESENTATION_CONTEXT
('Context #1','3D Context with UNIT and UNCERTAINTY') );
#4261 = ( LENGTH_UNIT() NAMED_UNIT(*) SI_UNIT(.MILLI.,.METRE.) );
#4262 = ( NAMED_UNIT(*) PLANE_ANGLE_UNIT() SI_UNIT($,.RADIAN.) );
#4263 = ( NAMED_UNIT(*) SI_UNIT($,.STERADIAN.) SOLID_ANGLE_UNIT() );
#4264 = UNCERTAINTY_MEASURE_WITH_UNIT(LENGTH_MEASURE(1.E-07),#4261,
  'distance_accuracy_value','confusion accuracy');
#4265 = CONTEXT_DEPENDENT_SHAPE_REPRESENTATION(#4266,#4268);
#4266 = ( REPRESENTATION_RELATIONSHIP('','',#2153,#2130) 
REPRESENTATION_RELATIONSHIP_WITH_TRANSFORMATION(#4267) 
SHAPE_REPRESENTATION_RELATIONSHIP() );
#4267 = ITEM_DEFINED_TRANSFORMATION('','',#11,#2131);
#4268 = PRODUCT_DEFINITION_SHAPE('Placement','Placement of an item',
  #4269);
#4269 = NEXT_ASSEMBLY_USAGE_OCCURRENCE('3','=>[0:1:1:5]','',#2125,#2148,
  $);
#4270 = PRODUCT_RELATED_PRODUCT_CATEGORY('part',$,(#2150));
#4271 = SHAPE_DEFINITION_REPRESENTATION(#4272,#4278);
#4272 = PRODUCT_DEFINITION_SHAPE('','',#4273);
#4273 = PRODUCT_DEFINITION('design','',#4274,#4277);
#4274 = PRODUCT_DEFINITION_FORMATION('','',#4275);
#4275 = PRODUCT('Buzzer_12x9.5RM7.6','Buzzer_12x9.5RM7.6','',(#4276));
#4276 = PRODUCT_CONTEXT('',#2,'mechanical');
#4277 = PRODUCT_DEFINITION_CONTEXT('part definition',#2,'design');
#4278 = SHAPE_REPRESENTATION('',(#11,#4279),#4283);
#4279 = AXIS2_PLACEMENT_3D('',#4280,#4281,#4282);
#4280 = CARTESIAN_POINT('',(0.,0.,0.));
#4281 = DIRECTION('',(0.,0.,1.));
#4282 = DIRECTION('',(1.,0.,-0.));
#4283 = ( GEOMETRIC_REPRESENTATION_CONTEXT(3) 
GLOBAL_UNCERTAINTY_ASSIGNED_CONTEXT((#4287)) 
GLOBAL_UNIT_ASSIGNED_CONTEXT((#4284,#4285,#4286)) REPRESENTATION_CONTEXT
('Context #1','3D Context with UNIT and UNCERTAINTY') );
#4284 = ( LENGTH_UNIT() NAMED_UNIT(*) SI_UNIT(.MILLI.,.METRE.) );
#4285 = ( NAMED_UNIT(*) PLANE_ANGLE_UNIT() SI_UNIT($,.RADIAN.) );
#4286 = ( NAMED_UNIT(*) SI_UNIT($,.STERADIAN.) SOLID_ANGLE_UNIT() );
#4287 = UNCERTAINTY_MEASURE_WITH_UNIT(LENGTH_MEASURE(1.E-07),#4284,
  'distance_accuracy_value','confusion accuracy');
#4288 = CONTEXT_DEPENDENT_SHAPE_REPRESENTATION(#4289,#4291);
#4289 = ( REPRESENTATION_RELATIONSHIP('','',#4278,#10) 
REPRESENTATION_RELATIONSHIP_WITH_TRANSFORMATION(#4290) 
SHAPE_REPRESENTATION_RELATIONSHIP() );
#4290 = ITEM_DEFINED_TRANSFORMATION('','',#11,#23);
#4291 = PRODUCT_DEFINITION_SHAPE('Placement','Placement of an item',
  #4292);
#4292 = NEXT_ASSEMBLY_USAGE_OCCURRENCE('6','BZ1','',#5,#4273,$);
#4293 = PRODUCT_RELATED_PRODUCT_CATEGORY('part',$,(#4275));
#4294 = SHAPE_DEFINITION_REPRESENTATION(#4295,#4301);
#4295 = PRODUCT_DEFINITION_SHAPE('','',#4296);
#4296 = PRODUCT_DEFINITION('design','',#4297,#4300);
#4297 = PRODUCT_DEFINITION_FORMATION('','',#4298);
#4298 = PRODUCT('Buzzer_12x95RM76','Buzzer_12x95RM76','',(#4299));
#4299 = PRODUCT_CONTEXT('',#2,'mechanical');
#4300 = PRODUCT_DEFINITION_CONTEXT('part definition',#2,'design');
#4301 = ADVANCED_BREP_SHAPE_REPRESENTATION('',(#11,#4302),#4594);
#4302 = MANIFOLD_SOLID_BREP('',#4303);
#4303 = CLOSED_SHELL('',(#4304,#4337,#4363,#4389,#4420,#4440,#4465,#4490
    ,#4515,#4541,#4567,#4576,#4585));
#4304 = ADVANCED_FACE('',(#4305),#4332,.T.);
#4305 = FACE_BOUND('',#4306,.T.);
#4306 = EDGE_LOOP('',(#4307,#4316,#4324,#4331));
#4307 = ORIENTED_EDGE('',*,*,#4308,.T.);
#4308 = EDGE_CURVE('',#4309,#4309,#4311,.T.);
#4309 = VERTEX_POINT('',#4310);
#4310 = CARTESIAN_POINT('',(9.8,1.804356723968E-35,0.33));
#4311 = CIRCLE('',#4312,6.);
#4312 = AXIS2_PLACEMENT_3D('',#4313,#4314,#4315);
#4313 = CARTESIAN_POINT('',(3.8,1.804356723968E-35,0.33));
#4314 = DIRECTION('',(-8.559688641721E-35,6.014522413226E-35,1.));
#4315 = DIRECTION('',(1.,6.690258951221E-52,8.559688641721E-35));
#4316 = ORIENTED_EDGE('',*,*,#4317,.T.);
#4317 = EDGE_CURVE('',#4309,#4318,#4320,.T.);
#4318 = VERTEX_POINT('',#4319);
#4319 = CARTESIAN_POINT('',(9.8,-8.91040357515E-35,8.048518518519));
#4320 = LINE('',#4321,#4322);
#4321 = CARTESIAN_POINT('',(9.8,0.,3.E-02));
#4322 = VECTOR('',#4323,1.);
#4323 = DIRECTION('',(0.,0.,1.));
#4324 = ORIENTED_EDGE('',*,*,#4325,.F.);
#4325 = EDGE_CURVE('',#4318,#4318,#4326,.T.);
#4326 = CIRCLE('',#4327,6.);
#4327 = AXIS2_PLACEMENT_3D('',#4328,#4329,#4330);
#4328 = CARTESIAN_POINT('',(3.8,-8.91040357515E-35,8.048518518519));
#4329 = DIRECTION('',(-8.559688641721E-35,6.014522413226E-35,1.));
#4330 = DIRECTION('',(1.,8.259101077374E-51,8.559688641721E-35));
#4331 = ORIENTED_EDGE('',*,*,#4317,.F.);
#4332 = CYLINDRICAL_SURFACE('',#4333,6.);
#4333 = AXIS2_PLACEMENT_3D('',#4334,#4335,#4336);
#4334 = CARTESIAN_POINT('',(3.8,0.,3.E-02));
#4335 = DIRECTION('',(-0.,-0.,-1.));
#4336 = DIRECTION('',(1.,0.,0.));
#4337 = ADVANCED_FACE('',(#4338),#4358,.T.);
#4338 = FACE_BOUND('',#4339,.T.);
#4339 = EDGE_LOOP('',(#4340,#4349,#4356,#4357));
#4340 = ORIENTED_EDGE('',*,*,#4341,.T.);
#4341 = EDGE_CURVE('',#4342,#4342,#4344,.T.);
#4342 = VERTEX_POINT('',#4343);
#4343 = CARTESIAN_POINT('',(9.5,2.672764710092E-51,3.E-02));
#4344 = CIRCLE('',#4345,5.7);
#4345 = AXIS2_PLACEMENT_3D('',#4346,#4347,#4348);
#4346 = CARTESIAN_POINT('',(3.8,0.,3.E-02));
#4347 = DIRECTION('',(-8.559688641721E-35,6.014522413226E-35,1.));
#4348 = DIRECTION('',(1.,6.690258951221E-52,8.559688641721E-35));
#4349 = ORIENTED_EDGE('',*,*,#4350,.F.);
#4350 = EDGE_CURVE('',#4309,#4342,#4351,.T.);
#4351 = CIRCLE('',#4352,0.3);
#4352 = AXIS2_PLACEMENT_3D('',#4353,#4354,#4355);
#4353 = CARTESIAN_POINT('',(9.5,9.021783619839E-37,0.33));
#4354 = DIRECTION('',(3.007261206613E-36,1.,-6.014522413226E-35));
#4355 = DIRECTION('',(1.,-3.007261206613E-36,8.559688641721E-35));
#4356 = ORIENTED_EDGE('',*,*,#4308,.F.);
#4357 = ORIENTED_EDGE('',*,*,#4350,.T.);
#4358 = TOROIDAL_SURFACE('',#4359,5.7,0.3);
#4359 = AXIS2_PLACEMENT_3D('',#4360,#4361,#4362);
#4360 = CARTESIAN_POINT('',(3.8,1.804356723968E-35,0.33));
#4361 = DIRECTION('',(8.559688641721E-35,-6.014522413226E-35,-1.));
#4362 = DIRECTION('',(1.,6.690258951221E-52,8.559688641721E-35));
#4363 = ADVANCED_FACE('',(#4364),#4384,.T.);
#4364 = FACE_BOUND('',#4365,.T.);
#4365 = EDGE_LOOP('',(#4366,#4375,#4376,#4377));
#4366 = ORIENTED_EDGE('',*,*,#4367,.F.);
#4367 = EDGE_CURVE('',#4318,#4368,#4370,.T.);
#4368 = VERTEX_POINT('',#4369);
#4369 = CARTESIAN_POINT('',(8.318518518519,3.207317652111E-50,9.53));
#4370 = CIRCLE('',#4371,1.481481481481);
#4371 = AXIS2_PLACEMENT_3D('',#4372,#4373,#4374);
#4372 = CARTESIAN_POINT('',(8.318518518519,-8.91040357515E-35,
    8.048518518519));
#4373 = DIRECTION('',(8.259101077374E-51,-1.,6.014522413226E-35));
#4374 = DIRECTION('',(1.,8.259101077374E-51,8.559688641721E-35));
#4375 = ORIENTED_EDGE('',*,*,#4325,.T.);
#4376 = ORIENTED_EDGE('',*,*,#4367,.T.);
#4377 = ORIENTED_EDGE('',*,*,#4378,.F.);
#4378 = EDGE_CURVE('',#4368,#4368,#4379,.T.);
#4379 = CIRCLE('',#4380,4.518518518519);
#4380 = AXIS2_PLACEMENT_3D('',#4381,#4382,#4383);
#4381 = CARTESIAN_POINT('',(3.8,0.,9.53));
#4382 = DIRECTION('',(-8.559688641721E-35,6.014522413226E-35,1.));
#4383 = DIRECTION('',(1.,8.259101077374E-51,8.559688641721E-35));
#4384 = TOROIDAL_SURFACE('',#4385,4.518518518519,1.481481481481);
#4385 = AXIS2_PLACEMENT_3D('',#4386,#4387,#4388);
#4386 = CARTESIAN_POINT('',(3.8,-8.91040357515E-35,8.048518518519));
#4387 = DIRECTION('',(-8.559688641721E-35,6.014522413226E-35,1.));
#4388 = DIRECTION('',(1.,8.259101077374E-51,8.559688641721E-35));
#4389 = ADVANCED_FACE('',(#4390,#4393,#4404),#4415,.F.);
#4390 = FACE_BOUND('',#4391,.F.);
#4391 = EDGE_LOOP('',(#4392));
#4392 = ORIENTED_EDGE('',*,*,#4341,.T.);
#4393 = FACE_BOUND('',#4394,.F.);
#4394 = EDGE_LOOP('',(#4395));
#4395 = ORIENTED_EDGE('',*,*,#4396,.F.);
#4396 = EDGE_CURVE('',#4397,#4397,#4399,.T.);
#4397 = VERTEX_POINT('',#4398);
#4398 = CARTESIAN_POINT('',(0.45,0.,3.E-02));
#4399 = CIRCLE('',#4400,0.45);
#4400 = AXIS2_PLACEMENT_3D('',#4401,#4402,#4403);
#4401 = CARTESIAN_POINT('',(0.,0.,3.E-02));
#4402 = DIRECTION('',(0.,0.,1.));
#4403 = DIRECTION('',(1.,0.,-0.));
#4404 = FACE_BOUND('',#4405,.F.);
#4405 = EDGE_LOOP('',(#4406));
#4406 = ORIENTED_EDGE('',*,*,#4407,.F.);
#4407 = EDGE_CURVE('',#4408,#4408,#4410,.T.);
#4408 = VERTEX_POINT('',#4409);
#4409 = CARTESIAN_POINT('',(8.05,0.,3.E-02));
#4410 = CIRCLE('',#4411,0.45);
#4411 = AXIS2_PLACEMENT_3D('',#4412,#4413,#4414);
#4412 = CARTESIAN_POINT('',(7.6,0.,3.E-02));
#4413 = DIRECTION('',(0.,0.,1.));
#4414 = DIRECTION('',(1.,0.,-0.));
#4415 = PLANE('',#4416);
#4416 = AXIS2_PLACEMENT_3D('',#4417,#4418,#4419);
#4417 = CARTESIAN_POINT('',(3.8,2.108840176837E-16,3.E-02));
#4418 = DIRECTION('',(-8.559688641721E-35,6.014522413226E-35,1.));
#4419 = DIRECTION('',(1.,0.,8.559688641721E-35));
#4420 = ADVANCED_FACE('',(#4421,#4424),#4435,.T.);
#4421 = FACE_BOUND('',#4422,.T.);
#4422 = EDGE_LOOP('',(#4423));
#4423 = ORIENTED_EDGE('',*,*,#4378,.T.);
#4424 = FACE_BOUND('',#4425,.T.);
#4425 = EDGE_LOOP('',(#4426));
#4426 = ORIENTED_EDGE('',*,*,#4427,.T.);
#4427 = EDGE_CURVE('',#4428,#4428,#4430,.T.);
#4428 = VERTEX_POINT('',#4429);
#4429 = CARTESIAN_POINT('',(4.8,0.,9.53));
#4430 = CIRCLE('',#4431,1.);
#4431 = AXIS2_PLACEMENT_3D('',#4432,#4433,#4434);
#4432 = CARTESIAN_POINT('',(3.8,0.,9.53));
#4433 = DIRECTION('',(0.,0.,-1.));
#4434 = DIRECTION('',(1.,0.,0.));
#4435 = PLANE('',#4436);
#4436 = AXIS2_PLACEMENT_3D('',#4437,#4438,#4439);
#4437 = CARTESIAN_POINT('',(3.8,2.108840176837E-16,9.53));
#4438 = DIRECTION('',(-8.559688641721E-35,6.014522413226E-35,1.));
#4439 = DIRECTION('',(1.,0.,8.559688641721E-35));
#4440 = ADVANCED_FACE('',(#4441),#4460,.T.);
#4441 = FACE_BOUND('',#4442,.T.);
#4442 = EDGE_LOOP('',(#4443,#4444,#4452,#4459));
#4443 = ORIENTED_EDGE('',*,*,#4396,.F.);
#4444 = ORIENTED_EDGE('',*,*,#4445,.T.);
#4445 = EDGE_CURVE('',#4397,#4446,#4448,.T.);
#4446 = VERTEX_POINT('',#4447);
#4447 = CARTESIAN_POINT('',(0.45,0.,-2.82));
#4448 = LINE('',#4449,#4450);
#4449 = CARTESIAN_POINT('',(0.45,0.,1.03));
#4450 = VECTOR('',#4451,1.);
#4451 = DIRECTION('',(-0.,-0.,-1.));
#4452 = ORIENTED_EDGE('',*,*,#4453,.T.);
#4453 = EDGE_CURVE('',#4446,#4446,#4454,.T.);
#4454 = CIRCLE('',#4455,0.45);
#4455 = AXIS2_PLACEMENT_3D('',#4456,#4457,#4458);
#4456 = CARTESIAN_POINT('',(0.,0.,-2.82));
#4457 = DIRECTION('',(0.,0.,1.));
#4458 = DIRECTION('',(1.,0.,-0.));
#4459 = ORIENTED_EDGE('',*,*,#4445,.F.);
#4460 = CYLINDRICAL_SURFACE('',#4461,0.45);
#4461 = AXIS2_PLACEMENT_3D('',#4462,#4463,#4464);
#4462 = CARTESIAN_POINT('',(0.,0.,1.03));
#4463 = DIRECTION('',(0.,0.,1.));
#4464 = DIRECTION('',(1.,0.,-0.));
#4465 = ADVANCED_FACE('',(#4466),#4485,.T.);
#4466 = FACE_BOUND('',#4467,.T.);
#4467 = EDGE_LOOP('',(#4468,#4469,#4477,#4484));
#4468 = ORIENTED_EDGE('',*,*,#4407,.F.);
#4469 = ORIENTED_EDGE('',*,*,#4470,.T.);
#4470 = EDGE_CURVE('',#4408,#4471,#4473,.T.);
#4471 = VERTEX_POINT('',#4472);
#4472 = CARTESIAN_POINT('',(8.05,6.042804770876E-33,-2.82));
#4473 = LINE('',#4474,#4475);
#4474 = CARTESIAN_POINT('',(8.05,0.,1.03));
#4475 = VECTOR('',#4476,1.);
#4476 = DIRECTION('',(-0.,-0.,-1.));
#4477 = ORIENTED_EDGE('',*,*,#4478,.T.);
#4478 = EDGE_CURVE('',#4471,#4471,#4479,.T.);
#4479 = CIRCLE('',#4480,0.45);
#4480 = AXIS2_PLACEMENT_3D('',#4481,#4482,#4483);
#4481 = CARTESIAN_POINT('',(7.6,-1.29542663314E-31,-2.82));
#4482 = DIRECTION('',(-1.19708830782E-30,3.357113761597E-32,1.));
#4483 = DIRECTION('',(1.,3.013010401886E-31,1.19708830782E-30));
#4484 = ORIENTED_EDGE('',*,*,#4470,.F.);
#4485 = CYLINDRICAL_SURFACE('',#4486,0.45);
#4486 = AXIS2_PLACEMENT_3D('',#4487,#4488,#4489);
#4487 = CARTESIAN_POINT('',(7.6,0.,1.03));
#4488 = DIRECTION('',(0.,0.,1.));
#4489 = DIRECTION('',(1.,0.,-0.));
#4490 = ADVANCED_FACE('',(#4491),#4510,.F.);
#4491 = FACE_BOUND('',#4492,.F.);
#4492 = EDGE_LOOP('',(#4493,#4501,#4502,#4503));
#4493 = ORIENTED_EDGE('',*,*,#4494,.T.);
#4494 = EDGE_CURVE('',#4495,#4428,#4497,.T.);
#4495 = VERTEX_POINT('',#4496);
#4496 = CARTESIAN_POINT('',(4.8,0.,9.33));
#4497 = LINE('',#4498,#4499);
#4498 = CARTESIAN_POINT('',(4.8,0.,1.93));
#4499 = VECTOR('',#4500,1.);
#4500 = DIRECTION('',(0.,0.,1.));
#4501 = ORIENTED_EDGE('',*,*,#4427,.T.);
#4502 = ORIENTED_EDGE('',*,*,#4494,.F.);
#4503 = ORIENTED_EDGE('',*,*,#4504,.T.);
#4504 = EDGE_CURVE('',#4495,#4495,#4505,.T.);
#4505 = CIRCLE('',#4506,1.);
#4506 = AXIS2_PLACEMENT_3D('',#4507,#4508,#4509);
#4507 = CARTESIAN_POINT('',(3.8,0.,9.33));
#4508 = DIRECTION('',(0.,0.,1.));
#4509 = DIRECTION('',(1.,0.,-0.));
#4510 = CYLINDRICAL_SURFACE('',#4511,1.);
#4511 = AXIS2_PLACEMENT_3D('',#4512,#4513,#4514);
#4512 = CARTESIAN_POINT('',(3.8,0.,1.93));
#4513 = DIRECTION('',(-0.,-0.,-1.));
#4514 = DIRECTION('',(1.,0.,0.));
#4515 = ADVANCED_FACE('',(#4516),#4536,.T.);
#4516 = FACE_BOUND('',#4517,.T.);
#4517 = EDGE_LOOP('',(#4518,#4527,#4534,#4535));
#4518 = ORIENTED_EDGE('',*,*,#4519,.T.);
#4519 = EDGE_CURVE('',#4520,#4520,#4522,.T.);
#4520 = VERTEX_POINT('',#4521);
#4521 = CARTESIAN_POINT('',(0.27,0.,-3.));
#4522 = CIRCLE('',#4523,0.27);
#4523 = AXIS2_PLACEMENT_3D('',#4524,#4525,#4526);
#4524 = CARTESIAN_POINT('',(0.,0.,-3.));
#4525 = DIRECTION('',(0.,0.,1.));
#4526 = DIRECTION('',(1.,0.,-0.));
#4527 = ORIENTED_EDGE('',*,*,#4528,.F.);
#4528 = EDGE_CURVE('',#4446,#4520,#4529,.T.);
#4529 = CIRCLE('',#4530,0.18);
#4530 = AXIS2_PLACEMENT_3D('',#4531,#4532,#4533);
#4531 = CARTESIAN_POINT('',(0.27,0.,-2.82));
#4532 = DIRECTION('',(-0.,1.,0.));
#4533 = DIRECTION('',(1.,0.,0.));
#4534 = ORIENTED_EDGE('',*,*,#4453,.F.);
#4535 = ORIENTED_EDGE('',*,*,#4528,.T.);
#4536 = TOROIDAL_SURFACE('',#4537,0.27,0.18);
#4537 = AXIS2_PLACEMENT_3D('',#4538,#4539,#4540);
#4538 = CARTESIAN_POINT('',(0.,0.,-2.82));
#4539 = DIRECTION('',(-0.,-0.,-1.));
#4540 = DIRECTION('',(1.,0.,0.));
#4541 = ADVANCED_FACE('',(#4542),#4562,.T.);
#4542 = FACE_BOUND('',#4543,.T.);
#4543 = EDGE_LOOP('',(#4544,#4553,#4560,#4561));
#4544 = ORIENTED_EDGE('',*,*,#4545,.T.);
#4545 = EDGE_CURVE('',#4546,#4546,#4548,.T.);
#4546 = VERTEX_POINT('',#4547);
#4547 = CARTESIAN_POINT('',(7.87,-5.423418723394E-32,-3.));
#4548 = CIRCLE('',#4549,0.27);
#4549 = AXIS2_PLACEMENT_3D('',#4550,#4551,#4552);
#4550 = CARTESIAN_POINT('',(7.6,-1.355854680849E-31,-3.));
#4551 = DIRECTION('',(-1.19708830782E-30,3.357113761597E-32,1.));
#4552 = DIRECTION('',(1.,3.013010401886E-31,1.19708830782E-30));
#4553 = ORIENTED_EDGE('',*,*,#4554,.F.);
#4554 = EDGE_CURVE('',#4471,#4546,#4555,.T.);
#4555 = CIRCLE('',#4556,0.18);
#4556 = AXIS2_PLACEMENT_3D('',#4557,#4558,#4559);
#4557 = CARTESIAN_POINT('',(7.87,-5.181706532559E-32,-2.82));
#4558 = DIRECTION('',(-2.878725851422E-31,1.,-3.357113761597E-32));
#4559 = DIRECTION('',(1.,2.878725851422E-31,1.19708830782E-30));
#4560 = ORIENTED_EDGE('',*,*,#4478,.F.);
#4561 = ORIENTED_EDGE('',*,*,#4554,.T.);
#4562 = TOROIDAL_SURFACE('',#4563,0.27,0.18);
#4563 = AXIS2_PLACEMENT_3D('',#4564,#4565,#4566);
#4564 = CARTESIAN_POINT('',(7.6,-1.29542663314E-31,-2.82));
#4565 = DIRECTION('',(1.19708830782E-30,-3.357113761597E-32,-1.));
#4566 = DIRECTION('',(1.,3.013010401886E-31,1.19708830782E-30));
#4567 = ADVANCED_FACE('',(#4568),#4571,.T.);
#4568 = FACE_BOUND('',#4569,.T.);
#4569 = EDGE_LOOP('',(#4570));
#4570 = ORIENTED_EDGE('',*,*,#4504,.T.);
#4571 = PLANE('',#4572);
#4572 = AXIS2_PLACEMENT_3D('',#4573,#4574,#4575);
#4573 = CARTESIAN_POINT('',(3.8,8.737595245399E-17,9.33));
#4574 = DIRECTION('',(-4.930380657631E-31,-1.632186346944E-32,1.));
#4575 = DIRECTION('',(1.,0.,4.930380657631E-31));
#4576 = ADVANCED_FACE('',(#4577),#4580,.F.);
#4577 = FACE_BOUND('',#4578,.F.);
#4578 = EDGE_LOOP('',(#4579));
#4579 = ORIENTED_EDGE('',*,*,#4519,.T.);
#4580 = PLANE('',#4581);
#4581 = AXIS2_PLACEMENT_3D('',#4582,#4583,#4584);
#4582 = CARTESIAN_POINT('',(-1.18701400394E-17,2.911085817041E-17,-3.));
#4583 = DIRECTION('',(0.,0.,1.));
#4584 = DIRECTION('',(1.,0.,-0.));
#4585 = ADVANCED_FACE('',(#4586),#4589,.F.);
#4586 = FACE_BOUND('',#4587,.F.);
#4587 = EDGE_LOOP('',(#4588));
#4588 = ORIENTED_EDGE('',*,*,#4545,.T.);
#4589 = PLANE('',#4590);
#4590 = AXIS2_PLACEMENT_3D('',#4591,#4592,#4593);
#4591 = CARTESIAN_POINT('',(7.6,-1.836970198721E-17,-3.));
#4592 = DIRECTION('',(-1.19708830782E-30,3.357113761597E-32,1.));
#4593 = DIRECTION('',(1.,0.,1.19708830782E-30));
#4594 = ( GEOMETRIC_REPRESENTATION_CONTEXT(3) 
GLOBAL_UNCERTAINTY_ASSIGNED_CONTEXT((#4598)) 
GLOBAL_UNIT_ASSIGNED_CONTEXT((#4595,#4596,#4597)) REPRESENTATION_CONTEXT
('Context #1','3D Context with UNIT and UNCERTAINTY') );
#4595 = ( LENGTH_UNIT() NAMED_UNIT(*) SI_UNIT(.MILLI.,.METRE.) );
#4596 = ( NAMED_UNIT(*) PLANE_ANGLE_UNIT() SI_UNIT($,.RADIAN.) );
#4597 = ( NAMED_UNIT(*) SI_UNIT($,.STERADIAN.) SOLID_ANGLE_UNIT() );
#4598 = UNCERTAINTY_MEASURE_WITH_UNIT(LENGTH_MEASURE(1.E-07),#4595,
  'distance_accuracy_value','confusion accuracy');
#4599 = CONTEXT_DEPENDENT_SHAPE_REPRESENTATION(#4600,#4602);
#4600 = ( REPRESENTATION_RELATIONSHIP('','',#4301,#4278) 
REPRESENTATION_RELATIONSHIP_WITH_TRANSFORMATION(#4601) 
SHAPE_REPRESENTATION_RELATIONSHIP() );
#4601 = ITEM_DEFINED_TRANSFORMATION('','',#11,#4279);
#4602 = PRODUCT_DEFINITION_SHAPE('Placement','Placement of an item',
  #4603);
#4603 = NEXT_ASSEMBLY_USAGE_OCCURRENCE('5','=>[0:1:1:7]','',#4273,#4296,
  $);
#4604 = PRODUCT_RELATED_PRODUCT_CATEGORY('part',$,(#4298));
#4605 = SHAPE_DEFINITION_REPRESENTATION(#4606,#4612);
#4606 = PRODUCT_DEFINITION_SHAPE('','',#4607);
#4607 = PRODUCT_DEFINITION('design','',#4608,#4611);
#4608 = PRODUCT_DEFINITION_FORMATION('','',#4609);
#4609 = PRODUCT('PinHeader_1x08_P2.54mm_Vertical',
  'PinHeader_1x08_P2.54mm_Vertical','',(#4610));
#4610 = PRODUCT_CONTEXT('',#2,'mechanical');
#4611 = PRODUCT_DEFINITION_CONTEXT('part definition',#2,'design');
#4612 = SHAPE_REPRESENTATION('',(#11,#4613),#4617);
#4613 = AXIS2_PLACEMENT_3D('',#4614,#4615,#4616);
#4614 = CARTESIAN_POINT('',(0.,0.,0.));
#4615 = DIRECTION('',(0.,0.,1.));
#4616 = DIRECTION('',(1.,0.,-0.));
#4617 = ( GEOMETRIC_REPRESENTATION_CONTEXT(3) 
GLOBAL_UNCERTAINTY_ASSIGNED_CONTEXT((#4621)) 
GLOBAL_UNIT_ASSIGNED_CONTEXT((#4618,#4619,#4620)) REPRESENTATION_CONTEXT
('Context #1','3D Context with UNIT and UNCERTAINTY') );
#4618 = ( LENGTH_UNIT() NAMED_UNIT(*) SI_UNIT(.MILLI.,.METRE.) );
#4619 = ( NAMED_UNIT(*) PLANE_ANGLE_UNIT() SI_UNIT($,.RADIAN.) );
#4620 = ( NAMED_UNIT(*) SI_UNIT($,.STERADIAN.) SOLID_ANGLE_UNIT() );
#4621 = UNCERTAINTY_MEASURE_WITH_UNIT(LENGTH_MEASURE(1.E-07),#4618,
  'distance_accuracy_value','confusion accuracy');
#4622 = CONTEXT_DEPENDENT_SHAPE_REPRESENTATION(#4623,#4625);
#4623 = ( REPRESENTATION_RELATIONSHIP('','',#4612,#10) 
REPRESENTATION_RELATIONSHIP_WITH_TRANSFORMATION(#4624) 
SHAPE_REPRESENTATION_RELATIONSHIP() );
#4624 = ITEM_DEFINED_TRANSFORMATION('','',#11,#27);
#4625 = PRODUCT_DEFINITION_SHAPE('Placement','Placement of an item',
  #4626);
#4626 = NEXT_ASSEMBLY_USAGE_OCCURRENCE('8','J1','',#5,#4607,$);
#4627 = PRODUCT_RELATED_PRODUCT_CATEGORY('part',$,(#4609));
#4628 = SHAPE_DEFINITION_REPRESENTATION(#4629,#4635);
#4629 = PRODUCT_DEFINITION_SHAPE('','',#4630);
#4630 = PRODUCT_DEFINITION('design','',#4631,#4634);
#4631 = PRODUCT_DEFINITION_FORMATION('','',#4632);
#4632 = PRODUCT('PinHeader_1x08_P254mm_Vertical',
  'PinHeader_1x08_P254mm_Vertical','',(#4633));
#4633 = PRODUCT_CONTEXT('',#2,'mechanical');
#4634 = PRODUCT_DEFINITION_CONTEXT('part definition',#2,'design');
#4635 = ADVANCED_BREP_SHAPE_REPRESENTATION('',(#11,#4636),#10112);
#4636 = MANIFOLD_SOLID_BREP('',#4637);
#4637 = CLOSED_SHELL('',(#4638,#4678,#4709,#4740,#5397,#6054,#6071,#6088
    ,#6105,#6122,#6139,#6156,#6173,#6190,#6207,#6224,#6241,#6258,#6275,
    #6292,#6309,#6326,#6343,#6360,#6377,#6394,#6411,#6428,#6445,#6462,
    #6479,#6496,#6513,#6530,#6547,#6564,#6581,#6598,#6615,#6632,#6649,
    #6666,#6683,#6700,#6717,#6734,#6751,#6768,#6785,#6802,#6819,#6836,
    #6848,#6879,#6903,#6927,#6944,#6975,#6999,#7023,#7040,#7071,#7095,
    #7119,#7136,#7167,#7191,#7215,#7232,#7263,#7287,#7311,#7328,#7359,
    #7383,#7407,#7424,#7455,#7479,#7503,#7520,#7551,#7575,#7599,#7616,
    #7647,#7671,#7695,#7712,#7743,#7767,#7791,#7808,#7839,#7863,#7887,
    #7904,#7935,#7959,#7983,#8000,#8031,#8055,#8079,#8096,#8127,#8151,
    #8175,#8192,#8223,#8247,#8271,#8288,#8319,#8343,#8367,#8384,#8415,
    #8439,#8463,#8480,#8511,#8535,#8559,#8576,#8607,#8631,#8655,#8672,
    #8703,#8727,#8751,#8768,#8799,#8823,#8847,#8864,#8895,#8919,#8943,
    #8960,#8991,#9015,#9039,#9056,#9087,#9111,#9135,#9152,#9183,#9207,
    #9231,#9248,#9279,#9303,#9327,#9344,#9375,#9399,#9423,#9440,#9471,
    #9495,#9519,#9536,#9567,#9591,#9615,#9632,#9663,#9687,#9711,#9728,
    #9759,#9783,#9807,#9824,#9855,#9879,#9903,#9920,#9932,#9944,#9956,
    #9968,#9980,#9992,#10004,#10016,#10028,#10040,#10052,#10064,#10076,
    #10088,#10100));
#4638 = ADVANCED_FACE('',(#4639),#4673,.F.);
#4639 = FACE_BOUND('',#4640,.F.);
#4640 = EDGE_LOOP('',(#4641,#4651,#4659,#4667));
#4641 = ORIENTED_EDGE('',*,*,#4642,.T.);
#4642 = EDGE_CURVE('',#4643,#4645,#4647,.T.);
#4643 = VERTEX_POINT('',#4644);
#4644 = CARTESIAN_POINT('',(-1.016,1.27,0.));
#4645 = VERTEX_POINT('',#4646);
#4646 = CARTESIAN_POINT('',(-1.016,1.27,2.54));
#4647 = LINE('',#4648,#4649);
#4648 = CARTESIAN_POINT('',(-1.016,1.27,0.));
#4649 = VECTOR('',#4650,1.);
#4650 = DIRECTION('',(0.,0.,1.));
#4651 = ORIENTED_EDGE('',*,*,#4652,.T.);
#4652 = EDGE_CURVE('',#4645,#4653,#4655,.T.);
#4653 = VERTEX_POINT('',#4654);
#4654 = CARTESIAN_POINT('',(-1.27,1.016,2.54));
#4655 = LINE('',#4656,#4657);
#4656 = CARTESIAN_POINT('',(-1.016,1.27,2.54));
#4657 = VECTOR('',#4658,1.);
#4658 = DIRECTION('',(-0.707106781187,-0.707106781187,0.));
#4659 = ORIENTED_EDGE('',*,*,#4660,.F.);
#4660 = EDGE_CURVE('',#4661,#4653,#4663,.T.);
#4661 = VERTEX_POINT('',#4662);
#4662 = CARTESIAN_POINT('',(-1.27,1.016,0.));
#4663 = LINE('',#4664,#4665);
#4664 = CARTESIAN_POINT('',(-1.27,1.016,0.));
#4665 = VECTOR('',#4666,1.);
#4666 = DIRECTION('',(0.,0.,1.));
#4667 = ORIENTED_EDGE('',*,*,#4668,.F.);
#4668 = EDGE_CURVE('',#4643,#4661,#4669,.T.);
#4669 = LINE('',#4670,#4671);
#4670 = CARTESIAN_POINT('',(-1.016,1.27,0.));
#4671 = VECTOR('',#4672,1.);
#4672 = DIRECTION('',(-0.707106781187,-0.707106781187,0.));
#4673 = PLANE('',#4674);
#4674 = AXIS2_PLACEMENT_3D('',#4675,#4676,#4677);
#4675 = CARTESIAN_POINT('',(-1.016,1.27,0.));
#4676 = DIRECTION('',(0.707106781187,-0.707106781187,0.));
#4677 = DIRECTION('',(-0.707106781187,-0.707106781187,0.));
#4678 = ADVANCED_FACE('',(#4679),#4704,.F.);
#4679 = FACE_BOUND('',#4680,.F.);
#4680 = EDGE_LOOP('',(#4681,#4691,#4697,#4698));
#4681 = ORIENTED_EDGE('',*,*,#4682,.T.);
#4682 = EDGE_CURVE('',#4683,#4685,#4687,.T.);
#4683 = VERTEX_POINT('',#4684);
#4684 = CARTESIAN_POINT('',(1.016,1.27,0.));
#4685 = VERTEX_POINT('',#4686);
#4686 = CARTESIAN_POINT('',(1.016,1.27,2.54));
#4687 = LINE('',#4688,#4689);
#4688 = CARTESIAN_POINT('',(1.016,1.27,0.));
#4689 = VECTOR('',#4690,1.);
#4690 = DIRECTION('',(0.,0.,1.));
#4691 = ORIENTED_EDGE('',*,*,#4692,.T.);
#4692 = EDGE_CURVE('',#4685,#4645,#4693,.T.);
#4693 = LINE('',#4694,#4695);
#4694 = CARTESIAN_POINT('',(1.016,1.27,2.54));
#4695 = VECTOR('',#4696,1.);
#4696 = DIRECTION('',(-1.,0.,0.));
#4697 = ORIENTED_EDGE('',*,*,#4642,.F.);
#4698 = ORIENTED_EDGE('',*,*,#4699,.F.);
#4699 = EDGE_CURVE('',#4683,#4643,#4700,.T.);
#4700 = LINE('',#4701,#4702);
#4701 = CARTESIAN_POINT('',(1.016,1.27,0.));
#4702 = VECTOR('',#4703,1.);
#4703 = DIRECTION('',(-1.,0.,0.));
#4704 = PLANE('',#4705);
#4705 = AXIS2_PLACEMENT_3D('',#4706,#4707,#4708);
#4706 = CARTESIAN_POINT('',(1.016,1.27,0.));
#4707 = DIRECTION('',(0.,-1.,0.));
#4708 = DIRECTION('',(-1.,0.,0.));
#4709 = ADVANCED_FACE('',(#4710),#4735,.F.);
#4710 = FACE_BOUND('',#4711,.F.);
#4711 = EDGE_LOOP('',(#4712,#4713,#4721,#4729));
#4712 = ORIENTED_EDGE('',*,*,#4660,.T.);
#4713 = ORIENTED_EDGE('',*,*,#4714,.T.);
#4714 = EDGE_CURVE('',#4653,#4715,#4717,.T.);
#4715 = VERTEX_POINT('',#4716);
#4716 = CARTESIAN_POINT('',(-1.27,-1.016,2.54));
#4717 = LINE('',#4718,#4719);
#4718 = CARTESIAN_POINT('',(-1.27,1.016,2.54));
#4719 = VECTOR('',#4720,1.);
#4720 = DIRECTION('',(0.,-1.,0.));
#4721 = ORIENTED_EDGE('',*,*,#4722,.F.);
#4722 = EDGE_CURVE('',#4723,#4715,#4725,.T.);
#4723 = VERTEX_POINT('',#4724);
#4724 = CARTESIAN_POINT('',(-1.27,-1.016,0.));
#4725 = LINE('',#4726,#4727);
#4726 = CARTESIAN_POINT('',(-1.27,-1.016,0.));
#4727 = VECTOR('',#4728,1.);
#4728 = DIRECTION('',(0.,0.,1.));
#4729 = ORIENTED_EDGE('',*,*,#4730,.F.);
#4730 = EDGE_CURVE('',#4661,#4723,#4731,.T.);
#4731 = LINE('',#4732,#4733);
#4732 = CARTESIAN_POINT('',(-1.27,1.016,0.));
#4733 = VECTOR('',#4734,1.);
#4734 = DIRECTION('',(0.,-1.,0.));
#4735 = PLANE('',#4736);
#4736 = AXIS2_PLACEMENT_3D('',#4737,#4738,#4739);
#4737 = CARTESIAN_POINT('',(-1.27,1.016,0.));
#4738 = DIRECTION('',(1.,0.,0.));
#4739 = DIRECTION('',(0.,-1.,0.));
#4740 = ADVANCED_FACE('',(#4741,#5120,#5154,#5188,#5222,#5256,#5290,
    #5324,#5358),#5392,.F.);
#4741 = FACE_BOUND('',#4742,.F.);
#4742 = EDGE_LOOP('',(#4743,#4744,#4745,#4753,#4761,#4769,#4777,#4785,
    #4793,#4801,#4809,#4817,#4825,#4833,#4841,#4849,#4857,#4865,#4873,
    #4881,#4889,#4897,#4905,#4913,#4921,#4929,#4937,#4945,#4953,#4961,
    #4969,#4977,#4985,#4993,#5001,#5009,#5017,#5025,#5033,#5041,#5049,
    #5057,#5065,#5073,#5081,#5089,#5097,#5105,#5113,#5119));
#4743 = ORIENTED_EDGE('',*,*,#4668,.T.);
#4744 = ORIENTED_EDGE('',*,*,#4730,.T.);
#4745 = ORIENTED_EDGE('',*,*,#4746,.T.);
#4746 = EDGE_CURVE('',#4723,#4747,#4749,.T.);
#4747 = VERTEX_POINT('',#4748);
#4748 = CARTESIAN_POINT('',(-1.016,-1.27,0.));
#4749 = LINE('',#4750,#4751);
#4750 = CARTESIAN_POINT('',(-1.27,-1.016,0.));
#4751 = VECTOR('',#4752,1.);
#4752 = DIRECTION('',(0.707106781187,-0.707106781187,0.));
#4753 = ORIENTED_EDGE('',*,*,#4754,.T.);
#4754 = EDGE_CURVE('',#4747,#4755,#4757,.T.);
#4755 = VERTEX_POINT('',#4756);
#4756 = CARTESIAN_POINT('',(-1.27,-1.524,0.));
#4757 = LINE('',#4758,#4759);
#4758 = CARTESIAN_POINT('',(-1.016,-1.27,0.));
#4759 = VECTOR('',#4760,1.);
#4760 = DIRECTION('',(-0.707106781187,-0.707106781187,0.));
#4761 = ORIENTED_EDGE('',*,*,#4762,.T.);
#4762 = EDGE_CURVE('',#4755,#4763,#4765,.T.);
#4763 = VERTEX_POINT('',#4764);
#4764 = CARTESIAN_POINT('',(-1.27,-3.556,0.));
#4765 = LINE('',#4766,#4767);
#4766 = CARTESIAN_POINT('',(-1.27,-1.524,0.));
#4767 = VECTOR('',#4768,1.);
#4768 = DIRECTION('',(0.,-1.,0.));
#4769 = ORIENTED_EDGE('',*,*,#4770,.T.);
#4770 = EDGE_CURVE('',#4763,#4771,#4773,.T.);
#4771 = VERTEX_POINT('',#4772);
#4772 = CARTESIAN_POINT('',(-1.016,-3.81,0.));
#4773 = LINE('',#4774,#4775);
#4774 = CARTESIAN_POINT('',(-1.27,-3.556,0.));
#4775 = VECTOR('',#4776,1.);
#4776 = DIRECTION('',(0.707106781187,-0.707106781187,0.));
#4777 = ORIENTED_EDGE('',*,*,#4778,.T.);
#4778 = EDGE_CURVE('',#4771,#4779,#4781,.T.);
#4779 = VERTEX_POINT('',#4780);
#4780 = CARTESIAN_POINT('',(-1.27,-4.064,0.));
#4781 = LINE('',#4782,#4783);
#4782 = CARTESIAN_POINT('',(-1.016,-3.81,0.));
#4783 = VECTOR('',#4784,1.);
#4784 = DIRECTION('',(-0.707106781187,-0.707106781187,0.));
#4785 = ORIENTED_EDGE('',*,*,#4786,.T.);
#4786 = EDGE_CURVE('',#4779,#4787,#4789,.T.);
#4787 = VERTEX_POINT('',#4788);
#4788 = CARTESIAN_POINT('',(-1.27,-6.096,0.));
#4789 = LINE('',#4790,#4791);
#4790 = CARTESIAN_POINT('',(-1.27,-4.064,0.));
#4791 = VECTOR('',#4792,1.);
#4792 = DIRECTION('',(0.,-1.,0.));
#4793 = ORIENTED_EDGE('',*,*,#4794,.T.);
#4794 = EDGE_CURVE('',#4787,#4795,#4797,.T.);
#4795 = VERTEX_POINT('',#4796);
#4796 = CARTESIAN_POINT('',(-1.016,-6.35,0.));
#4797 = LINE('',#4798,#4799);
#4798 = CARTESIAN_POINT('',(-1.27,-6.096,0.));
#4799 = VECTOR('',#4800,1.);
#4800 = DIRECTION('',(0.707106781187,-0.707106781187,0.));
#4801 = ORIENTED_EDGE('',*,*,#4802,.T.);
#4802 = EDGE_CURVE('',#4795,#4803,#4805,.T.);
#4803 = VERTEX_POINT('',#4804);
#4804 = CARTESIAN_POINT('',(-1.27,-6.604,0.));
#4805 = LINE('',#4806,#4807);
#4806 = CARTESIAN_POINT('',(-1.016,-6.35,0.));
#4807 = VECTOR('',#4808,1.);
#4808 = DIRECTION('',(-0.707106781187,-0.707106781187,0.));
#4809 = ORIENTED_EDGE('',*,*,#4810,.T.);
#4810 = EDGE_CURVE('',#4803,#4811,#4813,.T.);
#4811 = VERTEX_POINT('',#4812);
#4812 = CARTESIAN_POINT('',(-1.27,-8.636,0.));
#4813 = LINE('',#4814,#4815);
#4814 = CARTESIAN_POINT('',(-1.27,-6.604,0.));
#4815 = VECTOR('',#4816,1.);
#4816 = DIRECTION('',(0.,-1.,0.));
#4817 = ORIENTED_EDGE('',*,*,#4818,.T.);
#4818 = EDGE_CURVE('',#4811,#4819,#4821,.T.);
#4819 = VERTEX_POINT('',#4820);
#4820 = CARTESIAN_POINT('',(-1.016,-8.89,0.));
#4821 = LINE('',#4822,#4823);
#4822 = CARTESIAN_POINT('',(-1.27,-8.636,0.));
#4823 = VECTOR('',#4824,1.);
#4824 = DIRECTION('',(0.707106781187,-0.707106781187,0.));
#4825 = ORIENTED_EDGE('',*,*,#4826,.T.);
#4826 = EDGE_CURVE('',#4819,#4827,#4829,.T.);
#4827 = VERTEX_POINT('',#4828);
#4828 = CARTESIAN_POINT('',(-1.27,-9.144,0.));
#4829 = LINE('',#4830,#4831);
#4830 = CARTESIAN_POINT('',(-1.016,-8.89,0.));
#4831 = VECTOR('',#4832,1.);
#4832 = DIRECTION('',(-0.707106781187,-0.707106781187,0.));
#4833 = ORIENTED_EDGE('',*,*,#4834,.T.);
#4834 = EDGE_CURVE('',#4827,#4835,#4837,.T.);
#4835 = VERTEX_POINT('',#4836);
#4836 = CARTESIAN_POINT('',(-1.27,-11.176,0.));
#4837 = LINE('',#4838,#4839);
#4838 = CARTESIAN_POINT('',(-1.27,-9.144,0.));
#4839 = VECTOR('',#4840,1.);
#4840 = DIRECTION('',(0.,-1.,0.));
#4841 = ORIENTED_EDGE('',*,*,#4842,.T.);
#4842 = EDGE_CURVE('',#4835,#4843,#4845,.T.);
#4843 = VERTEX_POINT('',#4844);
#4844 = CARTESIAN_POINT('',(-1.016,-11.43,0.));
#4845 = LINE('',#4846,#4847);
#4846 = CARTESIAN_POINT('',(-1.27,-11.176,0.));
#4847 = VECTOR('',#4848,1.);
#4848 = DIRECTION('',(0.707106781187,-0.707106781187,0.));
#4849 = ORIENTED_EDGE('',*,*,#4850,.T.);
#4850 = EDGE_CURVE('',#4843,#4851,#4853,.T.);
#4851 = VERTEX_POINT('',#4852);
#4852 = CARTESIAN_POINT('',(-1.27,-11.684,0.));
#4853 = LINE('',#4854,#4855);
#4854 = CARTESIAN_POINT('',(-1.016,-11.43,0.));
#4855 = VECTOR('',#4856,1.);
#4856 = DIRECTION('',(-0.707106781187,-0.707106781187,0.));
#4857 = ORIENTED_EDGE('',*,*,#4858,.T.);
#4858 = EDGE_CURVE('',#4851,#4859,#4861,.T.);
#4859 = VERTEX_POINT('',#4860);
#4860 = CARTESIAN_POINT('',(-1.27,-13.716,0.));
#4861 = LINE('',#4862,#4863);
#4862 = CARTESIAN_POINT('',(-1.27,-11.684,0.));
#4863 = VECTOR('',#4864,1.);
#4864 = DIRECTION('',(0.,-1.,0.));
#4865 = ORIENTED_EDGE('',*,*,#4866,.T.);
#4866 = EDGE_CURVE('',#4859,#4867,#4869,.T.);
#4867 = VERTEX_POINT('',#4868);
#4868 = CARTESIAN_POINT('',(-1.016,-13.97,0.));
#4869 = LINE('',#4870,#4871);
#4870 = CARTESIAN_POINT('',(-1.27,-13.716,0.));
#4871 = VECTOR('',#4872,1.);
#4872 = DIRECTION('',(0.707106781187,-0.707106781187,0.));
#4873 = ORIENTED_EDGE('',*,*,#4874,.T.);
#4874 = EDGE_CURVE('',#4867,#4875,#4877,.T.);
#4875 = VERTEX_POINT('',#4876);
#4876 = CARTESIAN_POINT('',(-1.27,-14.224,0.));
#4877 = LINE('',#4878,#4879);
#4878 = CARTESIAN_POINT('',(-1.016,-13.97,0.));
#4879 = VECTOR('',#4880,1.);
#4880 = DIRECTION('',(-0.707106781187,-0.707106781187,0.));
#4881 = ORIENTED_EDGE('',*,*,#4882,.T.);
#4882 = EDGE_CURVE('',#4875,#4883,#4885,.T.);
#4883 = VERTEX_POINT('',#4884);
#4884 = CARTESIAN_POINT('',(-1.27,-16.256,0.));
#4885 = LINE('',#4886,#4887);
#4886 = CARTESIAN_POINT('',(-1.27,-14.224,0.));
#4887 = VECTOR('',#4888,1.);
#4888 = DIRECTION('',(0.,-1.,0.));
#4889 = ORIENTED_EDGE('',*,*,#4890,.T.);
#4890 = EDGE_CURVE('',#4883,#4891,#4893,.T.);
#4891 = VERTEX_POINT('',#4892);
#4892 = CARTESIAN_POINT('',(-1.016,-16.51,0.));
#4893 = LINE('',#4894,#4895);
#4894 = CARTESIAN_POINT('',(-1.27,-16.256,0.));
#4895 = VECTOR('',#4896,1.);
#4896 = DIRECTION('',(0.707106781187,-0.707106781187,0.));
#4897 = ORIENTED_EDGE('',*,*,#4898,.T.);
#4898 = EDGE_CURVE('',#4891,#4899,#4901,.T.);
#4899 = VERTEX_POINT('',#4900);
#4900 = CARTESIAN_POINT('',(-1.27,-16.764,0.));
#4901 = LINE('',#4902,#4903);
#4902 = CARTESIAN_POINT('',(-1.016,-16.51,0.));
#4903 = VECTOR('',#4904,1.);
#4904 = DIRECTION('',(-0.707106781187,-0.707106781187,0.));
#4905 = ORIENTED_EDGE('',*,*,#4906,.T.);
#4906 = EDGE_CURVE('',#4899,#4907,#4909,.T.);
#4907 = VERTEX_POINT('',#4908);
#4908 = CARTESIAN_POINT('',(-1.27,-18.796,0.));
#4909 = LINE('',#4910,#4911);
#4910 = CARTESIAN_POINT('',(-1.27,-16.764,0.));
#4911 = VECTOR('',#4912,1.);
#4912 = DIRECTION('',(0.,-1.,0.));
#4913 = ORIENTED_EDGE('',*,*,#4914,.T.);
#4914 = EDGE_CURVE('',#4907,#4915,#4917,.T.);
#4915 = VERTEX_POINT('',#4916);
#4916 = CARTESIAN_POINT('',(-1.016,-19.05,0.));
#4917 = LINE('',#4918,#4919);
#4918 = CARTESIAN_POINT('',(-1.27,-18.796,0.));
#4919 = VECTOR('',#4920,1.);
#4920 = DIRECTION('',(0.707106781187,-0.707106781187,0.));
#4921 = ORIENTED_EDGE('',*,*,#4922,.T.);
#4922 = EDGE_CURVE('',#4915,#4923,#4925,.T.);
#4923 = VERTEX_POINT('',#4924);
#4924 = CARTESIAN_POINT('',(1.016,-19.05,0.));
#4925 = LINE('',#4926,#4927);
#4926 = CARTESIAN_POINT('',(-1.016,-19.05,0.));
#4927 = VECTOR('',#4928,1.);
#4928 = DIRECTION('',(1.,0.,0.));
#4929 = ORIENTED_EDGE('',*,*,#4930,.T.);
#4930 = EDGE_CURVE('',#4923,#4931,#4933,.T.);
#4931 = VERTEX_POINT('',#4932);
#4932 = CARTESIAN_POINT('',(1.27,-18.796,0.));
#4933 = LINE('',#4934,#4935);
#4934 = CARTESIAN_POINT('',(1.016,-19.05,0.));
#4935 = VECTOR('',#4936,1.);
#4936 = DIRECTION('',(0.707106781187,0.707106781187,0.));
#4937 = ORIENTED_EDGE('',*,*,#4938,.T.);
#4938 = EDGE_CURVE('',#4931,#4939,#4941,.T.);
#4939 = VERTEX_POINT('',#4940);
#4940 = CARTESIAN_POINT('',(1.27,-16.764,0.));
#4941 = LINE('',#4942,#4943);
#4942 = CARTESIAN_POINT('',(1.27,-18.796,0.));
#4943 = VECTOR('',#4944,1.);
#4944 = DIRECTION('',(0.,1.,0.));
#4945 = ORIENTED_EDGE('',*,*,#4946,.T.);
#4946 = EDGE_CURVE('',#4939,#4947,#4949,.T.);
#4947 = VERTEX_POINT('',#4948);
#4948 = CARTESIAN_POINT('',(1.016,-16.51,0.));
#4949 = LINE('',#4950,#4951);
#4950 = CARTESIAN_POINT('',(1.27,-16.764,0.));
#4951 = VECTOR('',#4952,1.);
#4952 = DIRECTION('',(-0.707106781187,0.707106781187,0.));
#4953 = ORIENTED_EDGE('',*,*,#4954,.T.);
#4954 = EDGE_CURVE('',#4947,#4955,#4957,.T.);
#4955 = VERTEX_POINT('',#4956);
#4956 = CARTESIAN_POINT('',(1.27,-16.256,0.));
#4957 = LINE('',#4958,#4959);
#4958 = CARTESIAN_POINT('',(1.016,-16.51,0.));
#4959 = VECTOR('',#4960,1.);
#4960 = DIRECTION('',(0.707106781187,0.707106781187,0.));
#4961 = ORIENTED_EDGE('',*,*,#4962,.T.);
#4962 = EDGE_CURVE('',#4955,#4963,#4965,.T.);
#4963 = VERTEX_POINT('',#4964);
#4964 = CARTESIAN_POINT('',(1.27,-14.224,0.));
#4965 = LINE('',#4966,#4967);
#4966 = CARTESIAN_POINT('',(1.27,-16.256,0.));
#4967 = VECTOR('',#4968,1.);
#4968 = DIRECTION('',(0.,1.,0.));
#4969 = ORIENTED_EDGE('',*,*,#4970,.T.);
#4970 = EDGE_CURVE('',#4963,#4971,#4973,.T.);
#4971 = VERTEX_POINT('',#4972);
#4972 = CARTESIAN_POINT('',(1.016,-13.97,0.));
#4973 = LINE('',#4974,#4975);
#4974 = CARTESIAN_POINT('',(1.27,-14.224,0.));
#4975 = VECTOR('',#4976,1.);
#4976 = DIRECTION('',(-0.707106781187,0.707106781187,0.));
#4977 = ORIENTED_EDGE('',*,*,#4978,.T.);
#4978 = EDGE_CURVE('',#4971,#4979,#4981,.T.);
#4979 = VERTEX_POINT('',#4980);
#4980 = CARTESIAN_POINT('',(1.27,-13.716,0.));
#4981 = LINE('',#4982,#4983);
#4982 = CARTESIAN_POINT('',(1.016,-13.97,0.));
#4983 = VECTOR('',#4984,1.);
#4984 = DIRECTION('',(0.707106781187,0.707106781187,0.));
#4985 = ORIENTED_EDGE('',*,*,#4986,.T.);
#4986 = EDGE_CURVE('',#4979,#4987,#4989,.T.);
#4987 = VERTEX_POINT('',#4988);
#4988 = CARTESIAN_POINT('',(1.27,-11.684,0.));
#4989 = LINE('',#4990,#4991);
#4990 = CARTESIAN_POINT('',(1.27,-13.716,0.));
#4991 = VECTOR('',#4992,1.);
#4992 = DIRECTION('',(0.,1.,0.));
#4993 = ORIENTED_EDGE('',*,*,#4994,.T.);
#4994 = EDGE_CURVE('',#4987,#4995,#4997,.T.);
#4995 = VERTEX_POINT('',#4996);
#4996 = CARTESIAN_POINT('',(1.016,-11.43,0.));
#4997 = LINE('',#4998,#4999);
#4998 = CARTESIAN_POINT('',(1.27,-11.684,0.));
#4999 = VECTOR('',#5000,1.);
#5000 = DIRECTION('',(-0.707106781187,0.707106781187,0.));
#5001 = ORIENTED_EDGE('',*,*,#5002,.T.);
#5002 = EDGE_CURVE('',#4995,#5003,#5005,.T.);
#5003 = VERTEX_POINT('',#5004);
#5004 = CARTESIAN_POINT('',(1.27,-11.176,0.));
#5005 = LINE('',#5006,#5007);
#5006 = CARTESIAN_POINT('',(1.016,-11.43,0.));
#5007 = VECTOR('',#5008,1.);
#5008 = DIRECTION('',(0.707106781187,0.707106781187,0.));
#5009 = ORIENTED_EDGE('',*,*,#5010,.T.);
#5010 = EDGE_CURVE('',#5003,#5011,#5013,.T.);
#5011 = VERTEX_POINT('',#5012);
#5012 = CARTESIAN_POINT('',(1.27,-9.144,0.));
#5013 = LINE('',#5014,#5015);
#5014 = CARTESIAN_POINT('',(1.27,-11.176,0.));
#5015 = VECTOR('',#5016,1.);
#5016 = DIRECTION('',(0.,1.,0.));
#5017 = ORIENTED_EDGE('',*,*,#5018,.T.);
#5018 = EDGE_CURVE('',#5011,#5019,#5021,.T.);
#5019 = VERTEX_POINT('',#5020);
#5020 = CARTESIAN_POINT('',(1.016,-8.89,0.));
#5021 = LINE('',#5022,#5023);
#5022 = CARTESIAN_POINT('',(1.27,-9.144,0.));
#5023 = VECTOR('',#5024,1.);
#5024 = DIRECTION('',(-0.707106781187,0.707106781187,0.));
#5025 = ORIENTED_EDGE('',*,*,#5026,.T.);
#5026 = EDGE_CURVE('',#5019,#5027,#5029,.T.);
#5027 = VERTEX_POINT('',#5028);
#5028 = CARTESIAN_POINT('',(1.27,-8.636,0.));
#5029 = LINE('',#5030,#5031);
#5030 = CARTESIAN_POINT('',(1.016,-8.89,0.));
#5031 = VECTOR('',#5032,1.);
#5032 = DIRECTION('',(0.707106781187,0.707106781187,0.));
#5033 = ORIENTED_EDGE('',*,*,#5034,.T.);
#5034 = EDGE_CURVE('',#5027,#5035,#5037,.T.);
#5035 = VERTEX_POINT('',#5036);
#5036 = CARTESIAN_POINT('',(1.27,-6.604,0.));
#5037 = LINE('',#5038,#5039);
#5038 = CARTESIAN_POINT('',(1.27,-8.636,0.));
#5039 = VECTOR('',#5040,1.);
#5040 = DIRECTION('',(0.,1.,0.));
#5041 = ORIENTED_EDGE('',*,*,#5042,.T.);
#5042 = EDGE_CURVE('',#5035,#5043,#5045,.T.);
#5043 = VERTEX_POINT('',#5044);
#5044 = CARTESIAN_POINT('',(1.016,-6.35,0.));
#5045 = LINE('',#5046,#5047);
#5046 = CARTESIAN_POINT('',(1.27,-6.604,0.));
#5047 = VECTOR('',#5048,1.);
#5048 = DIRECTION('',(-0.707106781187,0.707106781187,0.));
#5049 = ORIENTED_EDGE('',*,*,#5050,.T.);
#5050 = EDGE_CURVE('',#5043,#5051,#5053,.T.);
#5051 = VERTEX_POINT('',#5052);
#5052 = CARTESIAN_POINT('',(1.27,-6.096,0.));
#5053 = LINE('',#5054,#5055);
#5054 = CARTESIAN_POINT('',(1.016,-6.35,0.));
#5055 = VECTOR('',#5056,1.);
#5056 = DIRECTION('',(0.707106781187,0.707106781187,0.));
#5057 = ORIENTED_EDGE('',*,*,#5058,.T.);
#5058 = EDGE_CURVE('',#5051,#5059,#5061,.T.);
#5059 = VERTEX_POINT('',#5060);
#5060 = CARTESIAN_POINT('',(1.27,-4.064,0.));
#5061 = LINE('',#5062,#5063);
#5062 = CARTESIAN_POINT('',(1.27,-6.096,0.));
#5063 = VECTOR('',#5064,1.);
#5064 = DIRECTION('',(0.,1.,0.));
#5065 = ORIENTED_EDGE('',*,*,#5066,.T.);
#5066 = EDGE_CURVE('',#5059,#5067,#5069,.T.);
#5067 = VERTEX_POINT('',#5068);
#5068 = CARTESIAN_POINT('',(1.016,-3.81,0.));
#5069 = LINE('',#5070,#5071);
#5070 = CARTESIAN_POINT('',(1.27,-4.064,0.));
#5071 = VECTOR('',#5072,1.);
#5072 = DIRECTION('',(-0.707106781187,0.707106781187,0.));
#5073 = ORIENTED_EDGE('',*,*,#5074,.T.);
#5074 = EDGE_CURVE('',#5067,#5075,#5077,.T.);
#5075 = VERTEX_POINT('',#5076);
#5076 = CARTESIAN_POINT('',(1.27,-3.556,0.));
#5077 = LINE('',#5078,#5079);
#5078 = CARTESIAN_POINT('',(1.016,-3.81,0.));
#5079 = VECTOR('',#5080,1.);
#5080 = DIRECTION('',(0.707106781187,0.707106781187,0.));
#5081 = ORIENTED_EDGE('',*,*,#5082,.T.);
#5082 = EDGE_CURVE('',#5075,#5083,#5085,.T.);
#5083 = VERTEX_POINT('',#5084);
#5084 = CARTESIAN_POINT('',(1.27,-1.524,0.));
#5085 = LINE('',#5086,#5087);
#5086 = CARTESIAN_POINT('',(1.27,-3.556,0.));
#5087 = VECTOR('',#5088,1.);
#5088 = DIRECTION('',(0.,1.,0.));
#5089 = ORIENTED_EDGE('',*,*,#5090,.T.);
#5090 = EDGE_CURVE('',#5083,#5091,#5093,.T.);
#5091 = VERTEX_POINT('',#5092);
#5092 = CARTESIAN_POINT('',(1.016,-1.27,0.));
#5093 = LINE('',#5094,#5095);
#5094 = CARTESIAN_POINT('',(1.27,-1.524,0.));
#5095 = VECTOR('',#5096,1.);
#5096 = DIRECTION('',(-0.707106781187,0.707106781187,0.));
#5097 = ORIENTED_EDGE('',*,*,#5098,.T.);
#5098 = EDGE_CURVE('',#5091,#5099,#5101,.T.);
#5099 = VERTEX_POINT('',#5100);
#5100 = CARTESIAN_POINT('',(1.27,-1.016,0.));
#5101 = LINE('',#5102,#5103);
#5102 = CARTESIAN_POINT('',(1.016,-1.27,0.));
#5103 = VECTOR('',#5104,1.);
#5104 = DIRECTION('',(0.707106781187,0.707106781187,0.));
#5105 = ORIENTED_EDGE('',*,*,#5106,.T.);
#5106 = EDGE_CURVE('',#5099,#5107,#5109,.T.);
#5107 = VERTEX_POINT('',#5108);
#5108 = CARTESIAN_POINT('',(1.27,1.016,0.));
#5109 = LINE('',#5110,#5111);
#5110 = CARTESIAN_POINT('',(1.27,-1.016,0.));
#5111 = VECTOR('',#5112,1.);
#5112 = DIRECTION('',(0.,1.,0.));
#5113 = ORIENTED_EDGE('',*,*,#5114,.T.);
#5114 = EDGE_CURVE('',#5107,#4683,#5115,.T.);
#5115 = LINE('',#5116,#5117);
#5116 = CARTESIAN_POINT('',(1.27,1.016,0.));
#5117 = VECTOR('',#5118,1.);
#5118 = DIRECTION('',(-0.707106781187,0.707106781187,0.));
#5119 = ORIENTED_EDGE('',*,*,#4699,.T.);
#5120 = FACE_BOUND('',#5121,.F.);
#5121 = EDGE_LOOP('',(#5122,#5132,#5140,#5148));
#5122 = ORIENTED_EDGE('',*,*,#5123,.T.);
#5123 = EDGE_CURVE('',#5124,#5126,#5128,.T.);
#5124 = VERTEX_POINT('',#5125);
#5125 = CARTESIAN_POINT('',(0.32,-18.1,0.));
#5126 = VERTEX_POINT('',#5127);
#5127 = CARTESIAN_POINT('',(-0.32,-18.1,0.));
#5128 = LINE('',#5129,#5130);
#5129 = CARTESIAN_POINT('',(-0.16,-18.1,0.));
#5130 = VECTOR('',#5131,1.);
#5131 = DIRECTION('',(-1.,0.,0.));
#5132 = ORIENTED_EDGE('',*,*,#5133,.T.);
#5133 = EDGE_CURVE('',#5126,#5134,#5136,.T.);
#5134 = VERTEX_POINT('',#5135);
#5135 = CARTESIAN_POINT('',(-0.32,-17.46,0.));
#5136 = LINE('',#5137,#5138);
#5137 = CARTESIAN_POINT('',(-0.32,-13.495,0.));
#5138 = VECTOR('',#5139,1.);
#5139 = DIRECTION('',(0.,1.,0.));
#5140 = ORIENTED_EDGE('',*,*,#5141,.F.);
#5141 = EDGE_CURVE('',#5142,#5134,#5144,.T.);
#5142 = VERTEX_POINT('',#5143);
#5143 = CARTESIAN_POINT('',(0.32,-17.46,0.));
#5144 = LINE('',#5145,#5146);
#5145 = CARTESIAN_POINT('',(-0.16,-17.46,0.));
#5146 = VECTOR('',#5147,1.);
#5147 = DIRECTION('',(-1.,0.,0.));
#5148 = ORIENTED_EDGE('',*,*,#5149,.F.);
#5149 = EDGE_CURVE('',#5124,#5142,#5150,.T.);
#5150 = LINE('',#5151,#5152);
#5151 = CARTESIAN_POINT('',(0.32,-13.495,0.));
#5152 = VECTOR('',#5153,1.);
#5153 = DIRECTION('',(0.,1.,0.));
#5154 = FACE_BOUND('',#5155,.F.);
#5155 = EDGE_LOOP('',(#5156,#5166,#5174,#5182));
#5156 = ORIENTED_EDGE('',*,*,#5157,.F.);
#5157 = EDGE_CURVE('',#5158,#5160,#5162,.T.);
#5158 = VERTEX_POINT('',#5159);
#5159 = CARTESIAN_POINT('',(0.32,-14.92,0.));
#5160 = VERTEX_POINT('',#5161);
#5161 = CARTESIAN_POINT('',(-0.32,-14.92,0.));
#5162 = LINE('',#5163,#5164);
#5163 = CARTESIAN_POINT('',(-0.16,-14.92,0.));
#5164 = VECTOR('',#5165,1.);
#5165 = DIRECTION('',(-1.,0.,0.));
#5166 = ORIENTED_EDGE('',*,*,#5167,.F.);
#5167 = EDGE_CURVE('',#5168,#5158,#5170,.T.);
#5168 = VERTEX_POINT('',#5169);
#5169 = CARTESIAN_POINT('',(0.32,-15.56,0.));
#5170 = LINE('',#5171,#5172);
#5171 = CARTESIAN_POINT('',(0.32,-12.225,0.));
#5172 = VECTOR('',#5173,1.);
#5173 = DIRECTION('',(0.,1.,0.));
#5174 = ORIENTED_EDGE('',*,*,#5175,.T.);
#5175 = EDGE_CURVE('',#5168,#5176,#5178,.T.);
#5176 = VERTEX_POINT('',#5177);
#5177 = CARTESIAN_POINT('',(-0.32,-15.56,0.));
#5178 = LINE('',#5179,#5180);
#5179 = CARTESIAN_POINT('',(-0.16,-15.56,0.));
#5180 = VECTOR('',#5181,1.);
#5181 = DIRECTION('',(-1.,0.,0.));
#5182 = ORIENTED_EDGE('',*,*,#5183,.T.);
#5183 = EDGE_CURVE('',#5176,#5160,#5184,.T.);
#5184 = LINE('',#5185,#5186);
#5185 = CARTESIAN_POINT('',(-0.32,-12.225,0.));
#5186 = VECTOR('',#5187,1.);
#5187 = DIRECTION('',(0.,1.,0.));
#5188 = FACE_BOUND('',#5189,.F.);
#5189 = EDGE_LOOP('',(#5190,#5200,#5208,#5216));
#5190 = ORIENTED_EDGE('',*,*,#5191,.F.);
#5191 = EDGE_CURVE('',#5192,#5194,#5196,.T.);
#5192 = VERTEX_POINT('',#5193);
#5193 = CARTESIAN_POINT('',(0.32,-7.94,0.));
#5194 = VERTEX_POINT('',#5195);
#5195 = CARTESIAN_POINT('',(0.32,-7.3,0.));
#5196 = LINE('',#5197,#5198);
#5197 = CARTESIAN_POINT('',(0.32,-8.415,0.));
#5198 = VECTOR('',#5199,1.);
#5199 = DIRECTION('',(0.,1.,0.));
#5200 = ORIENTED_EDGE('',*,*,#5201,.T.);
#5201 = EDGE_CURVE('',#5192,#5202,#5204,.T.);
#5202 = VERTEX_POINT('',#5203);
#5203 = CARTESIAN_POINT('',(-0.32,-7.94,0.));
#5204 = LINE('',#5205,#5206);
#5205 = CARTESIAN_POINT('',(-0.16,-7.94,0.));
#5206 = VECTOR('',#5207,1.);
#5207 = DIRECTION('',(-1.,0.,0.));
#5208 = ORIENTED_EDGE('',*,*,#5209,.T.);
#5209 = EDGE_CURVE('',#5202,#5210,#5212,.T.);
#5210 = VERTEX_POINT('',#5211);
#5211 = CARTESIAN_POINT('',(-0.32,-7.3,0.));
#5212 = LINE('',#5213,#5214);
#5213 = CARTESIAN_POINT('',(-0.32,-8.415,0.));
#5214 = VECTOR('',#5215,1.);
#5215 = DIRECTION('',(0.,1.,0.));
#5216 = ORIENTED_EDGE('',*,*,#5217,.F.);
#5217 = EDGE_CURVE('',#5194,#5210,#5218,.T.);
#5218 = LINE('',#5219,#5220);
#5219 = CARTESIAN_POINT('',(-0.16,-7.3,0.));
#5220 = VECTOR('',#5221,1.);
#5221 = DIRECTION('',(-1.,0.,0.));
#5222 = FACE_BOUND('',#5223,.F.);
#5223 = EDGE_LOOP('',(#5224,#5234,#5242,#5250));
#5224 = ORIENTED_EDGE('',*,*,#5225,.F.);
#5225 = EDGE_CURVE('',#5226,#5228,#5230,.T.);
#5226 = VERTEX_POINT('',#5227);
#5227 = CARTESIAN_POINT('',(0.32,-12.38,0.));
#5228 = VERTEX_POINT('',#5229);
#5229 = CARTESIAN_POINT('',(-0.32,-12.38,0.));
#5230 = LINE('',#5231,#5232);
#5231 = CARTESIAN_POINT('',(-0.16,-12.38,0.));
#5232 = VECTOR('',#5233,1.);
#5233 = DIRECTION('',(-1.,0.,0.));
#5234 = ORIENTED_EDGE('',*,*,#5235,.F.);
#5235 = EDGE_CURVE('',#5236,#5226,#5238,.T.);
#5236 = VERTEX_POINT('',#5237);
#5237 = CARTESIAN_POINT('',(0.32,-13.02,0.));
#5238 = LINE('',#5239,#5240);
#5239 = CARTESIAN_POINT('',(0.32,-10.955,0.));
#5240 = VECTOR('',#5241,1.);
#5241 = DIRECTION('',(0.,1.,0.));
#5242 = ORIENTED_EDGE('',*,*,#5243,.T.);
#5243 = EDGE_CURVE('',#5236,#5244,#5246,.T.);
#5244 = VERTEX_POINT('',#5245);
#5245 = CARTESIAN_POINT('',(-0.32,-13.02,0.));
#5246 = LINE('',#5247,#5248);
#5247 = CARTESIAN_POINT('',(-0.16,-13.02,0.));
#5248 = VECTOR('',#5249,1.);
#5249 = DIRECTION('',(-1.,0.,0.));
#5250 = ORIENTED_EDGE('',*,*,#5251,.T.);
#5251 = EDGE_CURVE('',#5244,#5228,#5252,.T.);
#5252 = LINE('',#5253,#5254);
#5253 = CARTESIAN_POINT('',(-0.32,-10.955,0.));
#5254 = VECTOR('',#5255,1.);
#5255 = DIRECTION('',(0.,1.,0.));
#5256 = FACE_BOUND('',#5257,.F.);
#5257 = EDGE_LOOP('',(#5258,#5268,#5276,#5284));
#5258 = ORIENTED_EDGE('',*,*,#5259,.F.);
#5259 = EDGE_CURVE('',#5260,#5262,#5264,.T.);
#5260 = VERTEX_POINT('',#5261);
#5261 = CARTESIAN_POINT('',(0.32,-10.48,0.));
#5262 = VERTEX_POINT('',#5263);
#5263 = CARTESIAN_POINT('',(0.32,-9.84,0.));
#5264 = LINE('',#5265,#5266);
#5265 = CARTESIAN_POINT('',(0.32,-9.685,0.));
#5266 = VECTOR('',#5267,1.);
#5267 = DIRECTION('',(0.,1.,0.));
#5268 = ORIENTED_EDGE('',*,*,#5269,.T.);
#5269 = EDGE_CURVE('',#5260,#5270,#5272,.T.);
#5270 = VERTEX_POINT('',#5271);
#5271 = CARTESIAN_POINT('',(-0.32,-10.48,0.));
#5272 = LINE('',#5273,#5274);
#5273 = CARTESIAN_POINT('',(-0.16,-10.48,0.));
#5274 = VECTOR('',#5275,1.);
#5275 = DIRECTION('',(-1.,0.,0.));
#5276 = ORIENTED_EDGE('',*,*,#5277,.T.);
#5277 = EDGE_CURVE('',#5270,#5278,#5280,.T.);
#5278 = VERTEX_POINT('',#5279);
#5279 = CARTESIAN_POINT('',(-0.32,-9.84,0.));
#5280 = LINE('',#5281,#5282);
#5281 = CARTESIAN_POINT('',(-0.32,-9.685,0.));
#5282 = VECTOR('',#5283,1.);
#5283 = DIRECTION('',(0.,1.,0.));
#5284 = ORIENTED_EDGE('',*,*,#5285,.F.);
#5285 = EDGE_CURVE('',#5262,#5278,#5286,.T.);
#5286 = LINE('',#5287,#5288);
#5287 = CARTESIAN_POINT('',(-0.16,-9.84,0.));
#5288 = VECTOR('',#5289,1.);
#5289 = DIRECTION('',(-1.,0.,0.));
#5290 = FACE_BOUND('',#5291,.F.);
#5291 = EDGE_LOOP('',(#5292,#5302,#5310,#5318));
#5292 = ORIENTED_EDGE('',*,*,#5293,.F.);
#5293 = EDGE_CURVE('',#5294,#5296,#5298,.T.);
#5294 = VERTEX_POINT('',#5295);
#5295 = CARTESIAN_POINT('',(0.32,-2.22,0.));
#5296 = VERTEX_POINT('',#5297);
#5297 = CARTESIAN_POINT('',(-0.32,-2.22,0.));
#5298 = LINE('',#5299,#5300);
#5299 = CARTESIAN_POINT('',(-0.16,-2.22,0.));
#5300 = VECTOR('',#5301,1.);
#5301 = DIRECTION('',(-1.,0.,0.));
#5302 = ORIENTED_EDGE('',*,*,#5303,.F.);
#5303 = EDGE_CURVE('',#5304,#5294,#5306,.T.);
#5304 = VERTEX_POINT('',#5305);
#5305 = CARTESIAN_POINT('',(0.32,-2.86,0.));
#5306 = LINE('',#5307,#5308);
#5307 = CARTESIAN_POINT('',(0.32,-5.875,0.));
#5308 = VECTOR('',#5309,1.);
#5309 = DIRECTION('',(0.,1.,0.));
#5310 = ORIENTED_EDGE('',*,*,#5311,.T.);
#5311 = EDGE_CURVE('',#5304,#5312,#5314,.T.);
#5312 = VERTEX_POINT('',#5313);
#5313 = CARTESIAN_POINT('',(-0.32,-2.86,0.));
#5314 = LINE('',#5315,#5316);
#5315 = CARTESIAN_POINT('',(-0.16,-2.86,0.));
#5316 = VECTOR('',#5317,1.);
#5317 = DIRECTION('',(-1.,0.,0.));
#5318 = ORIENTED_EDGE('',*,*,#5319,.T.);
#5319 = EDGE_CURVE('',#5312,#5296,#5320,.T.);
#5320 = LINE('',#5321,#5322);
#5321 = CARTESIAN_POINT('',(-0.32,-5.875,0.));
#5322 = VECTOR('',#5323,1.);
#5323 = DIRECTION('',(0.,1.,0.));
#5324 = FACE_BOUND('',#5325,.F.);
#5325 = EDGE_LOOP('',(#5326,#5336,#5344,#5352));
#5326 = ORIENTED_EDGE('',*,*,#5327,.T.);
#5327 = EDGE_CURVE('',#5328,#5330,#5332,.T.);
#5328 = VERTEX_POINT('',#5329);
#5329 = CARTESIAN_POINT('',(0.32,-5.4,0.));
#5330 = VERTEX_POINT('',#5331);
#5331 = CARTESIAN_POINT('',(-0.32,-5.4,0.));
#5332 = LINE('',#5333,#5334);
#5333 = CARTESIAN_POINT('',(-0.16,-5.4,0.));
#5334 = VECTOR('',#5335,1.);
#5335 = DIRECTION('',(-1.,0.,0.));
#5336 = ORIENTED_EDGE('',*,*,#5337,.T.);
#5337 = EDGE_CURVE('',#5330,#5338,#5340,.T.);
#5338 = VERTEX_POINT('',#5339);
#5339 = CARTESIAN_POINT('',(-0.32,-4.76,0.));
#5340 = LINE('',#5341,#5342);
#5341 = CARTESIAN_POINT('',(-0.32,-7.145,0.));
#5342 = VECTOR('',#5343,1.);
#5343 = DIRECTION('',(0.,1.,0.));
#5344 = ORIENTED_EDGE('',*,*,#5345,.F.);
#5345 = EDGE_CURVE('',#5346,#5338,#5348,.T.);
#5346 = VERTEX_POINT('',#5347);
#5347 = CARTESIAN_POINT('',(0.32,-4.76,0.));
#5348 = LINE('',#5349,#5350);
#5349 = CARTESIAN_POINT('',(-0.16,-4.76,0.));
#5350 = VECTOR('',#5351,1.);
#5351 = DIRECTION('',(-1.,0.,0.));
#5352 = ORIENTED_EDGE('',*,*,#5353,.F.);
#5353 = EDGE_CURVE('',#5328,#5346,#5354,.T.);
#5354 = LINE('',#5355,#5356);
#5355 = CARTESIAN_POINT('',(0.32,-7.145,0.));
#5356 = VECTOR('',#5357,1.);
#5357 = DIRECTION('',(0.,1.,0.));
#5358 = FACE_BOUND('',#5359,.F.);
#5359 = EDGE_LOOP('',(#5360,#5370,#5378,#5386));
#5360 = ORIENTED_EDGE('',*,*,#5361,.F.);
#5361 = EDGE_CURVE('',#5362,#5364,#5366,.T.);
#5362 = VERTEX_POINT('',#5363);
#5363 = CARTESIAN_POINT('',(0.32,-0.32,0.));
#5364 = VERTEX_POINT('',#5365);
#5365 = CARTESIAN_POINT('',(0.32,0.32,0.));
#5366 = LINE('',#5367,#5368);
#5367 = CARTESIAN_POINT('',(0.32,-4.605,0.));
#5368 = VECTOR('',#5369,1.);
#5369 = DIRECTION('',(0.,1.,0.));
#5370 = ORIENTED_EDGE('',*,*,#5371,.T.);
#5371 = EDGE_CURVE('',#5362,#5372,#5374,.T.);
#5372 = VERTEX_POINT('',#5373);
#5373 = CARTESIAN_POINT('',(-0.32,-0.32,0.));
#5374 = LINE('',#5375,#5376);
#5375 = CARTESIAN_POINT('',(-0.16,-0.32,0.));
#5376 = VECTOR('',#5377,1.);
#5377 = DIRECTION('',(-1.,0.,0.));
#5378 = ORIENTED_EDGE('',*,*,#5379,.T.);
#5379 = EDGE_CURVE('',#5372,#5380,#5382,.T.);
#5380 = VERTEX_POINT('',#5381);
#5381 = CARTESIAN_POINT('',(-0.32,0.32,0.));
#5382 = LINE('',#5383,#5384);
#5383 = CARTESIAN_POINT('',(-0.32,-4.605,0.));
#5384 = VECTOR('',#5385,1.);
#5385 = DIRECTION('',(0.,1.,0.));
#5386 = ORIENTED_EDGE('',*,*,#5387,.F.);
#5387 = EDGE_CURVE('',#5364,#5380,#5388,.T.);
#5388 = LINE('',#5389,#5390);
#5389 = CARTESIAN_POINT('',(-0.16,0.32,0.));
#5390 = VECTOR('',#5391,1.);
#5391 = DIRECTION('',(-1.,0.,0.));
#5392 = PLANE('',#5393);
#5393 = AXIS2_PLACEMENT_3D('',#5394,#5395,#5396);
#5394 = CARTESIAN_POINT('',(-1.38573690222E-17,-8.89,0.));
#5395 = DIRECTION('',(0.,0.,1.));
#5396 = DIRECTION('',(1.,0.,-0.));
#5397 = ADVANCED_FACE('',(#5398,#5777,#5811,#5845,#5879,#5913,#5947,
    #5981,#6015),#6049,.T.);
#5398 = FACE_BOUND('',#5399,.T.);
#5399 = EDGE_LOOP('',(#5400,#5401,#5402,#5410,#5418,#5426,#5434,#5442,
    #5450,#5458,#5466,#5474,#5482,#5490,#5498,#5506,#5514,#5522,#5530,
    #5538,#5546,#5554,#5562,#5570,#5578,#5586,#5594,#5602,#5610,#5618,
    #5626,#5634,#5642,#5650,#5658,#5666,#5674,#5682,#5690,#5698,#5706,
    #5714,#5722,#5730,#5738,#5746,#5754,#5762,#5770,#5776));
#5400 = ORIENTED_EDGE('',*,*,#4652,.T.);
#5401 = ORIENTED_EDGE('',*,*,#4714,.T.);
#5402 = ORIENTED_EDGE('',*,*,#5403,.T.);
#5403 = EDGE_CURVE('',#4715,#5404,#5406,.T.);
#5404 = VERTEX_POINT('',#5405);
#5405 = CARTESIAN_POINT('',(-1.016,-1.27,2.54));
#5406 = LINE('',#5407,#5408);
#5407 = CARTESIAN_POINT('',(-1.27,-1.016,2.54));
#5408 = VECTOR('',#5409,1.);
#5409 = DIRECTION('',(0.707106781187,-0.707106781187,0.));
#5410 = ORIENTED_EDGE('',*,*,#5411,.T.);
#5411 = EDGE_CURVE('',#5404,#5412,#5414,.T.);
#5412 = VERTEX_POINT('',#5413);
#5413 = CARTESIAN_POINT('',(-1.27,-1.524,2.54));
#5414 = LINE('',#5415,#5416);
#5415 = CARTESIAN_POINT('',(-1.016,-1.27,2.54));
#5416 = VECTOR('',#5417,1.);
#5417 = DIRECTION('',(-0.707106781187,-0.707106781187,0.));
#5418 = ORIENTED_EDGE('',*,*,#5419,.T.);
#5419 = EDGE_CURVE('',#5412,#5420,#5422,.T.);
#5420 = VERTEX_POINT('',#5421);
#5421 = CARTESIAN_POINT('',(-1.27,-3.556,2.54));
#5422 = LINE('',#5423,#5424);
#5423 = CARTESIAN_POINT('',(-1.27,-1.524,2.54));
#5424 = VECTOR('',#5425,1.);
#5425 = DIRECTION('',(0.,-1.,0.));
#5426 = ORIENTED_EDGE('',*,*,#5427,.T.);
#5427 = EDGE_CURVE('',#5420,#5428,#5430,.T.);
#5428 = VERTEX_POINT('',#5429);
#5429 = CARTESIAN_POINT('',(-1.016,-3.81,2.54));
#5430 = LINE('',#5431,#5432);
#5431 = CARTESIAN_POINT('',(-1.27,-3.556,2.54));
#5432 = VECTOR('',#5433,1.);
#5433 = DIRECTION('',(0.707106781187,-0.707106781187,0.));
#5434 = ORIENTED_EDGE('',*,*,#5435,.T.);
#5435 = EDGE_CURVE('',#5428,#5436,#5438,.T.);
#5436 = VERTEX_POINT('',#5437);
#5437 = CARTESIAN_POINT('',(-1.27,-4.064,2.54));
#5438 = LINE('',#5439,#5440);
#5439 = CARTESIAN_POINT('',(-1.016,-3.81,2.54));
#5440 = VECTOR('',#5441,1.);
#5441 = DIRECTION('',(-0.707106781187,-0.707106781187,0.));
#5442 = ORIENTED_EDGE('',*,*,#5443,.T.);
#5443 = EDGE_CURVE('',#5436,#5444,#5446,.T.);
#5444 = VERTEX_POINT('',#5445);
#5445 = CARTESIAN_POINT('',(-1.27,-6.096,2.54));
#5446 = LINE('',#5447,#5448);
#5447 = CARTESIAN_POINT('',(-1.27,-4.064,2.54));
#5448 = VECTOR('',#5449,1.);
#5449 = DIRECTION('',(0.,-1.,0.));
#5450 = ORIENTED_EDGE('',*,*,#5451,.T.);
#5451 = EDGE_CURVE('',#5444,#5452,#5454,.T.);
#5452 = VERTEX_POINT('',#5453);
#5453 = CARTESIAN_POINT('',(-1.016,-6.35,2.54));
#5454 = LINE('',#5455,#5456);
#5455 = CARTESIAN_POINT('',(-1.27,-6.096,2.54));
#5456 = VECTOR('',#5457,1.);
#5457 = DIRECTION('',(0.707106781187,-0.707106781187,0.));
#5458 = ORIENTED_EDGE('',*,*,#5459,.T.);
#5459 = EDGE_CURVE('',#5452,#5460,#5462,.T.);
#5460 = VERTEX_POINT('',#5461);
#5461 = CARTESIAN_POINT('',(-1.27,-6.604,2.54));
#5462 = LINE('',#5463,#5464);
#5463 = CARTESIAN_POINT('',(-1.016,-6.35,2.54));
#5464 = VECTOR('',#5465,1.);
#5465 = DIRECTION('',(-0.707106781187,-0.707106781187,0.));
#5466 = ORIENTED_EDGE('',*,*,#5467,.T.);
#5467 = EDGE_CURVE('',#5460,#5468,#5470,.T.);
#5468 = VERTEX_POINT('',#5469);
#5469 = CARTESIAN_POINT('',(-1.27,-8.636,2.54));
#5470 = LINE('',#5471,#5472);
#5471 = CARTESIAN_POINT('',(-1.27,-6.604,2.54));
#5472 = VECTOR('',#5473,1.);
#5473 = DIRECTION('',(0.,-1.,0.));
#5474 = ORIENTED_EDGE('',*,*,#5475,.T.);
#5475 = EDGE_CURVE('',#5468,#5476,#5478,.T.);
#5476 = VERTEX_POINT('',#5477);
#5477 = CARTESIAN_POINT('',(-1.016,-8.89,2.54));
#5478 = LINE('',#5479,#5480);
#5479 = CARTESIAN_POINT('',(-1.27,-8.636,2.54));
#5480 = VECTOR('',#5481,1.);
#5481 = DIRECTION('',(0.707106781187,-0.707106781187,0.));
#5482 = ORIENTED_EDGE('',*,*,#5483,.T.);
#5483 = EDGE_CURVE('',#5476,#5484,#5486,.T.);
#5484 = VERTEX_POINT('',#5485);
#5485 = CARTESIAN_POINT('',(-1.27,-9.144,2.54));
#5486 = LINE('',#5487,#5488);
#5487 = CARTESIAN_POINT('',(-1.016,-8.89,2.54));
#5488 = VECTOR('',#5489,1.);
#5489 = DIRECTION('',(-0.707106781187,-0.707106781187,0.));
#5490 = ORIENTED_EDGE('',*,*,#5491,.T.);
#5491 = EDGE_CURVE('',#5484,#5492,#5494,.T.);
#5492 = VERTEX_POINT('',#5493);
#5493 = CARTESIAN_POINT('',(-1.27,-11.176,2.54));
#5494 = LINE('',#5495,#5496);
#5495 = CARTESIAN_POINT('',(-1.27,-9.144,2.54));
#5496 = VECTOR('',#5497,1.);
#5497 = DIRECTION('',(0.,-1.,0.));
#5498 = ORIENTED_EDGE('',*,*,#5499,.T.);
#5499 = EDGE_CURVE('',#5492,#5500,#5502,.T.);
#5500 = VERTEX_POINT('',#5501);
#5501 = CARTESIAN_POINT('',(-1.016,-11.43,2.54));
#5502 = LINE('',#5503,#5504);
#5503 = CARTESIAN_POINT('',(-1.27,-11.176,2.54));
#5504 = VECTOR('',#5505,1.);
#5505 = DIRECTION('',(0.707106781187,-0.707106781187,0.));
#5506 = ORIENTED_EDGE('',*,*,#5507,.T.);
#5507 = EDGE_CURVE('',#5500,#5508,#5510,.T.);
#5508 = VERTEX_POINT('',#5509);
#5509 = CARTESIAN_POINT('',(-1.27,-11.684,2.54));
#5510 = LINE('',#5511,#5512);
#5511 = CARTESIAN_POINT('',(-1.016,-11.43,2.54));
#5512 = VECTOR('',#5513,1.);
#5513 = DIRECTION('',(-0.707106781187,-0.707106781187,0.));
#5514 = ORIENTED_EDGE('',*,*,#5515,.T.);
#5515 = EDGE_CURVE('',#5508,#5516,#5518,.T.);
#5516 = VERTEX_POINT('',#5517);
#5517 = CARTESIAN_POINT('',(-1.27,-13.716,2.54));
#5518 = LINE('',#5519,#5520);
#5519 = CARTESIAN_POINT('',(-1.27,-11.684,2.54));
#5520 = VECTOR('',#5521,1.);
#5521 = DIRECTION('',(0.,-1.,0.));
#5522 = ORIENTED_EDGE('',*,*,#5523,.T.);
#5523 = EDGE_CURVE('',#5516,#5524,#5526,.T.);
#5524 = VERTEX_POINT('',#5525);
#5525 = CARTESIAN_POINT('',(-1.016,-13.97,2.54));
#5526 = LINE('',#5527,#5528);
#5527 = CARTESIAN_POINT('',(-1.27,-13.716,2.54));
#5528 = VECTOR('',#5529,1.);
#5529 = DIRECTION('',(0.707106781187,-0.707106781187,0.));
#5530 = ORIENTED_EDGE('',*,*,#5531,.T.);
#5531 = EDGE_CURVE('',#5524,#5532,#5534,.T.);
#5532 = VERTEX_POINT('',#5533);
#5533 = CARTESIAN_POINT('',(-1.27,-14.224,2.54));
#5534 = LINE('',#5535,#5536);
#5535 = CARTESIAN_POINT('',(-1.016,-13.97,2.54));
#5536 = VECTOR('',#5537,1.);
#5537 = DIRECTION('',(-0.707106781187,-0.707106781187,0.));
#5538 = ORIENTED_EDGE('',*,*,#5539,.T.);
#5539 = EDGE_CURVE('',#5532,#5540,#5542,.T.);
#5540 = VERTEX_POINT('',#5541);
#5541 = CARTESIAN_POINT('',(-1.27,-16.256,2.54));
#5542 = LINE('',#5543,#5544);
#5543 = CARTESIAN_POINT('',(-1.27,-14.224,2.54));
#5544 = VECTOR('',#5545,1.);
#5545 = DIRECTION('',(0.,-1.,0.));
#5546 = ORIENTED_EDGE('',*,*,#5547,.T.);
#5547 = EDGE_CURVE('',#5540,#5548,#5550,.T.);
#5548 = VERTEX_POINT('',#5549);
#5549 = CARTESIAN_POINT('',(-1.016,-16.51,2.54));
#5550 = LINE('',#5551,#5552);
#5551 = CARTESIAN_POINT('',(-1.27,-16.256,2.54));
#5552 = VECTOR('',#5553,1.);
#5553 = DIRECTION('',(0.707106781187,-0.707106781187,0.));
#5554 = ORIENTED_EDGE('',*,*,#5555,.T.);
#5555 = EDGE_CURVE('',#5548,#5556,#5558,.T.);
#5556 = VERTEX_POINT('',#5557);
#5557 = CARTESIAN_POINT('',(-1.27,-16.764,2.54));
#5558 = LINE('',#5559,#5560);
#5559 = CARTESIAN_POINT('',(-1.016,-16.51,2.54));
#5560 = VECTOR('',#5561,1.);
#5561 = DIRECTION('',(-0.707106781187,-0.707106781187,0.));
#5562 = ORIENTED_EDGE('',*,*,#5563,.T.);
#5563 = EDGE_CURVE('',#5556,#5564,#5566,.T.);
#5564 = VERTEX_POINT('',#5565);
#5565 = CARTESIAN_POINT('',(-1.27,-18.796,2.54));
#5566 = LINE('',#5567,#5568);
#5567 = CARTESIAN_POINT('',(-1.27,-16.764,2.54));
#5568 = VECTOR('',#5569,1.);
#5569 = DIRECTION('',(0.,-1.,0.));
#5570 = ORIENTED_EDGE('',*,*,#5571,.T.);
#5571 = EDGE_CURVE('',#5564,#5572,#5574,.T.);
#5572 = VERTEX_POINT('',#5573);
#5573 = CARTESIAN_POINT('',(-1.016,-19.05,2.54));
#5574 = LINE('',#5575,#5576);
#5575 = CARTESIAN_POINT('',(-1.27,-18.796,2.54));
#5576 = VECTOR('',#5577,1.);
#5577 = DIRECTION('',(0.707106781187,-0.707106781187,0.));
#5578 = ORIENTED_EDGE('',*,*,#5579,.T.);
#5579 = EDGE_CURVE('',#5572,#5580,#5582,.T.);
#5580 = VERTEX_POINT('',#5581);
#5581 = CARTESIAN_POINT('',(1.016,-19.05,2.54));
#5582 = LINE('',#5583,#5584);
#5583 = CARTESIAN_POINT('',(-1.016,-19.05,2.54));
#5584 = VECTOR('',#5585,1.);
#5585 = DIRECTION('',(1.,0.,0.));
#5586 = ORIENTED_EDGE('',*,*,#5587,.T.);
#5587 = EDGE_CURVE('',#5580,#5588,#5590,.T.);
#5588 = VERTEX_POINT('',#5589);
#5589 = CARTESIAN_POINT('',(1.27,-18.796,2.54));
#5590 = LINE('',#5591,#5592);
#5591 = CARTESIAN_POINT('',(1.016,-19.05,2.54));
#5592 = VECTOR('',#5593,1.);
#5593 = DIRECTION('',(0.707106781187,0.707106781187,0.));
#5594 = ORIENTED_EDGE('',*,*,#5595,.T.);
#5595 = EDGE_CURVE('',#5588,#5596,#5598,.T.);
#5596 = VERTEX_POINT('',#5597);
#5597 = CARTESIAN_POINT('',(1.27,-16.764,2.54));
#5598 = LINE('',#5599,#5600);
#5599 = CARTESIAN_POINT('',(1.27,-18.796,2.54));
#5600 = VECTOR('',#5601,1.);
#5601 = DIRECTION('',(0.,1.,0.));
#5602 = ORIENTED_EDGE('',*,*,#5603,.T.);
#5603 = EDGE_CURVE('',#5596,#5604,#5606,.T.);
#5604 = VERTEX_POINT('',#5605);
#5605 = CARTESIAN_POINT('',(1.016,-16.51,2.54));
#5606 = LINE('',#5607,#5608);
#5607 = CARTESIAN_POINT('',(1.27,-16.764,2.54));
#5608 = VECTOR('',#5609,1.);
#5609 = DIRECTION('',(-0.707106781187,0.707106781187,0.));
#5610 = ORIENTED_EDGE('',*,*,#5611,.T.);
#5611 = EDGE_CURVE('',#5604,#5612,#5614,.T.);
#5612 = VERTEX_POINT('',#5613);
#5613 = CARTESIAN_POINT('',(1.27,-16.256,2.54));
#5614 = LINE('',#5615,#5616);
#5615 = CARTESIAN_POINT('',(1.016,-16.51,2.54));
#5616 = VECTOR('',#5617,1.);
#5617 = DIRECTION('',(0.707106781187,0.707106781187,0.));
#5618 = ORIENTED_EDGE('',*,*,#5619,.T.);
#5619 = EDGE_CURVE('',#5612,#5620,#5622,.T.);
#5620 = VERTEX_POINT('',#5621);
#5621 = CARTESIAN_POINT('',(1.27,-14.224,2.54));
#5622 = LINE('',#5623,#5624);
#5623 = CARTESIAN_POINT('',(1.27,-16.256,2.54));
#5624 = VECTOR('',#5625,1.);
#5625 = DIRECTION('',(0.,1.,0.));
#5626 = ORIENTED_EDGE('',*,*,#5627,.T.);
#5627 = EDGE_CURVE('',#5620,#5628,#5630,.T.);
#5628 = VERTEX_POINT('',#5629);
#5629 = CARTESIAN_POINT('',(1.016,-13.97,2.54));
#5630 = LINE('',#5631,#5632);
#5631 = CARTESIAN_POINT('',(1.27,-14.224,2.54));
#5632 = VECTOR('',#5633,1.);
#5633 = DIRECTION('',(-0.707106781187,0.707106781187,0.));
#5634 = ORIENTED_EDGE('',*,*,#5635,.T.);
#5635 = EDGE_CURVE('',#5628,#5636,#5638,.T.);
#5636 = VERTEX_POINT('',#5637);
#5637 = CARTESIAN_POINT('',(1.27,-13.716,2.54));
#5638 = LINE('',#5639,#5640);
#5639 = CARTESIAN_POINT('',(1.016,-13.97,2.54));
#5640 = VECTOR('',#5641,1.);
#5641 = DIRECTION('',(0.707106781187,0.707106781187,0.));
#5642 = ORIENTED_EDGE('',*,*,#5643,.T.);
#5643 = EDGE_CURVE('',#5636,#5644,#5646,.T.);
#5644 = VERTEX_POINT('',#5645);
#5645 = CARTESIAN_POINT('',(1.27,-11.684,2.54));
#5646 = LINE('',#5647,#5648);
#5647 = CARTESIAN_POINT('',(1.27,-13.716,2.54));
#5648 = VECTOR('',#5649,1.);
#5649 = DIRECTION('',(0.,1.,0.));
#5650 = ORIENTED_EDGE('',*,*,#5651,.T.);
#5651 = EDGE_CURVE('',#5644,#5652,#5654,.T.);
#5652 = VERTEX_POINT('',#5653);
#5653 = CARTESIAN_POINT('',(1.016,-11.43,2.54));
#5654 = LINE('',#5655,#5656);
#5655 = CARTESIAN_POINT('',(1.27,-11.684,2.54));
#5656 = VECTOR('',#5657,1.);
#5657 = DIRECTION('',(-0.707106781187,0.707106781187,0.));
#5658 = ORIENTED_EDGE('',*,*,#5659,.T.);
#5659 = EDGE_CURVE('',#5652,#5660,#5662,.T.);
#5660 = VERTEX_POINT('',#5661);
#5661 = CARTESIAN_POINT('',(1.27,-11.176,2.54));
#5662 = LINE('',#5663,#5664);
#5663 = CARTESIAN_POINT('',(1.016,-11.43,2.54));
#5664 = VECTOR('',#5665,1.);
#5665 = DIRECTION('',(0.707106781187,0.707106781187,0.));
#5666 = ORIENTED_EDGE('',*,*,#5667,.T.);
#5667 = EDGE_CURVE('',#5660,#5668,#5670,.T.);
#5668 = VERTEX_POINT('',#5669);
#5669 = CARTESIAN_POINT('',(1.27,-9.144,2.54));
#5670 = LINE('',#5671,#5672);
#5671 = CARTESIAN_POINT('',(1.27,-11.176,2.54));
#5672 = VECTOR('',#5673,1.);
#5673 = DIRECTION('',(0.,1.,0.));
#5674 = ORIENTED_EDGE('',*,*,#5675,.T.);
#5675 = EDGE_CURVE('',#5668,#5676,#5678,.T.);
#5676 = VERTEX_POINT('',#5677);
#5677 = CARTESIAN_POINT('',(1.016,-8.89,2.54));
#5678 = LINE('',#5679,#5680);
#5679 = CARTESIAN_POINT('',(1.27,-9.144,2.54));
#5680 = VECTOR('',#5681,1.);
#5681 = DIRECTION('',(-0.707106781187,0.707106781187,0.));
#5682 = ORIENTED_EDGE('',*,*,#5683,.T.);
#5683 = EDGE_CURVE('',#5676,#5684,#5686,.T.);
#5684 = VERTEX_POINT('',#5685);
#5685 = CARTESIAN_POINT('',(1.27,-8.636,2.54));
#5686 = LINE('',#5687,#5688);
#5687 = CARTESIAN_POINT('',(1.016,-8.89,2.54));
#5688 = VECTOR('',#5689,1.);
#5689 = DIRECTION('',(0.707106781187,0.707106781187,0.));
#5690 = ORIENTED_EDGE('',*,*,#5691,.T.);
#5691 = EDGE_CURVE('',#5684,#5692,#5694,.T.);
#5692 = VERTEX_POINT('',#5693);
#5693 = CARTESIAN_POINT('',(1.27,-6.604,2.54));
#5694 = LINE('',#5695,#5696);
#5695 = CARTESIAN_POINT('',(1.27,-8.636,2.54));
#5696 = VECTOR('',#5697,1.);
#5697 = DIRECTION('',(0.,1.,0.));
#5698 = ORIENTED_EDGE('',*,*,#5699,.T.);
#5699 = EDGE_CURVE('',#5692,#5700,#5702,.T.);
#5700 = VERTEX_POINT('',#5701);
#5701 = CARTESIAN_POINT('',(1.016,-6.35,2.54));
#5702 = LINE('',#5703,#5704);
#5703 = CARTESIAN_POINT('',(1.27,-6.604,2.54));
#5704 = VECTOR('',#5705,1.);
#5705 = DIRECTION('',(-0.707106781187,0.707106781187,0.));
#5706 = ORIENTED_EDGE('',*,*,#5707,.T.);
#5707 = EDGE_CURVE('',#5700,#5708,#5710,.T.);
#5708 = VERTEX_POINT('',#5709);
#5709 = CARTESIAN_POINT('',(1.27,-6.096,2.54));
#5710 = LINE('',#5711,#5712);
#5711 = CARTESIAN_POINT('',(1.016,-6.35,2.54));
#5712 = VECTOR('',#5713,1.);
#5713 = DIRECTION('',(0.707106781187,0.707106781187,0.));
#5714 = ORIENTED_EDGE('',*,*,#5715,.T.);
#5715 = EDGE_CURVE('',#5708,#5716,#5718,.T.);
#5716 = VERTEX_POINT('',#5717);
#5717 = CARTESIAN_POINT('',(1.27,-4.064,2.54));
#5718 = LINE('',#5719,#5720);
#5719 = CARTESIAN_POINT('',(1.27,-6.096,2.54));
#5720 = VECTOR('',#5721,1.);
#5721 = DIRECTION('',(0.,1.,0.));
#5722 = ORIENTED_EDGE('',*,*,#5723,.T.);
#5723 = EDGE_CURVE('',#5716,#5724,#5726,.T.);
#5724 = VERTEX_POINT('',#5725);
#5725 = CARTESIAN_POINT('',(1.016,-3.81,2.54));
#5726 = LINE('',#5727,#5728);
#5727 = CARTESIAN_POINT('',(1.27,-4.064,2.54));
#5728 = VECTOR('',#5729,1.);
#5729 = DIRECTION('',(-0.707106781187,0.707106781187,0.));
#5730 = ORIENTED_EDGE('',*,*,#5731,.T.);
#5731 = EDGE_CURVE('',#5724,#5732,#5734,.T.);
#5732 = VERTEX_POINT('',#5733);
#5733 = CARTESIAN_POINT('',(1.27,-3.556,2.54));
#5734 = LINE('',#5735,#5736);
#5735 = CARTESIAN_POINT('',(1.016,-3.81,2.54));
#5736 = VECTOR('',#5737,1.);
#5737 = DIRECTION('',(0.707106781187,0.707106781187,0.));
#5738 = ORIENTED_EDGE('',*,*,#5739,.T.);
#5739 = EDGE_CURVE('',#5732,#5740,#5742,.T.);
#5740 = VERTEX_POINT('',#5741);
#5741 = CARTESIAN_POINT('',(1.27,-1.524,2.54));
#5742 = LINE('',#5743,#5744);
#5743 = CARTESIAN_POINT('',(1.27,-3.556,2.54));
#5744 = VECTOR('',#5745,1.);
#5745 = DIRECTION('',(0.,1.,0.));
#5746 = ORIENTED_EDGE('',*,*,#5747,.T.);
#5747 = EDGE_CURVE('',#5740,#5748,#5750,.T.);
#5748 = VERTEX_POINT('',#5749);
#5749 = CARTESIAN_POINT('',(1.016,-1.27,2.54));
#5750 = LINE('',#5751,#5752);
#5751 = CARTESIAN_POINT('',(1.27,-1.524,2.54));
#5752 = VECTOR('',#5753,1.);
#5753 = DIRECTION('',(-0.707106781187,0.707106781187,0.));
#5754 = ORIENTED_EDGE('',*,*,#5755,.T.);
#5755 = EDGE_CURVE('',#5748,#5756,#5758,.T.);
#5756 = VERTEX_POINT('',#5757);
#5757 = CARTESIAN_POINT('',(1.27,-1.016,2.54));
#5758 = LINE('',#5759,#5760);
#5759 = CARTESIAN_POINT('',(1.016,-1.27,2.54));
#5760 = VECTOR('',#5761,1.);
#5761 = DIRECTION('',(0.707106781187,0.707106781187,0.));
#5762 = ORIENTED_EDGE('',*,*,#5763,.T.);
#5763 = EDGE_CURVE('',#5756,#5764,#5766,.T.);
#5764 = VERTEX_POINT('',#5765);
#5765 = CARTESIAN_POINT('',(1.27,1.016,2.54));
#5766 = LINE('',#5767,#5768);
#5767 = CARTESIAN_POINT('',(1.27,-1.016,2.54));
#5768 = VECTOR('',#5769,1.);
#5769 = DIRECTION('',(0.,1.,0.));
#5770 = ORIENTED_EDGE('',*,*,#5771,.T.);
#5771 = EDGE_CURVE('',#5764,#4685,#5772,.T.);
#5772 = LINE('',#5773,#5774);
#5773 = CARTESIAN_POINT('',(1.27,1.016,2.54));
#5774 = VECTOR('',#5775,1.);
#5775 = DIRECTION('',(-0.707106781187,0.707106781187,0.));
#5776 = ORIENTED_EDGE('',*,*,#4692,.T.);
#5777 = FACE_BOUND('',#5778,.T.);
#5778 = EDGE_LOOP('',(#5779,#5789,#5797,#5805));
#5779 = ORIENTED_EDGE('',*,*,#5780,.T.);
#5780 = EDGE_CURVE('',#5781,#5783,#5785,.T.);
#5781 = VERTEX_POINT('',#5782);
#5782 = CARTESIAN_POINT('',(0.32,-18.1,2.54));
#5783 = VERTEX_POINT('',#5784);
#5784 = CARTESIAN_POINT('',(-0.32,-18.1,2.54));
#5785 = LINE('',#5786,#5787);
#5786 = CARTESIAN_POINT('',(-0.16,-18.1,2.54));
#5787 = VECTOR('',#5788,1.);
#5788 = DIRECTION('',(-1.,0.,0.));
#5789 = ORIENTED_EDGE('',*,*,#5790,.T.);
#5790 = EDGE_CURVE('',#5783,#5791,#5793,.T.);
#5791 = VERTEX_POINT('',#5792);
#5792 = CARTESIAN_POINT('',(-0.32,-17.46,2.54));
#5793 = LINE('',#5794,#5795);
#5794 = CARTESIAN_POINT('',(-0.32,-13.495,2.54));
#5795 = VECTOR('',#5796,1.);
#5796 = DIRECTION('',(0.,1.,0.));
#5797 = ORIENTED_EDGE('',*,*,#5798,.F.);
#5798 = EDGE_CURVE('',#5799,#5791,#5801,.T.);
#5799 = VERTEX_POINT('',#5800);
#5800 = CARTESIAN_POINT('',(0.32,-17.46,2.54));
#5801 = LINE('',#5802,#5803);
#5802 = CARTESIAN_POINT('',(-0.16,-17.46,2.54));
#5803 = VECTOR('',#5804,1.);
#5804 = DIRECTION('',(-1.,0.,0.));
#5805 = ORIENTED_EDGE('',*,*,#5806,.F.);
#5806 = EDGE_CURVE('',#5781,#5799,#5807,.T.);
#5807 = LINE('',#5808,#5809);
#5808 = CARTESIAN_POINT('',(0.32,-13.495,2.54));
#5809 = VECTOR('',#5810,1.);
#5810 = DIRECTION('',(0.,1.,0.));
#5811 = FACE_BOUND('',#5812,.T.);
#5812 = EDGE_LOOP('',(#5813,#5823,#5831,#5839));
#5813 = ORIENTED_EDGE('',*,*,#5814,.F.);
#5814 = EDGE_CURVE('',#5815,#5817,#5819,.T.);
#5815 = VERTEX_POINT('',#5816);
#5816 = CARTESIAN_POINT('',(0.32,-14.92,2.54));
#5817 = VERTEX_POINT('',#5818);
#5818 = CARTESIAN_POINT('',(-0.32,-14.92,2.54));
#5819 = LINE('',#5820,#5821);
#5820 = CARTESIAN_POINT('',(-0.16,-14.92,2.54));
#5821 = VECTOR('',#5822,1.);
#5822 = DIRECTION('',(-1.,0.,0.));
#5823 = ORIENTED_EDGE('',*,*,#5824,.F.);
#5824 = EDGE_CURVE('',#5825,#5815,#5827,.T.);
#5825 = VERTEX_POINT('',#5826);
#5826 = CARTESIAN_POINT('',(0.32,-15.56,2.54));
#5827 = LINE('',#5828,#5829);
#5828 = CARTESIAN_POINT('',(0.32,-12.225,2.54));
#5829 = VECTOR('',#5830,1.);
#5830 = DIRECTION('',(0.,1.,0.));
#5831 = ORIENTED_EDGE('',*,*,#5832,.T.);
#5832 = EDGE_CURVE('',#5825,#5833,#5835,.T.);
#5833 = VERTEX_POINT('',#5834);
#5834 = CARTESIAN_POINT('',(-0.32,-15.56,2.54));
#5835 = LINE('',#5836,#5837);
#5836 = CARTESIAN_POINT('',(-0.16,-15.56,2.54));
#5837 = VECTOR('',#5838,1.);
#5838 = DIRECTION('',(-1.,0.,0.));
#5839 = ORIENTED_EDGE('',*,*,#5840,.T.);
#5840 = EDGE_CURVE('',#5833,#5817,#5841,.T.);
#5841 = LINE('',#5842,#5843);
#5842 = CARTESIAN_POINT('',(-0.32,-12.225,2.54));
#5843 = VECTOR('',#5844,1.);
#5844 = DIRECTION('',(0.,1.,0.));
#5845 = FACE_BOUND('',#5846,.T.);
#5846 = EDGE_LOOP('',(#5847,#5857,#5865,#5873));
#5847 = ORIENTED_EDGE('',*,*,#5848,.F.);
#5848 = EDGE_CURVE('',#5849,#5851,#5853,.T.);
#5849 = VERTEX_POINT('',#5850);
#5850 = CARTESIAN_POINT('',(0.32,-7.94,2.54));
#5851 = VERTEX_POINT('',#5852);
#5852 = CARTESIAN_POINT('',(0.32,-7.3,2.54));
#5853 = LINE('',#5854,#5855);
#5854 = CARTESIAN_POINT('',(0.32,-8.415,2.54));
#5855 = VECTOR('',#5856,1.);
#5856 = DIRECTION('',(0.,1.,0.));
#5857 = ORIENTED_EDGE('',*,*,#5858,.T.);
#5858 = EDGE_CURVE('',#5849,#5859,#5861,.T.);
#5859 = VERTEX_POINT('',#5860);
#5860 = CARTESIAN_POINT('',(-0.32,-7.94,2.54));
#5861 = LINE('',#5862,#5863);
#5862 = CARTESIAN_POINT('',(-0.16,-7.94,2.54));
#5863 = VECTOR('',#5864,1.);
#5864 = DIRECTION('',(-1.,0.,0.));
#5865 = ORIENTED_EDGE('',*,*,#5866,.T.);
#5866 = EDGE_CURVE('',#5859,#5867,#5869,.T.);
#5867 = VERTEX_POINT('',#5868);
#5868 = CARTESIAN_POINT('',(-0.32,-7.3,2.54));
#5869 = LINE('',#5870,#5871);
#5870 = CARTESIAN_POINT('',(-0.32,-8.415,2.54));
#5871 = VECTOR('',#5872,1.);
#5872 = DIRECTION('',(0.,1.,0.));
#5873 = ORIENTED_EDGE('',*,*,#5874,.F.);
#5874 = EDGE_CURVE('',#5851,#5867,#5875,.T.);
#5875 = LINE('',#5876,#5877);
#5876 = CARTESIAN_POINT('',(-0.16,-7.3,2.54));
#5877 = VECTOR('',#5878,1.);
#5878 = DIRECTION('',(-1.,0.,0.));
#5879 = FACE_BOUND('',#5880,.T.);
#5880 = EDGE_LOOP('',(#5881,#5891,#5899,#5907));
#5881 = ORIENTED_EDGE('',*,*,#5882,.F.);
#5882 = EDGE_CURVE('',#5883,#5885,#5887,.T.);
#5883 = VERTEX_POINT('',#5884);
#5884 = CARTESIAN_POINT('',(0.32,-12.38,2.54));
#5885 = VERTEX_POINT('',#5886);
#5886 = CARTESIAN_POINT('',(-0.32,-12.38,2.54));
#5887 = LINE('',#5888,#5889);
#5888 = CARTESIAN_POINT('',(-0.16,-12.38,2.54));
#5889 = VECTOR('',#5890,1.);
#5890 = DIRECTION('',(-1.,0.,0.));
#5891 = ORIENTED_EDGE('',*,*,#5892,.F.);
#5892 = EDGE_CURVE('',#5893,#5883,#5895,.T.);
#5893 = VERTEX_POINT('',#5894);
#5894 = CARTESIAN_POINT('',(0.32,-13.02,2.54));
#5895 = LINE('',#5896,#5897);
#5896 = CARTESIAN_POINT('',(0.32,-10.955,2.54));
#5897 = VECTOR('',#5898,1.);
#5898 = DIRECTION('',(0.,1.,0.));
#5899 = ORIENTED_EDGE('',*,*,#5900,.T.);
#5900 = EDGE_CURVE('',#5893,#5901,#5903,.T.);
#5901 = VERTEX_POINT('',#5902);
#5902 = CARTESIAN_POINT('',(-0.32,-13.02,2.54));
#5903 = LINE('',#5904,#5905);
#5904 = CARTESIAN_POINT('',(-0.16,-13.02,2.54));
#5905 = VECTOR('',#5906,1.);
#5906 = DIRECTION('',(-1.,0.,0.));
#5907 = ORIENTED_EDGE('',*,*,#5908,.T.);
#5908 = EDGE_CURVE('',#5901,#5885,#5909,.T.);
#5909 = LINE('',#5910,#5911);
#5910 = CARTESIAN_POINT('',(-0.32,-10.955,2.54));
#5911 = VECTOR('',#5912,1.);
#5912 = DIRECTION('',(0.,1.,0.));
#5913 = FACE_BOUND('',#5914,.T.);
#5914 = EDGE_LOOP('',(#5915,#5925,#5933,#5941));
#5915 = ORIENTED_EDGE('',*,*,#5916,.F.);
#5916 = EDGE_CURVE('',#5917,#5919,#5921,.T.);
#5917 = VERTEX_POINT('',#5918);
#5918 = CARTESIAN_POINT('',(0.32,-10.48,2.54));
#5919 = VERTEX_POINT('',#5920);
#5920 = CARTESIAN_POINT('',(0.32,-9.84,2.54));
#5921 = LINE('',#5922,#5923);
#5922 = CARTESIAN_POINT('',(0.32,-9.685,2.54));
#5923 = VECTOR('',#5924,1.);
#5924 = DIRECTION('',(0.,1.,0.));
#5925 = ORIENTED_EDGE('',*,*,#5926,.T.);
#5926 = EDGE_CURVE('',#5917,#5927,#5929,.T.);
#5927 = VERTEX_POINT('',#5928);
#5928 = CARTESIAN_POINT('',(-0.32,-10.48,2.54));
#5929 = LINE('',#5930,#5931);
#5930 = CARTESIAN_POINT('',(-0.16,-10.48,2.54));
#5931 = VECTOR('',#5932,1.);
#5932 = DIRECTION('',(-1.,0.,0.));
#5933 = ORIENTED_EDGE('',*,*,#5934,.T.);
#5934 = EDGE_CURVE('',#5927,#5935,#5937,.T.);
#5935 = VERTEX_POINT('',#5936);
#5936 = CARTESIAN_POINT('',(-0.32,-9.84,2.54));
#5937 = LINE('',#5938,#5939);
#5938 = CARTESIAN_POINT('',(-0.32,-9.685,2.54));
#5939 = VECTOR('',#5940,1.);
#5940 = DIRECTION('',(0.,1.,0.));
#5941 = ORIENTED_EDGE('',*,*,#5942,.F.);
#5942 = EDGE_CURVE('',#5919,#5935,#5943,.T.);
#5943 = LINE('',#5944,#5945);
#5944 = CARTESIAN_POINT('',(-0.16,-9.84,2.54));
#5945 = VECTOR('',#5946,1.);
#5946 = DIRECTION('',(-1.,0.,0.));
#5947 = FACE_BOUND('',#5948,.T.);
#5948 = EDGE_LOOP('',(#5949,#5959,#5967,#5975));
#5949 = ORIENTED_EDGE('',*,*,#5950,.F.);
#5950 = EDGE_CURVE('',#5951,#5953,#5955,.T.);
#5951 = VERTEX_POINT('',#5952);
#5952 = CARTESIAN_POINT('',(0.32,-2.22,2.54));
#5953 = VERTEX_POINT('',#5954);
#5954 = CARTESIAN_POINT('',(-0.32,-2.22,2.54));
#5955 = LINE('',#5956,#5957);
#5956 = CARTESIAN_POINT('',(-0.16,-2.22,2.54));
#5957 = VECTOR('',#5958,1.);
#5958 = DIRECTION('',(-1.,0.,0.));
#5959 = ORIENTED_EDGE('',*,*,#5960,.F.);
#5960 = EDGE_CURVE('',#5961,#5951,#5963,.T.);
#5961 = VERTEX_POINT('',#5962);
#5962 = CARTESIAN_POINT('',(0.32,-2.86,2.54));
#5963 = LINE('',#5964,#5965);
#5964 = CARTESIAN_POINT('',(0.32,-5.875,2.54));
#5965 = VECTOR('',#5966,1.);
#5966 = DIRECTION('',(0.,1.,0.));
#5967 = ORIENTED_EDGE('',*,*,#5968,.T.);
#5968 = EDGE_CURVE('',#5961,#5969,#5971,.T.);
#5969 = VERTEX_POINT('',#5970);
#5970 = CARTESIAN_POINT('',(-0.32,-2.86,2.54));
#5971 = LINE('',#5972,#5973);
#5972 = CARTESIAN_POINT('',(-0.16,-2.86,2.54));
#5973 = VECTOR('',#5974,1.);
#5974 = DIRECTION('',(-1.,0.,0.));
#5975 = ORIENTED_EDGE('',*,*,#5976,.T.);
#5976 = EDGE_CURVE('',#5969,#5953,#5977,.T.);
#5977 = LINE('',#5978,#5979);
#5978 = CARTESIAN_POINT('',(-0.32,-5.875,2.54));
#5979 = VECTOR('',#5980,1.);
#5980 = DIRECTION('',(0.,1.,0.));
#5981 = FACE_BOUND('',#5982,.T.);
#5982 = EDGE_LOOP('',(#5983,#5993,#6001,#6009));
#5983 = ORIENTED_EDGE('',*,*,#5984,.T.);
#5984 = EDGE_CURVE('',#5985,#5987,#5989,.T.);
#5985 = VERTEX_POINT('',#5986);
#5986 = CARTESIAN_POINT('',(0.32,-5.4,2.54));
#5987 = VERTEX_POINT('',#5988);
#5988 = CARTESIAN_POINT('',(-0.32,-5.4,2.54));
#5989 = LINE('',#5990,#5991);
#5990 = CARTESIAN_POINT('',(-0.16,-5.4,2.54));
#5991 = VECTOR('',#5992,1.);
#5992 = DIRECTION('',(-1.,0.,0.));
#5993 = ORIENTED_EDGE('',*,*,#5994,.T.);
#5994 = EDGE_CURVE('',#5987,#5995,#5997,.T.);
#5995 = VERTEX_POINT('',#5996);
#5996 = CARTESIAN_POINT('',(-0.32,-4.76,2.54));
#5997 = LINE('',#5998,#5999);
#5998 = CARTESIAN_POINT('',(-0.32,-7.145,2.54));
#5999 = VECTOR('',#6000,1.);
#6000 = DIRECTION('',(0.,1.,0.));
#6001 = ORIENTED_EDGE('',*,*,#6002,.F.);
#6002 = EDGE_CURVE('',#6003,#5995,#6005,.T.);
#6003 = VERTEX_POINT('',#6004);
#6004 = CARTESIAN_POINT('',(0.32,-4.76,2.54));
#6005 = LINE('',#6006,#6007);
#6006 = CARTESIAN_POINT('',(-0.16,-4.76,2.54));
#6007 = VECTOR('',#6008,1.);
#6008 = DIRECTION('',(-1.,0.,0.));
#6009 = ORIENTED_EDGE('',*,*,#6010,.F.);
#6010 = EDGE_CURVE('',#5985,#6003,#6011,.T.);
#6011 = LINE('',#6012,#6013);
#6012 = CARTESIAN_POINT('',(0.32,-7.145,2.54));
#6013 = VECTOR('',#6014,1.);
#6014 = DIRECTION('',(0.,1.,0.));
#6015 = FACE_BOUND('',#6016,.T.);
#6016 = EDGE_LOOP('',(#6017,#6027,#6035,#6043));
#6017 = ORIENTED_EDGE('',*,*,#6018,.F.);
#6018 = EDGE_CURVE('',#6019,#6021,#6023,.T.);
#6019 = VERTEX_POINT('',#6020);
#6020 = CARTESIAN_POINT('',(0.32,-0.32,2.54));
#6021 = VERTEX_POINT('',#6022);
#6022 = CARTESIAN_POINT('',(0.32,0.32,2.54));
#6023 = LINE('',#6024,#6025);
#6024 = CARTESIAN_POINT('',(0.32,-4.605,2.54));
#6025 = VECTOR('',#6026,1.);
#6026 = DIRECTION('',(0.,1.,0.));
#6027 = ORIENTED_EDGE('',*,*,#6028,.T.);
#6028 = EDGE_CURVE('',#6019,#6029,#6031,.T.);
#6029 = VERTEX_POINT('',#6030);
#6030 = CARTESIAN_POINT('',(-0.32,-0.32,2.54));
#6031 = LINE('',#6032,#6033);
#6032 = CARTESIAN_POINT('',(-0.16,-0.32,2.54));
#6033 = VECTOR('',#6034,1.);
#6034 = DIRECTION('',(-1.,0.,0.));
#6035 = ORIENTED_EDGE('',*,*,#6036,.T.);
#6036 = EDGE_CURVE('',#6029,#6037,#6039,.T.);
#6037 = VERTEX_POINT('',#6038);
#6038 = CARTESIAN_POINT('',(-0.32,0.32,2.54));
#6039 = LINE('',#6040,#6041);
#6040 = CARTESIAN_POINT('',(-0.32,-4.605,2.54));
#6041 = VECTOR('',#6042,1.);
#6042 = DIRECTION('',(0.,1.,0.));
#6043 = ORIENTED_EDGE('',*,*,#6044,.F.);
#6044 = EDGE_CURVE('',#6021,#6037,#6045,.T.);
#6045 = LINE('',#6046,#6047);
#6046 = CARTESIAN_POINT('',(-0.16,0.32,2.54));
#6047 = VECTOR('',#6048,1.);
#6048 = DIRECTION('',(-1.,0.,0.));
#6049 = PLANE('',#6050);
#6050 = AXIS2_PLACEMENT_3D('',#6051,#6052,#6053);
#6051 = CARTESIAN_POINT('',(-1.38573690222E-17,-8.89,2.54));
#6052 = DIRECTION('',(0.,0.,1.));
#6053 = DIRECTION('',(1.,0.,-0.));
#6054 = ADVANCED_FACE('',(#6055),#6066,.F.);
#6055 = FACE_BOUND('',#6056,.F.);
#6056 = EDGE_LOOP('',(#6057,#6063,#6064,#6065));
#6057 = ORIENTED_EDGE('',*,*,#6058,.T.);
#6058 = EDGE_CURVE('',#5107,#5764,#6059,.T.);
#6059 = LINE('',#6060,#6061);
#6060 = CARTESIAN_POINT('',(1.27,1.016,0.));
#6061 = VECTOR('',#6062,1.);
#6062 = DIRECTION('',(0.,0.,1.));
#6063 = ORIENTED_EDGE('',*,*,#5771,.T.);
#6064 = ORIENTED_EDGE('',*,*,#4682,.F.);
#6065 = ORIENTED_EDGE('',*,*,#5114,.F.);
#6066 = PLANE('',#6067);
#6067 = AXIS2_PLACEMENT_3D('',#6068,#6069,#6070);
#6068 = CARTESIAN_POINT('',(1.27,1.016,0.));
#6069 = DIRECTION('',(-0.707106781187,-0.707106781187,0.));
#6070 = DIRECTION('',(-0.707106781187,0.707106781187,0.));
#6071 = ADVANCED_FACE('',(#6072),#6083,.F.);
#6072 = FACE_BOUND('',#6073,.F.);
#6073 = EDGE_LOOP('',(#6074,#6075,#6076,#6082));
#6074 = ORIENTED_EDGE('',*,*,#4722,.T.);
#6075 = ORIENTED_EDGE('',*,*,#5403,.T.);
#6076 = ORIENTED_EDGE('',*,*,#6077,.F.);
#6077 = EDGE_CURVE('',#4747,#5404,#6078,.T.);
#6078 = LINE('',#6079,#6080);
#6079 = CARTESIAN_POINT('',(-1.016,-1.27,0.));
#6080 = VECTOR('',#6081,1.);
#6081 = DIRECTION('',(0.,0.,1.));
#6082 = ORIENTED_EDGE('',*,*,#4746,.F.);
#6083 = PLANE('',#6084);
#6084 = AXIS2_PLACEMENT_3D('',#6085,#6086,#6087);
#6085 = CARTESIAN_POINT('',(-1.27,-1.016,0.));
#6086 = DIRECTION('',(0.707106781187,0.707106781187,0.));
#6087 = DIRECTION('',(0.707106781187,-0.707106781187,0.));
#6088 = ADVANCED_FACE('',(#6089),#6100,.F.);
#6089 = FACE_BOUND('',#6090,.F.);
#6090 = EDGE_LOOP('',(#6091,#6097,#6098,#6099));
#6091 = ORIENTED_EDGE('',*,*,#6092,.T.);
#6092 = EDGE_CURVE('',#5099,#5756,#6093,.T.);
#6093 = LINE('',#6094,#6095);
#6094 = CARTESIAN_POINT('',(1.27,-1.016,0.));
#6095 = VECTOR('',#6096,1.);
#6096 = DIRECTION('',(0.,0.,1.));
#6097 = ORIENTED_EDGE('',*,*,#5763,.T.);
#6098 = ORIENTED_EDGE('',*,*,#6058,.F.);
#6099 = ORIENTED_EDGE('',*,*,#5106,.F.);
#6100 = PLANE('',#6101);
#6101 = AXIS2_PLACEMENT_3D('',#6102,#6103,#6104);
#6102 = CARTESIAN_POINT('',(1.27,-1.016,0.));
#6103 = DIRECTION('',(-1.,0.,0.));
#6104 = DIRECTION('',(0.,1.,0.));
#6105 = ADVANCED_FACE('',(#6106),#6117,.F.);
#6106 = FACE_BOUND('',#6107,.F.);
#6107 = EDGE_LOOP('',(#6108,#6109,#6110,#6116));
#6108 = ORIENTED_EDGE('',*,*,#6077,.T.);
#6109 = ORIENTED_EDGE('',*,*,#5411,.T.);
#6110 = ORIENTED_EDGE('',*,*,#6111,.F.);
#6111 = EDGE_CURVE('',#4755,#5412,#6112,.T.);
#6112 = LINE('',#6113,#6114);
#6113 = CARTESIAN_POINT('',(-1.27,-1.524,0.));
#6114 = VECTOR('',#6115,1.);
#6115 = DIRECTION('',(0.,0.,1.));
#6116 = ORIENTED_EDGE('',*,*,#4754,.F.);
#6117 = PLANE('',#6118);
#6118 = AXIS2_PLACEMENT_3D('',#6119,#6120,#6121);
#6119 = CARTESIAN_POINT('',(-1.016,-1.27,0.));
#6120 = DIRECTION('',(0.707106781187,-0.707106781187,0.));
#6121 = DIRECTION('',(-0.707106781187,-0.707106781187,0.));
#6122 = ADVANCED_FACE('',(#6123),#6134,.F.);
#6123 = FACE_BOUND('',#6124,.F.);
#6124 = EDGE_LOOP('',(#6125,#6131,#6132,#6133));
#6125 = ORIENTED_EDGE('',*,*,#6126,.T.);
#6126 = EDGE_CURVE('',#5091,#5748,#6127,.T.);
#6127 = LINE('',#6128,#6129);
#6128 = CARTESIAN_POINT('',(1.016,-1.27,0.));
#6129 = VECTOR('',#6130,1.);
#6130 = DIRECTION('',(0.,0.,1.));
#6131 = ORIENTED_EDGE('',*,*,#5755,.T.);
#6132 = ORIENTED_EDGE('',*,*,#6092,.F.);
#6133 = ORIENTED_EDGE('',*,*,#5098,.F.);
#6134 = PLANE('',#6135);
#6135 = AXIS2_PLACEMENT_3D('',#6136,#6137,#6138);
#6136 = CARTESIAN_POINT('',(1.016,-1.27,0.));
#6137 = DIRECTION('',(-0.707106781187,0.707106781187,0.));
#6138 = DIRECTION('',(0.707106781187,0.707106781187,0.));
#6139 = ADVANCED_FACE('',(#6140),#6151,.F.);
#6140 = FACE_BOUND('',#6141,.F.);
#6141 = EDGE_LOOP('',(#6142,#6143,#6144,#6150));
#6142 = ORIENTED_EDGE('',*,*,#6111,.T.);
#6143 = ORIENTED_EDGE('',*,*,#5419,.T.);
#6144 = ORIENTED_EDGE('',*,*,#6145,.F.);
#6145 = EDGE_CURVE('',#4763,#5420,#6146,.T.);
#6146 = LINE('',#6147,#6148);
#6147 = CARTESIAN_POINT('',(-1.27,-3.556,0.));
#6148 = VECTOR('',#6149,1.);
#6149 = DIRECTION('',(0.,0.,1.));
#6150 = ORIENTED_EDGE('',*,*,#4762,.F.);
#6151 = PLANE('',#6152);
#6152 = AXIS2_PLACEMENT_3D('',#6153,#6154,#6155);
#6153 = CARTESIAN_POINT('',(-1.27,-1.524,0.));
#6154 = DIRECTION('',(1.,0.,0.));
#6155 = DIRECTION('',(0.,-1.,0.));
#6156 = ADVANCED_FACE('',(#6157),#6168,.F.);
#6157 = FACE_BOUND('',#6158,.F.);
#6158 = EDGE_LOOP('',(#6159,#6165,#6166,#6167));
#6159 = ORIENTED_EDGE('',*,*,#6160,.T.);
#6160 = EDGE_CURVE('',#5083,#5740,#6161,.T.);
#6161 = LINE('',#6162,#6163);
#6162 = CARTESIAN_POINT('',(1.27,-1.524,0.));
#6163 = VECTOR('',#6164,1.);
#6164 = DIRECTION('',(0.,0.,1.));
#6165 = ORIENTED_EDGE('',*,*,#5747,.T.);
#6166 = ORIENTED_EDGE('',*,*,#6126,.F.);
#6167 = ORIENTED_EDGE('',*,*,#5090,.F.);
#6168 = PLANE('',#6169);
#6169 = AXIS2_PLACEMENT_3D('',#6170,#6171,#6172);
#6170 = CARTESIAN_POINT('',(1.27,-1.524,0.));
#6171 = DIRECTION('',(-0.707106781187,-0.707106781187,0.));
#6172 = DIRECTION('',(-0.707106781187,0.707106781187,0.));
#6173 = ADVANCED_FACE('',(#6174),#6185,.F.);
#6174 = FACE_BOUND('',#6175,.F.);
#6175 = EDGE_LOOP('',(#6176,#6177,#6178,#6184));
#6176 = ORIENTED_EDGE('',*,*,#6145,.T.);
#6177 = ORIENTED_EDGE('',*,*,#5427,.T.);
#6178 = ORIENTED_EDGE('',*,*,#6179,.F.);
#6179 = EDGE_CURVE('',#4771,#5428,#6180,.T.);
#6180 = LINE('',#6181,#6182);
#6181 = CARTESIAN_POINT('',(-1.016,-3.81,0.));
#6182 = VECTOR('',#6183,1.);
#6183 = DIRECTION('',(0.,0.,1.));
#6184 = ORIENTED_EDGE('',*,*,#4770,.F.);
#6185 = PLANE('',#6186);
#6186 = AXIS2_PLACEMENT_3D('',#6187,#6188,#6189);
#6187 = CARTESIAN_POINT('',(-1.27,-3.556,0.));
#6188 = DIRECTION('',(0.707106781187,0.707106781187,0.));
#6189 = DIRECTION('',(0.707106781187,-0.707106781187,0.));
#6190 = ADVANCED_FACE('',(#6191),#6202,.F.);
#6191 = FACE_BOUND('',#6192,.F.);
#6192 = EDGE_LOOP('',(#6193,#6199,#6200,#6201));
#6193 = ORIENTED_EDGE('',*,*,#6194,.T.);
#6194 = EDGE_CURVE('',#5075,#5732,#6195,.T.);
#6195 = LINE('',#6196,#6197);
#6196 = CARTESIAN_POINT('',(1.27,-3.556,0.));
#6197 = VECTOR('',#6198,1.);
#6198 = DIRECTION('',(0.,0.,1.));
#6199 = ORIENTED_EDGE('',*,*,#5739,.T.);
#6200 = ORIENTED_EDGE('',*,*,#6160,.F.);
#6201 = ORIENTED_EDGE('',*,*,#5082,.F.);
#6202 = PLANE('',#6203);
#6203 = AXIS2_PLACEMENT_3D('',#6204,#6205,#6206);
#6204 = CARTESIAN_POINT('',(1.27,-3.556,0.));
#6205 = DIRECTION('',(-1.,0.,0.));
#6206 = DIRECTION('',(0.,1.,0.));
#6207 = ADVANCED_FACE('',(#6208),#6219,.F.);
#6208 = FACE_BOUND('',#6209,.F.);
#6209 = EDGE_LOOP('',(#6210,#6211,#6212,#6218));
#6210 = ORIENTED_EDGE('',*,*,#6179,.T.);
#6211 = ORIENTED_EDGE('',*,*,#5435,.T.);
#6212 = ORIENTED_EDGE('',*,*,#6213,.F.);
#6213 = EDGE_CURVE('',#4779,#5436,#6214,.T.);
#6214 = LINE('',#6215,#6216);
#6215 = CARTESIAN_POINT('',(-1.27,-4.064,0.));
#6216 = VECTOR('',#6217,1.);
#6217 = DIRECTION('',(0.,0.,1.));
#6218 = ORIENTED_EDGE('',*,*,#4778,.F.);
#6219 = PLANE('',#6220);
#6220 = AXIS2_PLACEMENT_3D('',#6221,#6222,#6223);
#6221 = CARTESIAN_POINT('',(-1.016,-3.81,0.));
#6222 = DIRECTION('',(0.707106781187,-0.707106781187,0.));
#6223 = DIRECTION('',(-0.707106781187,-0.707106781187,0.));
#6224 = ADVANCED_FACE('',(#6225),#6236,.F.);
#6225 = FACE_BOUND('',#6226,.F.);
#6226 = EDGE_LOOP('',(#6227,#6233,#6234,#6235));
#6227 = ORIENTED_EDGE('',*,*,#6228,.T.);
#6228 = EDGE_CURVE('',#5067,#5724,#6229,.T.);
#6229 = LINE('',#6230,#6231);
#6230 = CARTESIAN_POINT('',(1.016,-3.81,0.));
#6231 = VECTOR('',#6232,1.);
#6232 = DIRECTION('',(0.,0.,1.));
#6233 = ORIENTED_EDGE('',*,*,#5731,.T.);
#6234 = ORIENTED_EDGE('',*,*,#6194,.F.);
#6235 = ORIENTED_EDGE('',*,*,#5074,.F.);
#6236 = PLANE('',#6237);
#6237 = AXIS2_PLACEMENT_3D('',#6238,#6239,#6240);
#6238 = CARTESIAN_POINT('',(1.016,-3.81,0.));
#6239 = DIRECTION('',(-0.707106781187,0.707106781187,0.));
#6240 = DIRECTION('',(0.707106781187,0.707106781187,0.));
#6241 = ADVANCED_FACE('',(#6242),#6253,.F.);
#6242 = FACE_BOUND('',#6243,.F.);
#6243 = EDGE_LOOP('',(#6244,#6245,#6246,#6252));
#6244 = ORIENTED_EDGE('',*,*,#6213,.T.);
#6245 = ORIENTED_EDGE('',*,*,#5443,.T.);
#6246 = ORIENTED_EDGE('',*,*,#6247,.F.);
#6247 = EDGE_CURVE('',#4787,#5444,#6248,.T.);
#6248 = LINE('',#6249,#6250);
#6249 = CARTESIAN_POINT('',(-1.27,-6.096,0.));
#6250 = VECTOR('',#6251,1.);
#6251 = DIRECTION('',(0.,0.,1.));
#6252 = ORIENTED_EDGE('',*,*,#4786,.F.);
#6253 = PLANE('',#6254);
#6254 = AXIS2_PLACEMENT_3D('',#6255,#6256,#6257);
#6255 = CARTESIAN_POINT('',(-1.27,-4.064,0.));
#6256 = DIRECTION('',(1.,0.,0.));
#6257 = DIRECTION('',(0.,-1.,0.));
#6258 = ADVANCED_FACE('',(#6259),#6270,.F.);
#6259 = FACE_BOUND('',#6260,.F.);
#6260 = EDGE_LOOP('',(#6261,#6267,#6268,#6269));
#6261 = ORIENTED_EDGE('',*,*,#6262,.T.);
#6262 = EDGE_CURVE('',#5059,#5716,#6263,.T.);
#6263 = LINE('',#6264,#6265);
#6264 = CARTESIAN_POINT('',(1.27,-4.064,0.));
#6265 = VECTOR('',#6266,1.);
#6266 = DIRECTION('',(0.,0.,1.));
#6267 = ORIENTED_EDGE('',*,*,#5723,.T.);
#6268 = ORIENTED_EDGE('',*,*,#6228,.F.);
#6269 = ORIENTED_EDGE('',*,*,#5066,.F.);
#6270 = PLANE('',#6271);
#6271 = AXIS2_PLACEMENT_3D('',#6272,#6273,#6274);
#6272 = CARTESIAN_POINT('',(1.27,-4.064,0.));
#6273 = DIRECTION('',(-0.707106781187,-0.707106781187,0.));
#6274 = DIRECTION('',(-0.707106781187,0.707106781187,0.));
#6275 = ADVANCED_FACE('',(#6276),#6287,.F.);
#6276 = FACE_BOUND('',#6277,.F.);
#6277 = EDGE_LOOP('',(#6278,#6279,#6280,#6286));
#6278 = ORIENTED_EDGE('',*,*,#6247,.T.);
#6279 = ORIENTED_EDGE('',*,*,#5451,.T.);
#6280 = ORIENTED_EDGE('',*,*,#6281,.F.);
#6281 = EDGE_CURVE('',#4795,#5452,#6282,.T.);
#6282 = LINE('',#6283,#6284);
#6283 = CARTESIAN_POINT('',(-1.016,-6.35,0.));
#6284 = VECTOR('',#6285,1.);
#6285 = DIRECTION('',(0.,0.,1.));
#6286 = ORIENTED_EDGE('',*,*,#4794,.F.);
#6287 = PLANE('',#6288);
#6288 = AXIS2_PLACEMENT_3D('',#6289,#6290,#6291);
#6289 = CARTESIAN_POINT('',(-1.27,-6.096,0.));
#6290 = DIRECTION('',(0.707106781187,0.707106781187,0.));
#6291 = DIRECTION('',(0.707106781187,-0.707106781187,0.));
#6292 = ADVANCED_FACE('',(#6293),#6304,.F.);
#6293 = FACE_BOUND('',#6294,.F.);
#6294 = EDGE_LOOP('',(#6295,#6301,#6302,#6303));
#6295 = ORIENTED_EDGE('',*,*,#6296,.T.);
#6296 = EDGE_CURVE('',#5051,#5708,#6297,.T.);
#6297 = LINE('',#6298,#6299);
#6298 = CARTESIAN_POINT('',(1.27,-6.096,0.));
#6299 = VECTOR('',#6300,1.);
#6300 = DIRECTION('',(0.,0.,1.));
#6301 = ORIENTED_EDGE('',*,*,#5715,.T.);
#6302 = ORIENTED_EDGE('',*,*,#6262,.F.);
#6303 = ORIENTED_EDGE('',*,*,#5058,.F.);
#6304 = PLANE('',#6305);
#6305 = AXIS2_PLACEMENT_3D('',#6306,#6307,#6308);
#6306 = CARTESIAN_POINT('',(1.27,-6.096,0.));
#6307 = DIRECTION('',(-1.,0.,0.));
#6308 = DIRECTION('',(0.,1.,0.));
#6309 = ADVANCED_FACE('',(#6310),#6321,.F.);
#6310 = FACE_BOUND('',#6311,.F.);
#6311 = EDGE_LOOP('',(#6312,#6313,#6314,#6320));
#6312 = ORIENTED_EDGE('',*,*,#6281,.T.);
#6313 = ORIENTED_EDGE('',*,*,#5459,.T.);
#6314 = ORIENTED_EDGE('',*,*,#6315,.F.);
#6315 = EDGE_CURVE('',#4803,#5460,#6316,.T.);
#6316 = LINE('',#6317,#6318);
#6317 = CARTESIAN_POINT('',(-1.27,-6.604,0.));
#6318 = VECTOR('',#6319,1.);
#6319 = DIRECTION('',(0.,0.,1.));
#6320 = ORIENTED_EDGE('',*,*,#4802,.F.);
#6321 = PLANE('',#6322);
#6322 = AXIS2_PLACEMENT_3D('',#6323,#6324,#6325);
#6323 = CARTESIAN_POINT('',(-1.016,-6.35,0.));
#6324 = DIRECTION('',(0.707106781187,-0.707106781187,0.));
#6325 = DIRECTION('',(-0.707106781187,-0.707106781187,0.));
#6326 = ADVANCED_FACE('',(#6327),#6338,.F.);
#6327 = FACE_BOUND('',#6328,.F.);
#6328 = EDGE_LOOP('',(#6329,#6335,#6336,#6337));
#6329 = ORIENTED_EDGE('',*,*,#6330,.T.);
#6330 = EDGE_CURVE('',#5043,#5700,#6331,.T.);
#6331 = LINE('',#6332,#6333);
#6332 = CARTESIAN_POINT('',(1.016,-6.35,0.));
#6333 = VECTOR('',#6334,1.);
#6334 = DIRECTION('',(0.,0.,1.));
#6335 = ORIENTED_EDGE('',*,*,#5707,.T.);
#6336 = ORIENTED_EDGE('',*,*,#6296,.F.);
#6337 = ORIENTED_EDGE('',*,*,#5050,.F.);
#6338 = PLANE('',#6339);
#6339 = AXIS2_PLACEMENT_3D('',#6340,#6341,#6342);
#6340 = CARTESIAN_POINT('',(1.016,-6.35,0.));
#6341 = DIRECTION('',(-0.707106781187,0.707106781187,0.));
#6342 = DIRECTION('',(0.707106781187,0.707106781187,0.));
#6343 = ADVANCED_FACE('',(#6344),#6355,.F.);
#6344 = FACE_BOUND('',#6345,.F.);
#6345 = EDGE_LOOP('',(#6346,#6347,#6348,#6354));
#6346 = ORIENTED_EDGE('',*,*,#6315,.T.);
#6347 = ORIENTED_EDGE('',*,*,#5467,.T.);
#6348 = ORIENTED_EDGE('',*,*,#6349,.F.);
#6349 = EDGE_CURVE('',#4811,#5468,#6350,.T.);
#6350 = LINE('',#6351,#6352);
#6351 = CARTESIAN_POINT('',(-1.27,-8.636,0.));
#6352 = VECTOR('',#6353,1.);
#6353 = DIRECTION('',(0.,0.,1.));
#6354 = ORIENTED_EDGE('',*,*,#4810,.F.);
#6355 = PLANE('',#6356);
#6356 = AXIS2_PLACEMENT_3D('',#6357,#6358,#6359);
#6357 = CARTESIAN_POINT('',(-1.27,-6.604,0.));
#6358 = DIRECTION('',(1.,0.,0.));
#6359 = DIRECTION('',(0.,-1.,0.));
#6360 = ADVANCED_FACE('',(#6361),#6372,.F.);
#6361 = FACE_BOUND('',#6362,.F.);
#6362 = EDGE_LOOP('',(#6363,#6369,#6370,#6371));
#6363 = ORIENTED_EDGE('',*,*,#6364,.T.);
#6364 = EDGE_CURVE('',#5035,#5692,#6365,.T.);
#6365 = LINE('',#6366,#6367);
#6366 = CARTESIAN_POINT('',(1.27,-6.604,0.));
#6367 = VECTOR('',#6368,1.);
#6368 = DIRECTION('',(0.,0.,1.));
#6369 = ORIENTED_EDGE('',*,*,#5699,.T.);
#6370 = ORIENTED_EDGE('',*,*,#6330,.F.);
#6371 = ORIENTED_EDGE('',*,*,#5042,.F.);
#6372 = PLANE('',#6373);
#6373 = AXIS2_PLACEMENT_3D('',#6374,#6375,#6376);
#6374 = CARTESIAN_POINT('',(1.27,-6.604,0.));
#6375 = DIRECTION('',(-0.707106781187,-0.707106781187,0.));
#6376 = DIRECTION('',(-0.707106781187,0.707106781187,0.));
#6377 = ADVANCED_FACE('',(#6378),#6389,.F.);
#6378 = FACE_BOUND('',#6379,.F.);
#6379 = EDGE_LOOP('',(#6380,#6381,#6382,#6388));
#6380 = ORIENTED_EDGE('',*,*,#6349,.T.);
#6381 = ORIENTED_EDGE('',*,*,#5475,.T.);
#6382 = ORIENTED_EDGE('',*,*,#6383,.F.);
#6383 = EDGE_CURVE('',#4819,#5476,#6384,.T.);
#6384 = LINE('',#6385,#6386);
#6385 = CARTESIAN_POINT('',(-1.016,-8.89,0.));
#6386 = VECTOR('',#6387,1.);
#6387 = DIRECTION('',(0.,0.,1.));
#6388 = ORIENTED_EDGE('',*,*,#4818,.F.);
#6389 = PLANE('',#6390);
#6390 = AXIS2_PLACEMENT_3D('',#6391,#6392,#6393);
#6391 = CARTESIAN_POINT('',(-1.27,-8.636,0.));
#6392 = DIRECTION('',(0.707106781187,0.707106781187,0.));
#6393 = DIRECTION('',(0.707106781187,-0.707106781187,0.));
#6394 = ADVANCED_FACE('',(#6395),#6406,.F.);
#6395 = FACE_BOUND('',#6396,.F.);
#6396 = EDGE_LOOP('',(#6397,#6403,#6404,#6405));
#6397 = ORIENTED_EDGE('',*,*,#6398,.T.);
#6398 = EDGE_CURVE('',#5027,#5684,#6399,.T.);
#6399 = LINE('',#6400,#6401);
#6400 = CARTESIAN_POINT('',(1.27,-8.636,0.));
#6401 = VECTOR('',#6402,1.);
#6402 = DIRECTION('',(0.,0.,1.));
#6403 = ORIENTED_EDGE('',*,*,#5691,.T.);
#6404 = ORIENTED_EDGE('',*,*,#6364,.F.);
#6405 = ORIENTED_EDGE('',*,*,#5034,.F.);
#6406 = PLANE('',#6407);
#6407 = AXIS2_PLACEMENT_3D('',#6408,#6409,#6410);
#6408 = CARTESIAN_POINT('',(1.27,-8.636,0.));
#6409 = DIRECTION('',(-1.,0.,0.));
#6410 = DIRECTION('',(0.,1.,0.));
#6411 = ADVANCED_FACE('',(#6412),#6423,.F.);
#6412 = FACE_BOUND('',#6413,.F.);
#6413 = EDGE_LOOP('',(#6414,#6415,#6416,#6422));
#6414 = ORIENTED_EDGE('',*,*,#6383,.T.);
#6415 = ORIENTED_EDGE('',*,*,#5483,.T.);
#6416 = ORIENTED_EDGE('',*,*,#6417,.F.);
#6417 = EDGE_CURVE('',#4827,#5484,#6418,.T.);
#6418 = LINE('',#6419,#6420);
#6419 = CARTESIAN_POINT('',(-1.27,-9.144,0.));
#6420 = VECTOR('',#6421,1.);
#6421 = DIRECTION('',(0.,0.,1.));
#6422 = ORIENTED_EDGE('',*,*,#4826,.F.);
#6423 = PLANE('',#6424);
#6424 = AXIS2_PLACEMENT_3D('',#6425,#6426,#6427);
#6425 = CARTESIAN_POINT('',(-1.016,-8.89,0.));
#6426 = DIRECTION('',(0.707106781187,-0.707106781187,0.));
#6427 = DIRECTION('',(-0.707106781187,-0.707106781187,0.));
#6428 = ADVANCED_FACE('',(#6429),#6440,.F.);
#6429 = FACE_BOUND('',#6430,.F.);
#6430 = EDGE_LOOP('',(#6431,#6437,#6438,#6439));
#6431 = ORIENTED_EDGE('',*,*,#6432,.T.);
#6432 = EDGE_CURVE('',#5019,#5676,#6433,.T.);
#6433 = LINE('',#6434,#6435);
#6434 = CARTESIAN_POINT('',(1.016,-8.89,0.));
#6435 = VECTOR('',#6436,1.);
#6436 = DIRECTION('',(0.,0.,1.));
#6437 = ORIENTED_EDGE('',*,*,#5683,.T.);
#6438 = ORIENTED_EDGE('',*,*,#6398,.F.);
#6439 = ORIENTED_EDGE('',*,*,#5026,.F.);
#6440 = PLANE('',#6441);
#6441 = AXIS2_PLACEMENT_3D('',#6442,#6443,#6444);
#6442 = CARTESIAN_POINT('',(1.016,-8.89,0.));
#6443 = DIRECTION('',(-0.707106781187,0.707106781187,0.));
#6444 = DIRECTION('',(0.707106781187,0.707106781187,0.));
#6445 = ADVANCED_FACE('',(#6446),#6457,.F.);
#6446 = FACE_BOUND('',#6447,.F.);
#6447 = EDGE_LOOP('',(#6448,#6449,#6450,#6456));
#6448 = ORIENTED_EDGE('',*,*,#6417,.T.);
#6449 = ORIENTED_EDGE('',*,*,#5491,.T.);
#6450 = ORIENTED_EDGE('',*,*,#6451,.F.);
#6451 = EDGE_CURVE('',#4835,#5492,#6452,.T.);
#6452 = LINE('',#6453,#6454);
#6453 = CARTESIAN_POINT('',(-1.27,-11.176,0.));
#6454 = VECTOR('',#6455,1.);
#6455 = DIRECTION('',(0.,0.,1.));
#6456 = ORIENTED_EDGE('',*,*,#4834,.F.);
#6457 = PLANE('',#6458);
#6458 = AXIS2_PLACEMENT_3D('',#6459,#6460,#6461);
#6459 = CARTESIAN_POINT('',(-1.27,-9.144,0.));
#6460 = DIRECTION('',(1.,0.,0.));
#6461 = DIRECTION('',(0.,-1.,0.));
#6462 = ADVANCED_FACE('',(#6463),#6474,.F.);
#6463 = FACE_BOUND('',#6464,.F.);
#6464 = EDGE_LOOP('',(#6465,#6471,#6472,#6473));
#6465 = ORIENTED_EDGE('',*,*,#6466,.T.);
#6466 = EDGE_CURVE('',#5011,#5668,#6467,.T.);
#6467 = LINE('',#6468,#6469);
#6468 = CARTESIAN_POINT('',(1.27,-9.144,0.));
#6469 = VECTOR('',#6470,1.);
#6470 = DIRECTION('',(0.,0.,1.));
#6471 = ORIENTED_EDGE('',*,*,#5675,.T.);
#6472 = ORIENTED_EDGE('',*,*,#6432,.F.);
#6473 = ORIENTED_EDGE('',*,*,#5018,.F.);
#6474 = PLANE('',#6475);
#6475 = AXIS2_PLACEMENT_3D('',#6476,#6477,#6478);
#6476 = CARTESIAN_POINT('',(1.27,-9.144,0.));
#6477 = DIRECTION('',(-0.707106781187,-0.707106781187,0.));
#6478 = DIRECTION('',(-0.707106781187,0.707106781187,0.));
#6479 = ADVANCED_FACE('',(#6480),#6491,.F.);
#6480 = FACE_BOUND('',#6481,.F.);
#6481 = EDGE_LOOP('',(#6482,#6483,#6484,#6490));
#6482 = ORIENTED_EDGE('',*,*,#6451,.T.);
#6483 = ORIENTED_EDGE('',*,*,#5499,.T.);
#6484 = ORIENTED_EDGE('',*,*,#6485,.F.);
#6485 = EDGE_CURVE('',#4843,#5500,#6486,.T.);
#6486 = LINE('',#6487,#6488);
#6487 = CARTESIAN_POINT('',(-1.016,-11.43,0.));
#6488 = VECTOR('',#6489,1.);
#6489 = DIRECTION('',(0.,0.,1.));
#6490 = ORIENTED_EDGE('',*,*,#4842,.F.);
#6491 = PLANE('',#6492);
#6492 = AXIS2_PLACEMENT_3D('',#6493,#6494,#6495);
#6493 = CARTESIAN_POINT('',(-1.27,-11.176,0.));
#6494 = DIRECTION('',(0.707106781187,0.707106781187,0.));
#6495 = DIRECTION('',(0.707106781187,-0.707106781187,0.));
#6496 = ADVANCED_FACE('',(#6497),#6508,.F.);
#6497 = FACE_BOUND('',#6498,.F.);
#6498 = EDGE_LOOP('',(#6499,#6505,#6506,#6507));
#6499 = ORIENTED_EDGE('',*,*,#6500,.T.);
#6500 = EDGE_CURVE('',#5003,#5660,#6501,.T.);
#6501 = LINE('',#6502,#6503);
#6502 = CARTESIAN_POINT('',(1.27,-11.176,0.));
#6503 = VECTOR('',#6504,1.);
#6504 = DIRECTION('',(0.,0.,1.));
#6505 = ORIENTED_EDGE('',*,*,#5667,.T.);
#6506 = ORIENTED_EDGE('',*,*,#6466,.F.);
#6507 = ORIENTED_EDGE('',*,*,#5010,.F.);
#6508 = PLANE('',#6509);
#6509 = AXIS2_PLACEMENT_3D('',#6510,#6511,#6512);
#6510 = CARTESIAN_POINT('',(1.27,-11.176,0.));
#6511 = DIRECTION('',(-1.,0.,0.));
#6512 = DIRECTION('',(0.,1.,0.));
#6513 = ADVANCED_FACE('',(#6514),#6525,.F.);
#6514 = FACE_BOUND('',#6515,.F.);
#6515 = EDGE_LOOP('',(#6516,#6517,#6518,#6524));
#6516 = ORIENTED_EDGE('',*,*,#6485,.T.);
#6517 = ORIENTED_EDGE('',*,*,#5507,.T.);
#6518 = ORIENTED_EDGE('',*,*,#6519,.F.);
#6519 = EDGE_CURVE('',#4851,#5508,#6520,.T.);
#6520 = LINE('',#6521,#6522);
#6521 = CARTESIAN_POINT('',(-1.27,-11.684,0.));
#6522 = VECTOR('',#6523,1.);
#6523 = DIRECTION('',(0.,0.,1.));
#6524 = ORIENTED_EDGE('',*,*,#4850,.F.);
#6525 = PLANE('',#6526);
#6526 = AXIS2_PLACEMENT_3D('',#6527,#6528,#6529);
#6527 = CARTESIAN_POINT('',(-1.016,-11.43,0.));
#6528 = DIRECTION('',(0.707106781187,-0.707106781187,0.));
#6529 = DIRECTION('',(-0.707106781187,-0.707106781187,0.));
#6530 = ADVANCED_FACE('',(#6531),#6542,.F.);
#6531 = FACE_BOUND('',#6532,.F.);
#6532 = EDGE_LOOP('',(#6533,#6539,#6540,#6541));
#6533 = ORIENTED_EDGE('',*,*,#6534,.T.);
#6534 = EDGE_CURVE('',#4995,#5652,#6535,.T.);
#6535 = LINE('',#6536,#6537);
#6536 = CARTESIAN_POINT('',(1.016,-11.43,0.));
#6537 = VECTOR('',#6538,1.);
#6538 = DIRECTION('',(0.,0.,1.));
#6539 = ORIENTED_EDGE('',*,*,#5659,.T.);
#6540 = ORIENTED_EDGE('',*,*,#6500,.F.);
#6541 = ORIENTED_EDGE('',*,*,#5002,.F.);
#6542 = PLANE('',#6543);
#6543 = AXIS2_PLACEMENT_3D('',#6544,#6545,#6546);
#6544 = CARTESIAN_POINT('',(1.016,-11.43,0.));
#6545 = DIRECTION('',(-0.707106781187,0.707106781187,0.));
#6546 = DIRECTION('',(0.707106781187,0.707106781187,0.));
#6547 = ADVANCED_FACE('',(#6548),#6559,.F.);
#6548 = FACE_BOUND('',#6549,.F.);
#6549 = EDGE_LOOP('',(#6550,#6551,#6552,#6558));
#6550 = ORIENTED_EDGE('',*,*,#6519,.T.);
#6551 = ORIENTED_EDGE('',*,*,#5515,.T.);
#6552 = ORIENTED_EDGE('',*,*,#6553,.F.);
#6553 = EDGE_CURVE('',#4859,#5516,#6554,.T.);
#6554 = LINE('',#6555,#6556);
#6555 = CARTESIAN_POINT('',(-1.27,-13.716,0.));
#6556 = VECTOR('',#6557,1.);
#6557 = DIRECTION('',(0.,0.,1.));
#6558 = ORIENTED_EDGE('',*,*,#4858,.F.);
#6559 = PLANE('',#6560);
#6560 = AXIS2_PLACEMENT_3D('',#6561,#6562,#6563);
#6561 = CARTESIAN_POINT('',(-1.27,-11.684,0.));
#6562 = DIRECTION('',(1.,0.,0.));
#6563 = DIRECTION('',(0.,-1.,0.));
#6564 = ADVANCED_FACE('',(#6565),#6576,.F.);
#6565 = FACE_BOUND('',#6566,.F.);
#6566 = EDGE_LOOP('',(#6567,#6573,#6574,#6575));
#6567 = ORIENTED_EDGE('',*,*,#6568,.T.);
#6568 = EDGE_CURVE('',#4987,#5644,#6569,.T.);
#6569 = LINE('',#6570,#6571);
#6570 = CARTESIAN_POINT('',(1.27,-11.684,0.));
#6571 = VECTOR('',#6572,1.);
#6572 = DIRECTION('',(0.,0.,1.));
#6573 = ORIENTED_EDGE('',*,*,#5651,.T.);
#6574 = ORIENTED_EDGE('',*,*,#6534,.F.);
#6575 = ORIENTED_EDGE('',*,*,#4994,.F.);
#6576 = PLANE('',#6577);
#6577 = AXIS2_PLACEMENT_3D('',#6578,#6579,#6580);
#6578 = CARTESIAN_POINT('',(1.27,-11.684,0.));
#6579 = DIRECTION('',(-0.707106781187,-0.707106781187,0.));
#6580 = DIRECTION('',(-0.707106781187,0.707106781187,0.));
#6581 = ADVANCED_FACE('',(#6582),#6593,.F.);
#6582 = FACE_BOUND('',#6583,.F.);
#6583 = EDGE_LOOP('',(#6584,#6585,#6586,#6592));
#6584 = ORIENTED_EDGE('',*,*,#6553,.T.);
#6585 = ORIENTED_EDGE('',*,*,#5523,.T.);
#6586 = ORIENTED_EDGE('',*,*,#6587,.F.);
#6587 = EDGE_CURVE('',#4867,#5524,#6588,.T.);
#6588 = LINE('',#6589,#6590);
#6589 = CARTESIAN_POINT('',(-1.016,-13.97,0.));
#6590 = VECTOR('',#6591,1.);
#6591 = DIRECTION('',(0.,0.,1.));
#6592 = ORIENTED_EDGE('',*,*,#4866,.F.);
#6593 = PLANE('',#6594);
#6594 = AXIS2_PLACEMENT_3D('',#6595,#6596,#6597);
#6595 = CARTESIAN_POINT('',(-1.27,-13.716,0.));
#6596 = DIRECTION('',(0.707106781187,0.707106781187,0.));
#6597 = DIRECTION('',(0.707106781187,-0.707106781187,0.));
#6598 = ADVANCED_FACE('',(#6599),#6610,.F.);
#6599 = FACE_BOUND('',#6600,.F.);
#6600 = EDGE_LOOP('',(#6601,#6607,#6608,#6609));
#6601 = ORIENTED_EDGE('',*,*,#6602,.T.);
#6602 = EDGE_CURVE('',#4979,#5636,#6603,.T.);
#6603 = LINE('',#6604,#6605);
#6604 = CARTESIAN_POINT('',(1.27,-13.716,0.));
#6605 = VECTOR('',#6606,1.);
#6606 = DIRECTION('',(0.,0.,1.));
#6607 = ORIENTED_EDGE('',*,*,#5643,.T.);
#6608 = ORIENTED_EDGE('',*,*,#6568,.F.);
#6609 = ORIENTED_EDGE('',*,*,#4986,.F.);
#6610 = PLANE('',#6611);
#6611 = AXIS2_PLACEMENT_3D('',#6612,#6613,#6614);
#6612 = CARTESIAN_POINT('',(1.27,-13.716,0.));
#6613 = DIRECTION('',(-1.,0.,0.));
#6614 = DIRECTION('',(0.,1.,0.));
#6615 = ADVANCED_FACE('',(#6616),#6627,.F.);
#6616 = FACE_BOUND('',#6617,.F.);
#6617 = EDGE_LOOP('',(#6618,#6619,#6620,#6626));
#6618 = ORIENTED_EDGE('',*,*,#6587,.T.);
#6619 = ORIENTED_EDGE('',*,*,#5531,.T.);
#6620 = ORIENTED_EDGE('',*,*,#6621,.F.);
#6621 = EDGE_CURVE('',#4875,#5532,#6622,.T.);
#6622 = LINE('',#6623,#6624);
#6623 = CARTESIAN_POINT('',(-1.27,-14.224,0.));
#6624 = VECTOR('',#6625,1.);
#6625 = DIRECTION('',(0.,0.,1.));
#6626 = ORIENTED_EDGE('',*,*,#4874,.F.);
#6627 = PLANE('',#6628);
#6628 = AXIS2_PLACEMENT_3D('',#6629,#6630,#6631);
#6629 = CARTESIAN_POINT('',(-1.016,-13.97,0.));
#6630 = DIRECTION('',(0.707106781187,-0.707106781187,0.));
#6631 = DIRECTION('',(-0.707106781187,-0.707106781187,0.));
#6632 = ADVANCED_FACE('',(#6633),#6644,.F.);
#6633 = FACE_BOUND('',#6634,.F.);
#6634 = EDGE_LOOP('',(#6635,#6641,#6642,#6643));
#6635 = ORIENTED_EDGE('',*,*,#6636,.T.);
#6636 = EDGE_CURVE('',#4971,#5628,#6637,.T.);
#6637 = LINE('',#6638,#6639);
#6638 = CARTESIAN_POINT('',(1.016,-13.97,0.));
#6639 = VECTOR('',#6640,1.);
#6640 = DIRECTION('',(0.,0.,1.));
#6641 = ORIENTED_EDGE('',*,*,#5635,.T.);
#6642 = ORIENTED_EDGE('',*,*,#6602,.F.);
#6643 = ORIENTED_EDGE('',*,*,#4978,.F.);
#6644 = PLANE('',#6645);
#6645 = AXIS2_PLACEMENT_3D('',#6646,#6647,#6648);
#6646 = CARTESIAN_POINT('',(1.016,-13.97,0.));
#6647 = DIRECTION('',(-0.707106781187,0.707106781187,0.));
#6648 = DIRECTION('',(0.707106781187,0.707106781187,0.));
#6649 = ADVANCED_FACE('',(#6650),#6661,.F.);
#6650 = FACE_BOUND('',#6651,.F.);
#6651 = EDGE_LOOP('',(#6652,#6653,#6654,#6660));
#6652 = ORIENTED_EDGE('',*,*,#6621,.T.);
#6653 = ORIENTED_EDGE('',*,*,#5539,.T.);
#6654 = ORIENTED_EDGE('',*,*,#6655,.F.);
#6655 = EDGE_CURVE('',#4883,#5540,#6656,.T.);
#6656 = LINE('',#6657,#6658);
#6657 = CARTESIAN_POINT('',(-1.27,-16.256,0.));
#6658 = VECTOR('',#6659,1.);
#6659 = DIRECTION('',(0.,0.,1.));
#6660 = ORIENTED_EDGE('',*,*,#4882,.F.);
#6661 = PLANE('',#6662);
#6662 = AXIS2_PLACEMENT_3D('',#6663,#6664,#6665);
#6663 = CARTESIAN_POINT('',(-1.27,-14.224,0.));
#6664 = DIRECTION('',(1.,0.,0.));
#6665 = DIRECTION('',(0.,-1.,0.));
#6666 = ADVANCED_FACE('',(#6667),#6678,.F.);
#6667 = FACE_BOUND('',#6668,.F.);
#6668 = EDGE_LOOP('',(#6669,#6675,#6676,#6677));
#6669 = ORIENTED_EDGE('',*,*,#6670,.T.);
#6670 = EDGE_CURVE('',#4963,#5620,#6671,.T.);
#6671 = LINE('',#6672,#6673);
#6672 = CARTESIAN_POINT('',(1.27,-14.224,0.));
#6673 = VECTOR('',#6674,1.);
#6674 = DIRECTION('',(0.,0.,1.));
#6675 = ORIENTED_EDGE('',*,*,#5627,.T.);
#6676 = ORIENTED_EDGE('',*,*,#6636,.F.);
#6677 = ORIENTED_EDGE('',*,*,#4970,.F.);
#6678 = PLANE('',#6679);
#6679 = AXIS2_PLACEMENT_3D('',#6680,#6681,#6682);
#6680 = CARTESIAN_POINT('',(1.27,-14.224,0.));
#6681 = DIRECTION('',(-0.707106781187,-0.707106781187,0.));
#6682 = DIRECTION('',(-0.707106781187,0.707106781187,0.));
#6683 = ADVANCED_FACE('',(#6684),#6695,.F.);
#6684 = FACE_BOUND('',#6685,.F.);
#6685 = EDGE_LOOP('',(#6686,#6687,#6688,#6694));
#6686 = ORIENTED_EDGE('',*,*,#6655,.T.);
#6687 = ORIENTED_EDGE('',*,*,#5547,.T.);
#6688 = ORIENTED_EDGE('',*,*,#6689,.F.);
#6689 = EDGE_CURVE('',#4891,#5548,#6690,.T.);
#6690 = LINE('',#6691,#6692);
#6691 = CARTESIAN_POINT('',(-1.016,-16.51,0.));
#6692 = VECTOR('',#6693,1.);
#6693 = DIRECTION('',(0.,0.,1.));
#6694 = ORIENTED_EDGE('',*,*,#4890,.F.);
#6695 = PLANE('',#6696);
#6696 = AXIS2_PLACEMENT_3D('',#6697,#6698,#6699);
#6697 = CARTESIAN_POINT('',(-1.27,-16.256,0.));
#6698 = DIRECTION('',(0.707106781187,0.707106781187,0.));
#6699 = DIRECTION('',(0.707106781187,-0.707106781187,0.));
#6700 = ADVANCED_FACE('',(#6701),#6712,.F.);
#6701 = FACE_BOUND('',#6702,.F.);
#6702 = EDGE_LOOP('',(#6703,#6709,#6710,#6711));
#6703 = ORIENTED_EDGE('',*,*,#6704,.T.);
#6704 = EDGE_CURVE('',#4955,#5612,#6705,.T.);
#6705 = LINE('',#6706,#6707);
#6706 = CARTESIAN_POINT('',(1.27,-16.256,0.));
#6707 = VECTOR('',#6708,1.);
#6708 = DIRECTION('',(0.,0.,1.));
#6709 = ORIENTED_EDGE('',*,*,#5619,.T.);
#6710 = ORIENTED_EDGE('',*,*,#6670,.F.);
#6711 = ORIENTED_EDGE('',*,*,#4962,.F.);
#6712 = PLANE('',#6713);
#6713 = AXIS2_PLACEMENT_3D('',#6714,#6715,#6716);
#6714 = CARTESIAN_POINT('',(1.27,-16.256,0.));
#6715 = DIRECTION('',(-1.,0.,0.));
#6716 = DIRECTION('',(0.,1.,0.));
#6717 = ADVANCED_FACE('',(#6718),#6729,.F.);
#6718 = FACE_BOUND('',#6719,.F.);
#6719 = EDGE_LOOP('',(#6720,#6721,#6722,#6728));
#6720 = ORIENTED_EDGE('',*,*,#6689,.T.);
#6721 = ORIENTED_EDGE('',*,*,#5555,.T.);
#6722 = ORIENTED_EDGE('',*,*,#6723,.F.);
#6723 = EDGE_CURVE('',#4899,#5556,#6724,.T.);
#6724 = LINE('',#6725,#6726);
#6725 = CARTESIAN_POINT('',(-1.27,-16.764,0.));
#6726 = VECTOR('',#6727,1.);
#6727 = DIRECTION('',(0.,0.,1.));
#6728 = ORIENTED_EDGE('',*,*,#4898,.F.);
#6729 = PLANE('',#6730);
#6730 = AXIS2_PLACEMENT_3D('',#6731,#6732,#6733);
#6731 = CARTESIAN_POINT('',(-1.016,-16.51,0.));
#6732 = DIRECTION('',(0.707106781187,-0.707106781187,0.));
#6733 = DIRECTION('',(-0.707106781187,-0.707106781187,0.));
#6734 = ADVANCED_FACE('',(#6735),#6746,.F.);
#6735 = FACE_BOUND('',#6736,.F.);
#6736 = EDGE_LOOP('',(#6737,#6743,#6744,#6745));
#6737 = ORIENTED_EDGE('',*,*,#6738,.T.);
#6738 = EDGE_CURVE('',#4947,#5604,#6739,.T.);
#6739 = LINE('',#6740,#6741);
#6740 = CARTESIAN_POINT('',(1.016,-16.51,0.));
#6741 = VECTOR('',#6742,1.);
#6742 = DIRECTION('',(0.,0.,1.));
#6743 = ORIENTED_EDGE('',*,*,#5611,.T.);
#6744 = ORIENTED_EDGE('',*,*,#6704,.F.);
#6745 = ORIENTED_EDGE('',*,*,#4954,.F.);
#6746 = PLANE('',#6747);
#6747 = AXIS2_PLACEMENT_3D('',#6748,#6749,#6750);
#6748 = CARTESIAN_POINT('',(1.016,-16.51,0.));
#6749 = DIRECTION('',(-0.707106781187,0.707106781187,0.));
#6750 = DIRECTION('',(0.707106781187,0.707106781187,0.));
#6751 = ADVANCED_FACE('',(#6752),#6763,.F.);
#6752 = FACE_BOUND('',#6753,.F.);
#6753 = EDGE_LOOP('',(#6754,#6755,#6756,#6762));
#6754 = ORIENTED_EDGE('',*,*,#6723,.T.);
#6755 = ORIENTED_EDGE('',*,*,#5563,.T.);
#6756 = ORIENTED_EDGE('',*,*,#6757,.F.);
#6757 = EDGE_CURVE('',#4907,#5564,#6758,.T.);
#6758 = LINE('',#6759,#6760);
#6759 = CARTESIAN_POINT('',(-1.27,-18.796,0.));
#6760 = VECTOR('',#6761,1.);
#6761 = DIRECTION('',(0.,0.,1.));
#6762 = ORIENTED_EDGE('',*,*,#4906,.F.);
#6763 = PLANE('',#6764);
#6764 = AXIS2_PLACEMENT_3D('',#6765,#6766,#6767);
#6765 = CARTESIAN_POINT('',(-1.27,-16.764,0.));
#6766 = DIRECTION('',(1.,0.,0.));
#6767 = DIRECTION('',(0.,-1.,0.));
#6768 = ADVANCED_FACE('',(#6769),#6780,.F.);
#6769 = FACE_BOUND('',#6770,.F.);
#6770 = EDGE_LOOP('',(#6771,#6777,#6778,#6779));
#6771 = ORIENTED_EDGE('',*,*,#6772,.T.);
#6772 = EDGE_CURVE('',#4939,#5596,#6773,.T.);
#6773 = LINE('',#6774,#6775);
#6774 = CARTESIAN_POINT('',(1.27,-16.764,0.));
#6775 = VECTOR('',#6776,1.);
#6776 = DIRECTION('',(0.,0.,1.));
#6777 = ORIENTED_EDGE('',*,*,#5603,.T.);
#6778 = ORIENTED_EDGE('',*,*,#6738,.F.);
#6779 = ORIENTED_EDGE('',*,*,#4946,.F.);
#6780 = PLANE('',#6781);
#6781 = AXIS2_PLACEMENT_3D('',#6782,#6783,#6784);
#6782 = CARTESIAN_POINT('',(1.27,-16.764,0.));
#6783 = DIRECTION('',(-0.707106781187,-0.707106781187,0.));
#6784 = DIRECTION('',(-0.707106781187,0.707106781187,0.));
#6785 = ADVANCED_FACE('',(#6786),#6797,.F.);
#6786 = FACE_BOUND('',#6787,.F.);
#6787 = EDGE_LOOP('',(#6788,#6789,#6790,#6796));
#6788 = ORIENTED_EDGE('',*,*,#6757,.T.);
#6789 = ORIENTED_EDGE('',*,*,#5571,.T.);
#6790 = ORIENTED_EDGE('',*,*,#6791,.F.);
#6791 = EDGE_CURVE('',#4915,#5572,#6792,.T.);
#6792 = LINE('',#6793,#6794);
#6793 = CARTESIAN_POINT('',(-1.016,-19.05,0.));
#6794 = VECTOR('',#6795,1.);
#6795 = DIRECTION('',(0.,0.,1.));
#6796 = ORIENTED_EDGE('',*,*,#4914,.F.);
#6797 = PLANE('',#6798);
#6798 = AXIS2_PLACEMENT_3D('',#6799,#6800,#6801);
#6799 = CARTESIAN_POINT('',(-1.27,-18.796,0.));
#6800 = DIRECTION('',(0.707106781187,0.707106781187,0.));
#6801 = DIRECTION('',(0.707106781187,-0.707106781187,0.));
#6802 = ADVANCED_FACE('',(#6803),#6814,.F.);
#6803 = FACE_BOUND('',#6804,.F.);
#6804 = EDGE_LOOP('',(#6805,#6811,#6812,#6813));
#6805 = ORIENTED_EDGE('',*,*,#6806,.T.);
#6806 = EDGE_CURVE('',#4931,#5588,#6807,.T.);
#6807 = LINE('',#6808,#6809);
#6808 = CARTESIAN_POINT('',(1.27,-18.796,0.));
#6809 = VECTOR('',#6810,1.);
#6810 = DIRECTION('',(0.,0.,1.));
#6811 = ORIENTED_EDGE('',*,*,#5595,.T.);
#6812 = ORIENTED_EDGE('',*,*,#6772,.F.);
#6813 = ORIENTED_EDGE('',*,*,#4938,.F.);
#6814 = PLANE('',#6815);
#6815 = AXIS2_PLACEMENT_3D('',#6816,#6817,#6818);
#6816 = CARTESIAN_POINT('',(1.27,-18.796,0.));
#6817 = DIRECTION('',(-1.,0.,0.));
#6818 = DIRECTION('',(0.,1.,0.));
#6819 = ADVANCED_FACE('',(#6820),#6831,.F.);
#6820 = FACE_BOUND('',#6821,.F.);
#6821 = EDGE_LOOP('',(#6822,#6823,#6824,#6830));
#6822 = ORIENTED_EDGE('',*,*,#6791,.T.);
#6823 = ORIENTED_EDGE('',*,*,#5579,.T.);
#6824 = ORIENTED_EDGE('',*,*,#6825,.F.);
#6825 = EDGE_CURVE('',#4923,#5580,#6826,.T.);
#6826 = LINE('',#6827,#6828);
#6827 = CARTESIAN_POINT('',(1.016,-19.05,0.));
#6828 = VECTOR('',#6829,1.);
#6829 = DIRECTION('',(0.,0.,1.));
#6830 = ORIENTED_EDGE('',*,*,#4922,.F.);
#6831 = PLANE('',#6832);
#6832 = AXIS2_PLACEMENT_3D('',#6833,#6834,#6835);
#6833 = CARTESIAN_POINT('',(-1.016,-19.05,0.));
#6834 = DIRECTION('',(0.,1.,0.));
#6835 = DIRECTION('',(1.,0.,0.));
#6836 = ADVANCED_FACE('',(#6837),#6843,.F.);
#6837 = FACE_BOUND('',#6838,.F.);
#6838 = EDGE_LOOP('',(#6839,#6840,#6841,#6842));
#6839 = ORIENTED_EDGE('',*,*,#6825,.T.);
#6840 = ORIENTED_EDGE('',*,*,#5587,.T.);
#6841 = ORIENTED_EDGE('',*,*,#6806,.F.);
#6842 = ORIENTED_EDGE('',*,*,#4930,.F.);
#6843 = PLANE('',#6844);
#6844 = AXIS2_PLACEMENT_3D('',#6845,#6846,#6847);
#6845 = CARTESIAN_POINT('',(1.016,-19.05,0.));
#6846 = DIRECTION('',(-0.707106781187,0.707106781187,0.));
#6847 = DIRECTION('',(0.707106781187,0.707106781187,0.));
#6848 = ADVANCED_FACE('',(#6849),#6874,.F.);
#6849 = FACE_BOUND('',#6850,.F.);
#6850 = EDGE_LOOP('',(#6851,#6859,#6867,#6873));
#6851 = ORIENTED_EDGE('',*,*,#6852,.F.);
#6852 = EDGE_CURVE('',#6853,#5124,#6855,.T.);
#6853 = VERTEX_POINT('',#6854);
#6854 = CARTESIAN_POINT('',(0.32,-18.1,-2.84));
#6855 = LINE('',#6856,#6857);
#6856 = CARTESIAN_POINT('',(0.32,-18.1,-3.));
#6857 = VECTOR('',#6858,1.);
#6858 = DIRECTION('',(0.,0.,1.));
#6859 = ORIENTED_EDGE('',*,*,#6860,.F.);
#6860 = EDGE_CURVE('',#6861,#6853,#6863,.T.);
#6861 = VERTEX_POINT('',#6862);
#6862 = CARTESIAN_POINT('',(-0.32,-18.1,-2.84));
#6863 = LINE('',#6864,#6865);
#6864 = CARTESIAN_POINT('',(-0.32,-18.1,-2.84));
#6865 = VECTOR('',#6866,1.);
#6866 = DIRECTION('',(1.,0.,0.));
#6867 = ORIENTED_EDGE('',*,*,#6868,.T.);
#6868 = EDGE_CURVE('',#6861,#5126,#6869,.T.);
#6869 = LINE('',#6870,#6871);
#6870 = CARTESIAN_POINT('',(-0.32,-18.1,-3.));
#6871 = VECTOR('',#6872,1.);
#6872 = DIRECTION('',(0.,0.,1.));
#6873 = ORIENTED_EDGE('',*,*,#5123,.F.);
#6874 = PLANE('',#6875);
#6875 = AXIS2_PLACEMENT_3D('',#6876,#6877,#6878);
#6876 = CARTESIAN_POINT('',(-0.32,-18.1,-3.));
#6877 = DIRECTION('',(0.,1.,0.));
#6878 = DIRECTION('',(0.,-0.,1.));
#6879 = ADVANCED_FACE('',(#6880),#6898,.T.);
#6880 = FACE_BOUND('',#6881,.T.);
#6881 = EDGE_LOOP('',(#6882,#6883,#6891,#6897));
#6882 = ORIENTED_EDGE('',*,*,#6852,.F.);
#6883 = ORIENTED_EDGE('',*,*,#6884,.T.);
#6884 = EDGE_CURVE('',#6853,#6885,#6887,.T.);
#6885 = VERTEX_POINT('',#6886);
#6886 = CARTESIAN_POINT('',(0.32,-17.46,-2.84));
#6887 = LINE('',#6888,#6889);
#6888 = CARTESIAN_POINT('',(0.32,-18.1,-2.84));
#6889 = VECTOR('',#6890,1.);
#6890 = DIRECTION('',(0.,1.,0.));
#6891 = ORIENTED_EDGE('',*,*,#6892,.T.);
#6892 = EDGE_CURVE('',#6885,#5142,#6893,.T.);
#6893 = LINE('',#6894,#6895);
#6894 = CARTESIAN_POINT('',(0.32,-17.46,-3.));
#6895 = VECTOR('',#6896,1.);
#6896 = DIRECTION('',(0.,0.,1.));
#6897 = ORIENTED_EDGE('',*,*,#5149,.F.);
#6898 = PLANE('',#6899);
#6899 = AXIS2_PLACEMENT_3D('',#6900,#6901,#6902);
#6900 = CARTESIAN_POINT('',(0.32,-18.1,-3.));
#6901 = DIRECTION('',(1.,0.,0.));
#6902 = DIRECTION('',(0.,0.,1.));
#6903 = ADVANCED_FACE('',(#6904),#6922,.T.);
#6904 = FACE_BOUND('',#6905,.T.);
#6905 = EDGE_LOOP('',(#6906,#6907,#6915,#6921));
#6906 = ORIENTED_EDGE('',*,*,#6892,.F.);
#6907 = ORIENTED_EDGE('',*,*,#6908,.F.);
#6908 = EDGE_CURVE('',#6909,#6885,#6911,.T.);
#6909 = VERTEX_POINT('',#6910);
#6910 = CARTESIAN_POINT('',(-0.32,-17.46,-2.84));
#6911 = LINE('',#6912,#6913);
#6912 = CARTESIAN_POINT('',(-0.32,-17.46,-2.84));
#6913 = VECTOR('',#6914,1.);
#6914 = DIRECTION('',(1.,0.,0.));
#6915 = ORIENTED_EDGE('',*,*,#6916,.T.);
#6916 = EDGE_CURVE('',#6909,#5134,#6917,.T.);
#6917 = LINE('',#6918,#6919);
#6918 = CARTESIAN_POINT('',(-0.32,-17.46,-3.));
#6919 = VECTOR('',#6920,1.);
#6920 = DIRECTION('',(0.,0.,1.));
#6921 = ORIENTED_EDGE('',*,*,#5141,.F.);
#6922 = PLANE('',#6923);
#6923 = AXIS2_PLACEMENT_3D('',#6924,#6925,#6926);
#6924 = CARTESIAN_POINT('',(-0.32,-17.46,-3.));
#6925 = DIRECTION('',(0.,1.,0.));
#6926 = DIRECTION('',(0.,-0.,1.));
#6927 = ADVANCED_FACE('',(#6928),#6939,.F.);
#6928 = FACE_BOUND('',#6929,.F.);
#6929 = EDGE_LOOP('',(#6930,#6931,#6937,#6938));
#6930 = ORIENTED_EDGE('',*,*,#6868,.F.);
#6931 = ORIENTED_EDGE('',*,*,#6932,.T.);
#6932 = EDGE_CURVE('',#6861,#6909,#6933,.T.);
#6933 = LINE('',#6934,#6935);
#6934 = CARTESIAN_POINT('',(-0.32,-18.1,-2.84));
#6935 = VECTOR('',#6936,1.);
#6936 = DIRECTION('',(0.,1.,0.));
#6937 = ORIENTED_EDGE('',*,*,#6916,.T.);
#6938 = ORIENTED_EDGE('',*,*,#5133,.F.);
#6939 = PLANE('',#6940);
#6940 = AXIS2_PLACEMENT_3D('',#6941,#6942,#6943);
#6941 = CARTESIAN_POINT('',(-0.32,-18.1,-3.));
#6942 = DIRECTION('',(1.,0.,0.));
#6943 = DIRECTION('',(0.,0.,1.));
#6944 = ADVANCED_FACE('',(#6945),#6970,.T.);
#6945 = FACE_BOUND('',#6946,.T.);
#6946 = EDGE_LOOP('',(#6947,#6955,#6963,#6969));
#6947 = ORIENTED_EDGE('',*,*,#6948,.F.);
#6948 = EDGE_CURVE('',#6949,#5158,#6951,.T.);
#6949 = VERTEX_POINT('',#6950);
#6950 = CARTESIAN_POINT('',(0.32,-14.92,-2.84));
#6951 = LINE('',#6952,#6953);
#6952 = CARTESIAN_POINT('',(0.32,-14.92,-3.));
#6953 = VECTOR('',#6954,1.);
#6954 = DIRECTION('',(0.,0.,1.));
#6955 = ORIENTED_EDGE('',*,*,#6956,.F.);
#6956 = EDGE_CURVE('',#6957,#6949,#6959,.T.);
#6957 = VERTEX_POINT('',#6958);
#6958 = CARTESIAN_POINT('',(-0.32,-14.92,-2.84));
#6959 = LINE('',#6960,#6961);
#6960 = CARTESIAN_POINT('',(-0.32,-14.92,-2.84));
#6961 = VECTOR('',#6962,1.);
#6962 = DIRECTION('',(1.,0.,0.));
#6963 = ORIENTED_EDGE('',*,*,#6964,.T.);
#6964 = EDGE_CURVE('',#6957,#5160,#6965,.T.);
#6965 = LINE('',#6966,#6967);
#6966 = CARTESIAN_POINT('',(-0.32,-14.92,-3.));
#6967 = VECTOR('',#6968,1.);
#6968 = DIRECTION('',(0.,0.,1.));
#6969 = ORIENTED_EDGE('',*,*,#5157,.F.);
#6970 = PLANE('',#6971);
#6971 = AXIS2_PLACEMENT_3D('',#6972,#6973,#6974);
#6972 = CARTESIAN_POINT('',(-0.32,-14.92,-3.));
#6973 = DIRECTION('',(0.,1.,0.));
#6974 = DIRECTION('',(0.,-0.,1.));
#6975 = ADVANCED_FACE('',(#6976),#6994,.F.);
#6976 = FACE_BOUND('',#6977,.F.);
#6977 = EDGE_LOOP('',(#6978,#6986,#6992,#6993));
#6978 = ORIENTED_EDGE('',*,*,#6979,.F.);
#6979 = EDGE_CURVE('',#6980,#5176,#6982,.T.);
#6980 = VERTEX_POINT('',#6981);
#6981 = CARTESIAN_POINT('',(-0.32,-15.56,-2.84));
#6982 = LINE('',#6983,#6984);
#6983 = CARTESIAN_POINT('',(-0.32,-15.56,-3.));
#6984 = VECTOR('',#6985,1.);
#6985 = DIRECTION('',(0.,0.,1.));
#6986 = ORIENTED_EDGE('',*,*,#6987,.T.);
#6987 = EDGE_CURVE('',#6980,#6957,#6988,.T.);
#6988 = LINE('',#6989,#6990);
#6989 = CARTESIAN_POINT('',(-0.32,-15.56,-2.84));
#6990 = VECTOR('',#6991,1.);
#6991 = DIRECTION('',(0.,1.,0.));
#6992 = ORIENTED_EDGE('',*,*,#6964,.T.);
#6993 = ORIENTED_EDGE('',*,*,#5183,.F.);
#6994 = PLANE('',#6995);
#6995 = AXIS2_PLACEMENT_3D('',#6996,#6997,#6998);
#6996 = CARTESIAN_POINT('',(-0.32,-15.56,-3.));
#6997 = DIRECTION('',(1.,0.,0.));
#6998 = DIRECTION('',(0.,0.,1.));
#6999 = ADVANCED_FACE('',(#7000),#7018,.F.);
#7000 = FACE_BOUND('',#7001,.F.);
#7001 = EDGE_LOOP('',(#7002,#7010,#7016,#7017));
#7002 = ORIENTED_EDGE('',*,*,#7003,.F.);
#7003 = EDGE_CURVE('',#7004,#5168,#7006,.T.);
#7004 = VERTEX_POINT('',#7005);
#7005 = CARTESIAN_POINT('',(0.32,-15.56,-2.84));
#7006 = LINE('',#7007,#7008);
#7007 = CARTESIAN_POINT('',(0.32,-15.56,-3.));
#7008 = VECTOR('',#7009,1.);
#7009 = DIRECTION('',(0.,0.,1.));
#7010 = ORIENTED_EDGE('',*,*,#7011,.F.);
#7011 = EDGE_CURVE('',#6980,#7004,#7012,.T.);
#7012 = LINE('',#7013,#7014);
#7013 = CARTESIAN_POINT('',(-0.32,-15.56,-2.84));
#7014 = VECTOR('',#7015,1.);
#7015 = DIRECTION('',(1.,0.,0.));
#7016 = ORIENTED_EDGE('',*,*,#6979,.T.);
#7017 = ORIENTED_EDGE('',*,*,#5175,.F.);
#7018 = PLANE('',#7019);
#7019 = AXIS2_PLACEMENT_3D('',#7020,#7021,#7022);
#7020 = CARTESIAN_POINT('',(-0.32,-15.56,-3.));
#7021 = DIRECTION('',(0.,1.,0.));
#7022 = DIRECTION('',(0.,-0.,1.));
#7023 = ADVANCED_FACE('',(#7024),#7035,.T.);
#7024 = FACE_BOUND('',#7025,.T.);
#7025 = EDGE_LOOP('',(#7026,#7027,#7033,#7034));
#7026 = ORIENTED_EDGE('',*,*,#7003,.F.);
#7027 = ORIENTED_EDGE('',*,*,#7028,.T.);
#7028 = EDGE_CURVE('',#7004,#6949,#7029,.T.);
#7029 = LINE('',#7030,#7031);
#7030 = CARTESIAN_POINT('',(0.32,-15.56,-2.84));
#7031 = VECTOR('',#7032,1.);
#7032 = DIRECTION('',(0.,1.,0.));
#7033 = ORIENTED_EDGE('',*,*,#6948,.T.);
#7034 = ORIENTED_EDGE('',*,*,#5167,.F.);
#7035 = PLANE('',#7036);
#7036 = AXIS2_PLACEMENT_3D('',#7037,#7038,#7039);
#7037 = CARTESIAN_POINT('',(0.32,-15.56,-3.));
#7038 = DIRECTION('',(1.,0.,0.));
#7039 = DIRECTION('',(0.,0.,1.));
#7040 = ADVANCED_FACE('',(#7041),#7066,.T.);
#7041 = FACE_BOUND('',#7042,.T.);
#7042 = EDGE_LOOP('',(#7043,#7051,#7059,#7065));
#7043 = ORIENTED_EDGE('',*,*,#7044,.F.);
#7044 = EDGE_CURVE('',#7045,#5192,#7047,.T.);
#7045 = VERTEX_POINT('',#7046);
#7046 = CARTESIAN_POINT('',(0.32,-7.94,-2.84));
#7047 = LINE('',#7048,#7049);
#7048 = CARTESIAN_POINT('',(0.32,-7.94,-3.));
#7049 = VECTOR('',#7050,1.);
#7050 = DIRECTION('',(0.,0.,1.));
#7051 = ORIENTED_EDGE('',*,*,#7052,.T.);
#7052 = EDGE_CURVE('',#7045,#7053,#7055,.T.);
#7053 = VERTEX_POINT('',#7054);
#7054 = CARTESIAN_POINT('',(0.32,-7.3,-2.84));
#7055 = LINE('',#7056,#7057);
#7056 = CARTESIAN_POINT('',(0.32,-7.94,-2.84));
#7057 = VECTOR('',#7058,1.);
#7058 = DIRECTION('',(0.,1.,0.));
#7059 = ORIENTED_EDGE('',*,*,#7060,.T.);
#7060 = EDGE_CURVE('',#7053,#5194,#7061,.T.);
#7061 = LINE('',#7062,#7063);
#7062 = CARTESIAN_POINT('',(0.32,-7.3,-3.));
#7063 = VECTOR('',#7064,1.);
#7064 = DIRECTION('',(0.,0.,1.));
#7065 = ORIENTED_EDGE('',*,*,#5191,.F.);
#7066 = PLANE('',#7067);
#7067 = AXIS2_PLACEMENT_3D('',#7068,#7069,#7070);
#7068 = CARTESIAN_POINT('',(0.32,-7.94,-3.));
#7069 = DIRECTION('',(1.,0.,0.));
#7070 = DIRECTION('',(0.,0.,1.));
#7071 = ADVANCED_FACE('',(#7072),#7090,.T.);
#7072 = FACE_BOUND('',#7073,.T.);
#7073 = EDGE_LOOP('',(#7074,#7075,#7083,#7089));
#7074 = ORIENTED_EDGE('',*,*,#7060,.F.);
#7075 = ORIENTED_EDGE('',*,*,#7076,.F.);
#7076 = EDGE_CURVE('',#7077,#7053,#7079,.T.);
#7077 = VERTEX_POINT('',#7078);
#7078 = CARTESIAN_POINT('',(-0.32,-7.3,-2.84));
#7079 = LINE('',#7080,#7081);
#7080 = CARTESIAN_POINT('',(-0.32,-7.3,-2.84));
#7081 = VECTOR('',#7082,1.);
#7082 = DIRECTION('',(1.,0.,0.));
#7083 = ORIENTED_EDGE('',*,*,#7084,.T.);
#7084 = EDGE_CURVE('',#7077,#5210,#7085,.T.);
#7085 = LINE('',#7086,#7087);
#7086 = CARTESIAN_POINT('',(-0.32,-7.3,-3.));
#7087 = VECTOR('',#7088,1.);
#7088 = DIRECTION('',(0.,0.,1.));
#7089 = ORIENTED_EDGE('',*,*,#5217,.F.);
#7090 = PLANE('',#7091);
#7091 = AXIS2_PLACEMENT_3D('',#7092,#7093,#7094);
#7092 = CARTESIAN_POINT('',(-0.32,-7.3,-3.));
#7093 = DIRECTION('',(0.,1.,0.));
#7094 = DIRECTION('',(0.,-0.,1.));
#7095 = ADVANCED_FACE('',(#7096),#7114,.F.);
#7096 = FACE_BOUND('',#7097,.F.);
#7097 = EDGE_LOOP('',(#7098,#7106,#7112,#7113));
#7098 = ORIENTED_EDGE('',*,*,#7099,.F.);
#7099 = EDGE_CURVE('',#7100,#5202,#7102,.T.);
#7100 = VERTEX_POINT('',#7101);
#7101 = CARTESIAN_POINT('',(-0.32,-7.94,-2.84));
#7102 = LINE('',#7103,#7104);
#7103 = CARTESIAN_POINT('',(-0.32,-7.94,-3.));
#7104 = VECTOR('',#7105,1.);
#7105 = DIRECTION('',(0.,0.,1.));
#7106 = ORIENTED_EDGE('',*,*,#7107,.T.);
#7107 = EDGE_CURVE('',#7100,#7077,#7108,.T.);
#7108 = LINE('',#7109,#7110);
#7109 = CARTESIAN_POINT('',(-0.32,-7.94,-2.84));
#7110 = VECTOR('',#7111,1.);
#7111 = DIRECTION('',(0.,1.,0.));
#7112 = ORIENTED_EDGE('',*,*,#7084,.T.);
#7113 = ORIENTED_EDGE('',*,*,#5209,.F.);
#7114 = PLANE('',#7115);
#7115 = AXIS2_PLACEMENT_3D('',#7116,#7117,#7118);
#7116 = CARTESIAN_POINT('',(-0.32,-7.94,-3.));
#7117 = DIRECTION('',(1.,0.,0.));
#7118 = DIRECTION('',(0.,0.,1.));
#7119 = ADVANCED_FACE('',(#7120),#7131,.F.);
#7120 = FACE_BOUND('',#7121,.F.);
#7121 = EDGE_LOOP('',(#7122,#7123,#7129,#7130));
#7122 = ORIENTED_EDGE('',*,*,#7044,.F.);
#7123 = ORIENTED_EDGE('',*,*,#7124,.F.);
#7124 = EDGE_CURVE('',#7100,#7045,#7125,.T.);
#7125 = LINE('',#7126,#7127);
#7126 = CARTESIAN_POINT('',(-0.32,-7.94,-2.84));
#7127 = VECTOR('',#7128,1.);
#7128 = DIRECTION('',(1.,0.,0.));
#7129 = ORIENTED_EDGE('',*,*,#7099,.T.);
#7130 = ORIENTED_EDGE('',*,*,#5201,.F.);
#7131 = PLANE('',#7132);
#7132 = AXIS2_PLACEMENT_3D('',#7133,#7134,#7135);
#7133 = CARTESIAN_POINT('',(-0.32,-7.94,-3.));
#7134 = DIRECTION('',(0.,1.,0.));
#7135 = DIRECTION('',(0.,-0.,1.));
#7136 = ADVANCED_FACE('',(#7137),#7162,.T.);
#7137 = FACE_BOUND('',#7138,.T.);
#7138 = EDGE_LOOP('',(#7139,#7147,#7155,#7161));
#7139 = ORIENTED_EDGE('',*,*,#7140,.F.);
#7140 = EDGE_CURVE('',#7141,#5226,#7143,.T.);
#7141 = VERTEX_POINT('',#7142);
#7142 = CARTESIAN_POINT('',(0.32,-12.38,-2.84));
#7143 = LINE('',#7144,#7145);
#7144 = CARTESIAN_POINT('',(0.32,-12.38,-3.));
#7145 = VECTOR('',#7146,1.);
#7146 = DIRECTION('',(0.,0.,1.));
#7147 = ORIENTED_EDGE('',*,*,#7148,.F.);
#7148 = EDGE_CURVE('',#7149,#7141,#7151,.T.);
#7149 = VERTEX_POINT('',#7150);
#7150 = CARTESIAN_POINT('',(-0.32,-12.38,-2.84));
#7151 = LINE('',#7152,#7153);
#7152 = CARTESIAN_POINT('',(-0.32,-12.38,-2.84));
#7153 = VECTOR('',#7154,1.);
#7154 = DIRECTION('',(1.,0.,0.));
#7155 = ORIENTED_EDGE('',*,*,#7156,.T.);
#7156 = EDGE_CURVE('',#7149,#5228,#7157,.T.);
#7157 = LINE('',#7158,#7159);
#7158 = CARTESIAN_POINT('',(-0.32,-12.38,-3.));
#7159 = VECTOR('',#7160,1.);
#7160 = DIRECTION('',(0.,0.,1.));
#7161 = ORIENTED_EDGE('',*,*,#5225,.F.);
#7162 = PLANE('',#7163);
#7163 = AXIS2_PLACEMENT_3D('',#7164,#7165,#7166);
#7164 = CARTESIAN_POINT('',(-0.32,-12.38,-3.));
#7165 = DIRECTION('',(0.,1.,0.));
#7166 = DIRECTION('',(0.,-0.,1.));
#7167 = ADVANCED_FACE('',(#7168),#7186,.F.);
#7168 = FACE_BOUND('',#7169,.F.);
#7169 = EDGE_LOOP('',(#7170,#7178,#7184,#7185));
#7170 = ORIENTED_EDGE('',*,*,#7171,.F.);
#7171 = EDGE_CURVE('',#7172,#5244,#7174,.T.);
#7172 = VERTEX_POINT('',#7173);
#7173 = CARTESIAN_POINT('',(-0.32,-13.02,-2.84));
#7174 = LINE('',#7175,#7176);
#7175 = CARTESIAN_POINT('',(-0.32,-13.02,-3.));
#7176 = VECTOR('',#7177,1.);
#7177 = DIRECTION('',(0.,0.,1.));
#7178 = ORIENTED_EDGE('',*,*,#7179,.T.);
#7179 = EDGE_CURVE('',#7172,#7149,#7180,.T.);
#7180 = LINE('',#7181,#7182);
#7181 = CARTESIAN_POINT('',(-0.32,-13.02,-2.84));
#7182 = VECTOR('',#7183,1.);
#7183 = DIRECTION('',(0.,1.,0.));
#7184 = ORIENTED_EDGE('',*,*,#7156,.T.);
#7185 = ORIENTED_EDGE('',*,*,#5251,.F.);
#7186 = PLANE('',#7187);
#7187 = AXIS2_PLACEMENT_3D('',#7188,#7189,#7190);
#7188 = CARTESIAN_POINT('',(-0.32,-13.02,-3.));
#7189 = DIRECTION('',(1.,0.,0.));
#7190 = DIRECTION('',(0.,0.,1.));
#7191 = ADVANCED_FACE('',(#7192),#7210,.F.);
#7192 = FACE_BOUND('',#7193,.F.);
#7193 = EDGE_LOOP('',(#7194,#7202,#7208,#7209));
#7194 = ORIENTED_EDGE('',*,*,#7195,.F.);
#7195 = EDGE_CURVE('',#7196,#5236,#7198,.T.);
#7196 = VERTEX_POINT('',#7197);
#7197 = CARTESIAN_POINT('',(0.32,-13.02,-2.84));
#7198 = LINE('',#7199,#7200);
#7199 = CARTESIAN_POINT('',(0.32,-13.02,-3.));
#7200 = VECTOR('',#7201,1.);
#7201 = DIRECTION('',(0.,0.,1.));
#7202 = ORIENTED_EDGE('',*,*,#7203,.F.);
#7203 = EDGE_CURVE('',#7172,#7196,#7204,.T.);
#7204 = LINE('',#7205,#7206);
#7205 = CARTESIAN_POINT('',(-0.32,-13.02,-2.84));
#7206 = VECTOR('',#7207,1.);
#7207 = DIRECTION('',(1.,0.,0.));
#7208 = ORIENTED_EDGE('',*,*,#7171,.T.);
#7209 = ORIENTED_EDGE('',*,*,#5243,.F.);
#7210 = PLANE('',#7211);
#7211 = AXIS2_PLACEMENT_3D('',#7212,#7213,#7214);
#7212 = CARTESIAN_POINT('',(-0.32,-13.02,-3.));
#7213 = DIRECTION('',(0.,1.,0.));
#7214 = DIRECTION('',(0.,-0.,1.));
#7215 = ADVANCED_FACE('',(#7216),#7227,.T.);
#7216 = FACE_BOUND('',#7217,.T.);
#7217 = EDGE_LOOP('',(#7218,#7219,#7225,#7226));
#7218 = ORIENTED_EDGE('',*,*,#7195,.F.);
#7219 = ORIENTED_EDGE('',*,*,#7220,.T.);
#7220 = EDGE_CURVE('',#7196,#7141,#7221,.T.);
#7221 = LINE('',#7222,#7223);
#7222 = CARTESIAN_POINT('',(0.32,-13.02,-2.84));
#7223 = VECTOR('',#7224,1.);
#7224 = DIRECTION('',(0.,1.,0.));
#7225 = ORIENTED_EDGE('',*,*,#7140,.T.);
#7226 = ORIENTED_EDGE('',*,*,#5235,.F.);
#7227 = PLANE('',#7228);
#7228 = AXIS2_PLACEMENT_3D('',#7229,#7230,#7231);
#7229 = CARTESIAN_POINT('',(0.32,-13.02,-3.));
#7230 = DIRECTION('',(1.,0.,0.));
#7231 = DIRECTION('',(0.,0.,1.));
#7232 = ADVANCED_FACE('',(#7233),#7258,.T.);
#7233 = FACE_BOUND('',#7234,.T.);
#7234 = EDGE_LOOP('',(#7235,#7243,#7251,#7257));
#7235 = ORIENTED_EDGE('',*,*,#7236,.F.);
#7236 = EDGE_CURVE('',#7237,#5260,#7239,.T.);
#7237 = VERTEX_POINT('',#7238);
#7238 = CARTESIAN_POINT('',(0.32,-10.48,-2.84));
#7239 = LINE('',#7240,#7241);
#7240 = CARTESIAN_POINT('',(0.32,-10.48,-3.));
#7241 = VECTOR('',#7242,1.);
#7242 = DIRECTION('',(0.,0.,1.));
#7243 = ORIENTED_EDGE('',*,*,#7244,.T.);
#7244 = EDGE_CURVE('',#7237,#7245,#7247,.T.);
#7245 = VERTEX_POINT('',#7246);
#7246 = CARTESIAN_POINT('',(0.32,-9.84,-2.84));
#7247 = LINE('',#7248,#7249);
#7248 = CARTESIAN_POINT('',(0.32,-10.48,-2.84));
#7249 = VECTOR('',#7250,1.);
#7250 = DIRECTION('',(0.,1.,0.));
#7251 = ORIENTED_EDGE('',*,*,#7252,.T.);
#7252 = EDGE_CURVE('',#7245,#5262,#7253,.T.);
#7253 = LINE('',#7254,#7255);
#7254 = CARTESIAN_POINT('',(0.32,-9.84,-3.));
#7255 = VECTOR('',#7256,1.);
#7256 = DIRECTION('',(0.,0.,1.));
#7257 = ORIENTED_EDGE('',*,*,#5259,.F.);
#7258 = PLANE('',#7259);
#7259 = AXIS2_PLACEMENT_3D('',#7260,#7261,#7262);
#7260 = CARTESIAN_POINT('',(0.32,-10.48,-3.));
#7261 = DIRECTION('',(1.,0.,0.));
#7262 = DIRECTION('',(0.,0.,1.));
#7263 = ADVANCED_FACE('',(#7264),#7282,.T.);
#7264 = FACE_BOUND('',#7265,.T.);
#7265 = EDGE_LOOP('',(#7266,#7267,#7275,#7281));
#7266 = ORIENTED_EDGE('',*,*,#7252,.F.);
#7267 = ORIENTED_EDGE('',*,*,#7268,.F.);
#7268 = EDGE_CURVE('',#7269,#7245,#7271,.T.);
#7269 = VERTEX_POINT('',#7270);
#7270 = CARTESIAN_POINT('',(-0.32,-9.84,-2.84));
#7271 = LINE('',#7272,#7273);
#7272 = CARTESIAN_POINT('',(-0.32,-9.84,-2.84));
#7273 = VECTOR('',#7274,1.);
#7274 = DIRECTION('',(1.,0.,0.));
#7275 = ORIENTED_EDGE('',*,*,#7276,.T.);
#7276 = EDGE_CURVE('',#7269,#5278,#7277,.T.);
#7277 = LINE('',#7278,#7279);
#7278 = CARTESIAN_POINT('',(-0.32,-9.84,-3.));
#7279 = VECTOR('',#7280,1.);
#7280 = DIRECTION('',(0.,0.,1.));
#7281 = ORIENTED_EDGE('',*,*,#5285,.F.);
#7282 = PLANE('',#7283);
#7283 = AXIS2_PLACEMENT_3D('',#7284,#7285,#7286);
#7284 = CARTESIAN_POINT('',(-0.32,-9.84,-3.));
#7285 = DIRECTION('',(0.,1.,0.));
#7286 = DIRECTION('',(0.,-0.,1.));
#7287 = ADVANCED_FACE('',(#7288),#7306,.F.);
#7288 = FACE_BOUND('',#7289,.F.);
#7289 = EDGE_LOOP('',(#7290,#7298,#7304,#7305));
#7290 = ORIENTED_EDGE('',*,*,#7291,.F.);
#7291 = EDGE_CURVE('',#7292,#5270,#7294,.T.);
#7292 = VERTEX_POINT('',#7293);
#7293 = CARTESIAN_POINT('',(-0.32,-10.48,-2.84));
#7294 = LINE('',#7295,#7296);
#7295 = CARTESIAN_POINT('',(-0.32,-10.48,-3.));
#7296 = VECTOR('',#7297,1.);
#7297 = DIRECTION('',(0.,0.,1.));
#7298 = ORIENTED_EDGE('',*,*,#7299,.T.);
#7299 = EDGE_CURVE('',#7292,#7269,#7300,.T.);
#7300 = LINE('',#7301,#7302);
#7301 = CARTESIAN_POINT('',(-0.32,-10.48,-2.84));
#7302 = VECTOR('',#7303,1.);
#7303 = DIRECTION('',(0.,1.,0.));
#7304 = ORIENTED_EDGE('',*,*,#7276,.T.);
#7305 = ORIENTED_EDGE('',*,*,#5277,.F.);
#7306 = PLANE('',#7307);
#7307 = AXIS2_PLACEMENT_3D('',#7308,#7309,#7310);
#7308 = CARTESIAN_POINT('',(-0.32,-10.48,-3.));
#7309 = DIRECTION('',(1.,0.,0.));
#7310 = DIRECTION('',(0.,0.,1.));
#7311 = ADVANCED_FACE('',(#7312),#7323,.F.);
#7312 = FACE_BOUND('',#7313,.F.);
#7313 = EDGE_LOOP('',(#7314,#7315,#7321,#7322));
#7314 = ORIENTED_EDGE('',*,*,#7236,.F.);
#7315 = ORIENTED_EDGE('',*,*,#7316,.F.);
#7316 = EDGE_CURVE('',#7292,#7237,#7317,.T.);
#7317 = LINE('',#7318,#7319);
#7318 = CARTESIAN_POINT('',(-0.32,-10.48,-2.84));
#7319 = VECTOR('',#7320,1.);
#7320 = DIRECTION('',(1.,0.,0.));
#7321 = ORIENTED_EDGE('',*,*,#7291,.T.);
#7322 = ORIENTED_EDGE('',*,*,#5269,.F.);
#7323 = PLANE('',#7324);
#7324 = AXIS2_PLACEMENT_3D('',#7325,#7326,#7327);
#7325 = CARTESIAN_POINT('',(-0.32,-10.48,-3.));
#7326 = DIRECTION('',(0.,1.,0.));
#7327 = DIRECTION('',(0.,-0.,1.));
#7328 = ADVANCED_FACE('',(#7329),#7354,.T.);
#7329 = FACE_BOUND('',#7330,.T.);
#7330 = EDGE_LOOP('',(#7331,#7339,#7347,#7353));
#7331 = ORIENTED_EDGE('',*,*,#7332,.F.);
#7332 = EDGE_CURVE('',#7333,#5294,#7335,.T.);
#7333 = VERTEX_POINT('',#7334);
#7334 = CARTESIAN_POINT('',(0.32,-2.22,-2.84));
#7335 = LINE('',#7336,#7337);
#7336 = CARTESIAN_POINT('',(0.32,-2.22,-3.));
#7337 = VECTOR('',#7338,1.);
#7338 = DIRECTION('',(0.,0.,1.));
#7339 = ORIENTED_EDGE('',*,*,#7340,.F.);
#7340 = EDGE_CURVE('',#7341,#7333,#7343,.T.);
#7341 = VERTEX_POINT('',#7342);
#7342 = CARTESIAN_POINT('',(-0.32,-2.22,-2.84));
#7343 = LINE('',#7344,#7345);
#7344 = CARTESIAN_POINT('',(-0.32,-2.22,-2.84));
#7345 = VECTOR('',#7346,1.);
#7346 = DIRECTION('',(1.,0.,0.));
#7347 = ORIENTED_EDGE('',*,*,#7348,.T.);
#7348 = EDGE_CURVE('',#7341,#5296,#7349,.T.);
#7349 = LINE('',#7350,#7351);
#7350 = CARTESIAN_POINT('',(-0.32,-2.22,-3.));
#7351 = VECTOR('',#7352,1.);
#7352 = DIRECTION('',(0.,0.,1.));
#7353 = ORIENTED_EDGE('',*,*,#5293,.F.);
#7354 = PLANE('',#7355);
#7355 = AXIS2_PLACEMENT_3D('',#7356,#7357,#7358);
#7356 = CARTESIAN_POINT('',(-0.32,-2.22,-3.));
#7357 = DIRECTION('',(0.,1.,0.));
#7358 = DIRECTION('',(0.,-0.,1.));
#7359 = ADVANCED_FACE('',(#7360),#7378,.F.);
#7360 = FACE_BOUND('',#7361,.F.);
#7361 = EDGE_LOOP('',(#7362,#7370,#7376,#7377));
#7362 = ORIENTED_EDGE('',*,*,#7363,.F.);
#7363 = EDGE_CURVE('',#7364,#5312,#7366,.T.);
#7364 = VERTEX_POINT('',#7365);
#7365 = CARTESIAN_POINT('',(-0.32,-2.86,-2.84));
#7366 = LINE('',#7367,#7368);
#7367 = CARTESIAN_POINT('',(-0.32,-2.86,-3.));
#7368 = VECTOR('',#7369,1.);
#7369 = DIRECTION('',(0.,0.,1.));
#7370 = ORIENTED_EDGE('',*,*,#7371,.T.);
#7371 = EDGE_CURVE('',#7364,#7341,#7372,.T.);
#7372 = LINE('',#7373,#7374);
#7373 = CARTESIAN_POINT('',(-0.32,-2.86,-2.84));
#7374 = VECTOR('',#7375,1.);
#7375 = DIRECTION('',(0.,1.,0.));
#7376 = ORIENTED_EDGE('',*,*,#7348,.T.);
#7377 = ORIENTED_EDGE('',*,*,#5319,.F.);
#7378 = PLANE('',#7379);
#7379 = AXIS2_PLACEMENT_3D('',#7380,#7381,#7382);
#7380 = CARTESIAN_POINT('',(-0.32,-2.86,-3.));
#7381 = DIRECTION('',(1.,0.,0.));
#7382 = DIRECTION('',(0.,0.,1.));
#7383 = ADVANCED_FACE('',(#7384),#7402,.F.);
#7384 = FACE_BOUND('',#7385,.F.);
#7385 = EDGE_LOOP('',(#7386,#7394,#7400,#7401));
#7386 = ORIENTED_EDGE('',*,*,#7387,.F.);
#7387 = EDGE_CURVE('',#7388,#5304,#7390,.T.);
#7388 = VERTEX_POINT('',#7389);
#7389 = CARTESIAN_POINT('',(0.32,-2.86,-2.84));
#7390 = LINE('',#7391,#7392);
#7391 = CARTESIAN_POINT('',(0.32,-2.86,-3.));
#7392 = VECTOR('',#7393,1.);
#7393 = DIRECTION('',(0.,0.,1.));
#7394 = ORIENTED_EDGE('',*,*,#7395,.F.);
#7395 = EDGE_CURVE('',#7364,#7388,#7396,.T.);
#7396 = LINE('',#7397,#7398);
#7397 = CARTESIAN_POINT('',(-0.32,-2.86,-2.84));
#7398 = VECTOR('',#7399,1.);
#7399 = DIRECTION('',(1.,0.,0.));
#7400 = ORIENTED_EDGE('',*,*,#7363,.T.);
#7401 = ORIENTED_EDGE('',*,*,#5311,.F.);
#7402 = PLANE('',#7403);
#7403 = AXIS2_PLACEMENT_3D('',#7404,#7405,#7406);
#7404 = CARTESIAN_POINT('',(-0.32,-2.86,-3.));
#7405 = DIRECTION('',(0.,1.,0.));
#7406 = DIRECTION('',(0.,-0.,1.));
#7407 = ADVANCED_FACE('',(#7408),#7419,.T.);
#7408 = FACE_BOUND('',#7409,.T.);
#7409 = EDGE_LOOP('',(#7410,#7411,#7417,#7418));
#7410 = ORIENTED_EDGE('',*,*,#7387,.F.);
#7411 = ORIENTED_EDGE('',*,*,#7412,.T.);
#7412 = EDGE_CURVE('',#7388,#7333,#7413,.T.);
#7413 = LINE('',#7414,#7415);
#7414 = CARTESIAN_POINT('',(0.32,-2.86,-2.84));
#7415 = VECTOR('',#7416,1.);
#7416 = DIRECTION('',(0.,1.,0.));
#7417 = ORIENTED_EDGE('',*,*,#7332,.T.);
#7418 = ORIENTED_EDGE('',*,*,#5303,.F.);
#7419 = PLANE('',#7420);
#7420 = AXIS2_PLACEMENT_3D('',#7421,#7422,#7423);
#7421 = CARTESIAN_POINT('',(0.32,-2.86,-3.));
#7422 = DIRECTION('',(1.,0.,0.));
#7423 = DIRECTION('',(0.,0.,1.));
#7424 = ADVANCED_FACE('',(#7425),#7450,.F.);
#7425 = FACE_BOUND('',#7426,.F.);
#7426 = EDGE_LOOP('',(#7427,#7435,#7443,#7449));
#7427 = ORIENTED_EDGE('',*,*,#7428,.F.);
#7428 = EDGE_CURVE('',#7429,#5328,#7431,.T.);
#7429 = VERTEX_POINT('',#7430);
#7430 = CARTESIAN_POINT('',(0.32,-5.4,-2.84));
#7431 = LINE('',#7432,#7433);
#7432 = CARTESIAN_POINT('',(0.32,-5.4,-3.));
#7433 = VECTOR('',#7434,1.);
#7434 = DIRECTION('',(0.,0.,1.));
#7435 = ORIENTED_EDGE('',*,*,#7436,.F.);
#7436 = EDGE_CURVE('',#7437,#7429,#7439,.T.);
#7437 = VERTEX_POINT('',#7438);
#7438 = CARTESIAN_POINT('',(-0.32,-5.4,-2.84));
#7439 = LINE('',#7440,#7441);
#7440 = CARTESIAN_POINT('',(-0.32,-5.4,-2.84));
#7441 = VECTOR('',#7442,1.);
#7442 = DIRECTION('',(1.,0.,0.));
#7443 = ORIENTED_EDGE('',*,*,#7444,.T.);
#7444 = EDGE_CURVE('',#7437,#5330,#7445,.T.);
#7445 = LINE('',#7446,#7447);
#7446 = CARTESIAN_POINT('',(-0.32,-5.4,-3.));
#7447 = VECTOR('',#7448,1.);
#7448 = DIRECTION('',(0.,0.,1.));
#7449 = ORIENTED_EDGE('',*,*,#5327,.F.);
#7450 = PLANE('',#7451);
#7451 = AXIS2_PLACEMENT_3D('',#7452,#7453,#7454);
#7452 = CARTESIAN_POINT('',(-0.32,-5.4,-3.));
#7453 = DIRECTION('',(0.,1.,0.));
#7454 = DIRECTION('',(0.,-0.,1.));
#7455 = ADVANCED_FACE('',(#7456),#7474,.T.);
#7456 = FACE_BOUND('',#7457,.T.);
#7457 = EDGE_LOOP('',(#7458,#7459,#7467,#7473));
#7458 = ORIENTED_EDGE('',*,*,#7428,.F.);
#7459 = ORIENTED_EDGE('',*,*,#7460,.T.);
#7460 = EDGE_CURVE('',#7429,#7461,#7463,.T.);
#7461 = VERTEX_POINT('',#7462);
#7462 = CARTESIAN_POINT('',(0.32,-4.76,-2.84));
#7463 = LINE('',#7464,#7465);
#7464 = CARTESIAN_POINT('',(0.32,-5.4,-2.84));
#7465 = VECTOR('',#7466,1.);
#7466 = DIRECTION('',(0.,1.,0.));
#7467 = ORIENTED_EDGE('',*,*,#7468,.T.);
#7468 = EDGE_CURVE('',#7461,#5346,#7469,.T.);
#7469 = LINE('',#7470,#7471);
#7470 = CARTESIAN_POINT('',(0.32,-4.76,-3.));
#7471 = VECTOR('',#7472,1.);
#7472 = DIRECTION('',(0.,0.,1.));
#7473 = ORIENTED_EDGE('',*,*,#5353,.F.);
#7474 = PLANE('',#7475);
#7475 = AXIS2_PLACEMENT_3D('',#7476,#7477,#7478);
#7476 = CARTESIAN_POINT('',(0.32,-5.4,-3.));
#7477 = DIRECTION('',(1.,0.,0.));
#7478 = DIRECTION('',(0.,0.,1.));
#7479 = ADVANCED_FACE('',(#7480),#7498,.T.);
#7480 = FACE_BOUND('',#7481,.T.);
#7481 = EDGE_LOOP('',(#7482,#7483,#7491,#7497));
#7482 = ORIENTED_EDGE('',*,*,#7468,.F.);
#7483 = ORIENTED_EDGE('',*,*,#7484,.F.);
#7484 = EDGE_CURVE('',#7485,#7461,#7487,.T.);
#7485 = VERTEX_POINT('',#7486);
#7486 = CARTESIAN_POINT('',(-0.32,-4.76,-2.84));
#7487 = LINE('',#7488,#7489);
#7488 = CARTESIAN_POINT('',(-0.32,-4.76,-2.84));
#7489 = VECTOR('',#7490,1.);
#7490 = DIRECTION('',(1.,0.,0.));
#7491 = ORIENTED_EDGE('',*,*,#7492,.T.);
#7492 = EDGE_CURVE('',#7485,#5338,#7493,.T.);
#7493 = LINE('',#7494,#7495);
#7494 = CARTESIAN_POINT('',(-0.32,-4.76,-3.));
#7495 = VECTOR('',#7496,1.);
#7496 = DIRECTION('',(0.,0.,1.));
#7497 = ORIENTED_EDGE('',*,*,#5345,.F.);
#7498 = PLANE('',#7499);
#7499 = AXIS2_PLACEMENT_3D('',#7500,#7501,#7502);
#7500 = CARTESIAN_POINT('',(-0.32,-4.76,-3.));
#7501 = DIRECTION('',(0.,1.,0.));
#7502 = DIRECTION('',(0.,-0.,1.));
#7503 = ADVANCED_FACE('',(#7504),#7515,.F.);
#7504 = FACE_BOUND('',#7505,.F.);
#7505 = EDGE_LOOP('',(#7506,#7507,#7513,#7514));
#7506 = ORIENTED_EDGE('',*,*,#7444,.F.);
#7507 = ORIENTED_EDGE('',*,*,#7508,.T.);
#7508 = EDGE_CURVE('',#7437,#7485,#7509,.T.);
#7509 = LINE('',#7510,#7511);
#7510 = CARTESIAN_POINT('',(-0.32,-5.4,-2.84));
#7511 = VECTOR('',#7512,1.);
#7512 = DIRECTION('',(0.,1.,0.));
#7513 = ORIENTED_EDGE('',*,*,#7492,.T.);
#7514 = ORIENTED_EDGE('',*,*,#5337,.F.);
#7515 = PLANE('',#7516);
#7516 = AXIS2_PLACEMENT_3D('',#7517,#7518,#7519);
#7517 = CARTESIAN_POINT('',(-0.32,-5.4,-3.));
#7518 = DIRECTION('',(1.,0.,0.));
#7519 = DIRECTION('',(0.,0.,1.));
#7520 = ADVANCED_FACE('',(#7521),#7546,.T.);
#7521 = FACE_BOUND('',#7522,.T.);
#7522 = EDGE_LOOP('',(#7523,#7531,#7539,#7545));
#7523 = ORIENTED_EDGE('',*,*,#7524,.F.);
#7524 = EDGE_CURVE('',#7525,#5362,#7527,.T.);
#7525 = VERTEX_POINT('',#7526);
#7526 = CARTESIAN_POINT('',(0.32,-0.32,-2.84));
#7527 = LINE('',#7528,#7529);
#7528 = CARTESIAN_POINT('',(0.32,-0.32,-3.));
#7529 = VECTOR('',#7530,1.);
#7530 = DIRECTION('',(0.,0.,1.));
#7531 = ORIENTED_EDGE('',*,*,#7532,.T.);
#7532 = EDGE_CURVE('',#7525,#7533,#7535,.T.);
#7533 = VERTEX_POINT('',#7534);
#7534 = CARTESIAN_POINT('',(0.32,0.32,-2.84));
#7535 = LINE('',#7536,#7537);
#7536 = CARTESIAN_POINT('',(0.32,-0.32,-2.84));
#7537 = VECTOR('',#7538,1.);
#7538 = DIRECTION('',(0.,1.,0.));
#7539 = ORIENTED_EDGE('',*,*,#7540,.T.);
#7540 = EDGE_CURVE('',#7533,#5364,#7541,.T.);
#7541 = LINE('',#7542,#7543);
#7542 = CARTESIAN_POINT('',(0.32,0.32,-3.));
#7543 = VECTOR('',#7544,1.);
#7544 = DIRECTION('',(0.,0.,1.));
#7545 = ORIENTED_EDGE('',*,*,#5361,.F.);
#7546 = PLANE('',#7547);
#7547 = AXIS2_PLACEMENT_3D('',#7548,#7549,#7550);
#7548 = CARTESIAN_POINT('',(0.32,-0.32,-3.));
#7549 = DIRECTION('',(1.,0.,0.));
#7550 = DIRECTION('',(0.,0.,1.));
#7551 = ADVANCED_FACE('',(#7552),#7570,.T.);
#7552 = FACE_BOUND('',#7553,.T.);
#7553 = EDGE_LOOP('',(#7554,#7555,#7563,#7569));
#7554 = ORIENTED_EDGE('',*,*,#7540,.F.);
#7555 = ORIENTED_EDGE('',*,*,#7556,.F.);
#7556 = EDGE_CURVE('',#7557,#7533,#7559,.T.);
#7557 = VERTEX_POINT('',#7558);
#7558 = CARTESIAN_POINT('',(-0.32,0.32,-2.84));
#7559 = LINE('',#7560,#7561);
#7560 = CARTESIAN_POINT('',(-0.32,0.32,-2.84));
#7561 = VECTOR('',#7562,1.);
#7562 = DIRECTION('',(1.,0.,0.));
#7563 = ORIENTED_EDGE('',*,*,#7564,.T.);
#7564 = EDGE_CURVE('',#7557,#5380,#7565,.T.);
#7565 = LINE('',#7566,#7567);
#7566 = CARTESIAN_POINT('',(-0.32,0.32,-3.));
#7567 = VECTOR('',#7568,1.);
#7568 = DIRECTION('',(0.,0.,1.));
#7569 = ORIENTED_EDGE('',*,*,#5387,.F.);
#7570 = PLANE('',#7571);
#7571 = AXIS2_PLACEMENT_3D('',#7572,#7573,#7574);
#7572 = CARTESIAN_POINT('',(-0.32,0.32,-3.));
#7573 = DIRECTION('',(0.,1.,0.));
#7574 = DIRECTION('',(0.,-0.,1.));
#7575 = ADVANCED_FACE('',(#7576),#7594,.F.);
#7576 = FACE_BOUND('',#7577,.F.);
#7577 = EDGE_LOOP('',(#7578,#7586,#7592,#7593));
#7578 = ORIENTED_EDGE('',*,*,#7579,.F.);
#7579 = EDGE_CURVE('',#7580,#5372,#7582,.T.);
#7580 = VERTEX_POINT('',#7581);
#7581 = CARTESIAN_POINT('',(-0.32,-0.32,-2.84));
#7582 = LINE('',#7583,#7584);
#7583 = CARTESIAN_POINT('',(-0.32,-0.32,-3.));
#7584 = VECTOR('',#7585,1.);
#7585 = DIRECTION('',(0.,0.,1.));
#7586 = ORIENTED_EDGE('',*,*,#7587,.T.);
#7587 = EDGE_CURVE('',#7580,#7557,#7588,.T.);
#7588 = LINE('',#7589,#7590);
#7589 = CARTESIAN_POINT('',(-0.32,-0.32,-2.84));
#7590 = VECTOR('',#7591,1.);
#7591 = DIRECTION('',(0.,1.,0.));
#7592 = ORIENTED_EDGE('',*,*,#7564,.T.);
#7593 = ORIENTED_EDGE('',*,*,#5379,.F.);
#7594 = PLANE('',#7595);
#7595 = AXIS2_PLACEMENT_3D('',#7596,#7597,#7598);
#7596 = CARTESIAN_POINT('',(-0.32,-0.32,-3.));
#7597 = DIRECTION('',(1.,0.,0.));
#7598 = DIRECTION('',(0.,0.,1.));
#7599 = ADVANCED_FACE('',(#7600),#7611,.F.);
#7600 = FACE_BOUND('',#7601,.F.);
#7601 = EDGE_LOOP('',(#7602,#7603,#7609,#7610));
#7602 = ORIENTED_EDGE('',*,*,#7524,.F.);
#7603 = ORIENTED_EDGE('',*,*,#7604,.F.);
#7604 = EDGE_CURVE('',#7580,#7525,#7605,.T.);
#7605 = LINE('',#7606,#7607);
#7606 = CARTESIAN_POINT('',(-0.32,-0.32,-2.84));
#7607 = VECTOR('',#7608,1.);
#7608 = DIRECTION('',(1.,0.,0.));
#7609 = ORIENTED_EDGE('',*,*,#7579,.T.);
#7610 = ORIENTED_EDGE('',*,*,#5371,.F.);
#7611 = PLANE('',#7612);
#7612 = AXIS2_PLACEMENT_3D('',#7613,#7614,#7615);
#7613 = CARTESIAN_POINT('',(-0.32,-0.32,-3.));
#7614 = DIRECTION('',(0.,1.,0.));
#7615 = DIRECTION('',(0.,-0.,1.));
#7616 = ADVANCED_FACE('',(#7617),#7642,.F.);
#7617 = FACE_BOUND('',#7618,.F.);
#7618 = EDGE_LOOP('',(#7619,#7627,#7628,#7636));
#7619 = ORIENTED_EDGE('',*,*,#7620,.F.);
#7620 = EDGE_CURVE('',#5781,#7621,#7623,.T.);
#7621 = VERTEX_POINT('',#7622);
#7622 = CARTESIAN_POINT('',(0.32,-18.1,8.38));
#7623 = LINE('',#7624,#7625);
#7624 = CARTESIAN_POINT('',(0.32,-18.1,-3.));
#7625 = VECTOR('',#7626,1.);
#7626 = DIRECTION('',(0.,0.,1.));
#7627 = ORIENTED_EDGE('',*,*,#5780,.T.);
#7628 = ORIENTED_EDGE('',*,*,#7629,.T.);
#7629 = EDGE_CURVE('',#5783,#7630,#7632,.T.);
#7630 = VERTEX_POINT('',#7631);
#7631 = CARTESIAN_POINT('',(-0.32,-18.1,8.38));
#7632 = LINE('',#7633,#7634);
#7633 = CARTESIAN_POINT('',(-0.32,-18.1,-3.));
#7634 = VECTOR('',#7635,1.);
#7635 = DIRECTION('',(0.,0.,1.));
#7636 = ORIENTED_EDGE('',*,*,#7637,.T.);
#7637 = EDGE_CURVE('',#7630,#7621,#7638,.T.);
#7638 = LINE('',#7639,#7640);
#7639 = CARTESIAN_POINT('',(-0.32,-18.1,8.38));
#7640 = VECTOR('',#7641,1.);
#7641 = DIRECTION('',(1.,0.,0.));
#7642 = PLANE('',#7643);
#7643 = AXIS2_PLACEMENT_3D('',#7644,#7645,#7646);
#7644 = CARTESIAN_POINT('',(-0.32,-18.1,-3.));
#7645 = DIRECTION('',(0.,1.,0.));
#7646 = DIRECTION('',(0.,-0.,1.));
#7647 = ADVANCED_FACE('',(#7648),#7666,.T.);
#7648 = FACE_BOUND('',#7649,.T.);
#7649 = EDGE_LOOP('',(#7650,#7651,#7652,#7660));
#7650 = ORIENTED_EDGE('',*,*,#7620,.F.);
#7651 = ORIENTED_EDGE('',*,*,#5806,.T.);
#7652 = ORIENTED_EDGE('',*,*,#7653,.T.);
#7653 = EDGE_CURVE('',#5799,#7654,#7656,.T.);
#7654 = VERTEX_POINT('',#7655);
#7655 = CARTESIAN_POINT('',(0.32,-17.46,8.38));
#7656 = LINE('',#7657,#7658);
#7657 = CARTESIAN_POINT('',(0.32,-17.46,-3.));
#7658 = VECTOR('',#7659,1.);
#7659 = DIRECTION('',(0.,0.,1.));
#7660 = ORIENTED_EDGE('',*,*,#7661,.F.);
#7661 = EDGE_CURVE('',#7621,#7654,#7662,.T.);
#7662 = LINE('',#7663,#7664);
#7663 = CARTESIAN_POINT('',(0.32,-18.1,8.38));
#7664 = VECTOR('',#7665,1.);
#7665 = DIRECTION('',(0.,1.,0.));
#7666 = PLANE('',#7667);
#7667 = AXIS2_PLACEMENT_3D('',#7668,#7669,#7670);
#7668 = CARTESIAN_POINT('',(0.32,-18.1,-3.));
#7669 = DIRECTION('',(1.,0.,0.));
#7670 = DIRECTION('',(0.,0.,1.));
#7671 = ADVANCED_FACE('',(#7672),#7690,.T.);
#7672 = FACE_BOUND('',#7673,.T.);
#7673 = EDGE_LOOP('',(#7674,#7675,#7676,#7684));
#7674 = ORIENTED_EDGE('',*,*,#7653,.F.);
#7675 = ORIENTED_EDGE('',*,*,#5798,.T.);
#7676 = ORIENTED_EDGE('',*,*,#7677,.T.);
#7677 = EDGE_CURVE('',#5791,#7678,#7680,.T.);
#7678 = VERTEX_POINT('',#7679);
#7679 = CARTESIAN_POINT('',(-0.32,-17.46,8.38));
#7680 = LINE('',#7681,#7682);
#7681 = CARTESIAN_POINT('',(-0.32,-17.46,-3.));
#7682 = VECTOR('',#7683,1.);
#7683 = DIRECTION('',(0.,0.,1.));
#7684 = ORIENTED_EDGE('',*,*,#7685,.T.);
#7685 = EDGE_CURVE('',#7678,#7654,#7686,.T.);
#7686 = LINE('',#7687,#7688);
#7687 = CARTESIAN_POINT('',(-0.32,-17.46,8.38));
#7688 = VECTOR('',#7689,1.);
#7689 = DIRECTION('',(1.,0.,0.));
#7690 = PLANE('',#7691);
#7691 = AXIS2_PLACEMENT_3D('',#7692,#7693,#7694);
#7692 = CARTESIAN_POINT('',(-0.32,-17.46,-3.));
#7693 = DIRECTION('',(0.,1.,0.));
#7694 = DIRECTION('',(0.,-0.,1.));
#7695 = ADVANCED_FACE('',(#7696),#7707,.F.);
#7696 = FACE_BOUND('',#7697,.F.);
#7697 = EDGE_LOOP('',(#7698,#7699,#7700,#7701));
#7698 = ORIENTED_EDGE('',*,*,#7629,.F.);
#7699 = ORIENTED_EDGE('',*,*,#5790,.T.);
#7700 = ORIENTED_EDGE('',*,*,#7677,.T.);
#7701 = ORIENTED_EDGE('',*,*,#7702,.F.);
#7702 = EDGE_CURVE('',#7630,#7678,#7703,.T.);
#7703 = LINE('',#7704,#7705);
#7704 = CARTESIAN_POINT('',(-0.32,-18.1,8.38));
#7705 = VECTOR('',#7706,1.);
#7706 = DIRECTION('',(0.,1.,0.));
#7707 = PLANE('',#7708);
#7708 = AXIS2_PLACEMENT_3D('',#7709,#7710,#7711);
#7709 = CARTESIAN_POINT('',(-0.32,-18.1,-3.));
#7710 = DIRECTION('',(1.,0.,0.));
#7711 = DIRECTION('',(0.,0.,1.));
#7712 = ADVANCED_FACE('',(#7713),#7738,.T.);
#7713 = FACE_BOUND('',#7714,.T.);
#7714 = EDGE_LOOP('',(#7715,#7723,#7724,#7732));
#7715 = ORIENTED_EDGE('',*,*,#7716,.F.);
#7716 = EDGE_CURVE('',#5815,#7717,#7719,.T.);
#7717 = VERTEX_POINT('',#7718);
#7718 = CARTESIAN_POINT('',(0.32,-14.92,8.38));
#7719 = LINE('',#7720,#7721);
#7720 = CARTESIAN_POINT('',(0.32,-14.92,-3.));
#7721 = VECTOR('',#7722,1.);
#7722 = DIRECTION('',(0.,0.,1.));
#7723 = ORIENTED_EDGE('',*,*,#5814,.T.);
#7724 = ORIENTED_EDGE('',*,*,#7725,.T.);
#7725 = EDGE_CURVE('',#5817,#7726,#7728,.T.);
#7726 = VERTEX_POINT('',#7727);
#7727 = CARTESIAN_POINT('',(-0.32,-14.92,8.38));
#7728 = LINE('',#7729,#7730);
#7729 = CARTESIAN_POINT('',(-0.32,-14.92,-3.));
#7730 = VECTOR('',#7731,1.);
#7731 = DIRECTION('',(0.,0.,1.));
#7732 = ORIENTED_EDGE('',*,*,#7733,.T.);
#7733 = EDGE_CURVE('',#7726,#7717,#7734,.T.);
#7734 = LINE('',#7735,#7736);
#7735 = CARTESIAN_POINT('',(-0.32,-14.92,8.38));
#7736 = VECTOR('',#7737,1.);
#7737 = DIRECTION('',(1.,0.,0.));
#7738 = PLANE('',#7739);
#7739 = AXIS2_PLACEMENT_3D('',#7740,#7741,#7742);
#7740 = CARTESIAN_POINT('',(-0.32,-14.92,-3.));
#7741 = DIRECTION('',(0.,1.,0.));
#7742 = DIRECTION('',(0.,-0.,1.));
#7743 = ADVANCED_FACE('',(#7744),#7762,.F.);
#7744 = FACE_BOUND('',#7745,.F.);
#7745 = EDGE_LOOP('',(#7746,#7754,#7755,#7756));
#7746 = ORIENTED_EDGE('',*,*,#7747,.F.);
#7747 = EDGE_CURVE('',#5833,#7748,#7750,.T.);
#7748 = VERTEX_POINT('',#7749);
#7749 = CARTESIAN_POINT('',(-0.32,-15.56,8.38));
#7750 = LINE('',#7751,#7752);
#7751 = CARTESIAN_POINT('',(-0.32,-15.56,-3.));
#7752 = VECTOR('',#7753,1.);
#7753 = DIRECTION('',(0.,0.,1.));
#7754 = ORIENTED_EDGE('',*,*,#5840,.T.);
#7755 = ORIENTED_EDGE('',*,*,#7725,.T.);
#7756 = ORIENTED_EDGE('',*,*,#7757,.F.);
#7757 = EDGE_CURVE('',#7748,#7726,#7758,.T.);
#7758 = LINE('',#7759,#7760);
#7759 = CARTESIAN_POINT('',(-0.32,-15.56,8.38));
#7760 = VECTOR('',#7761,1.);
#7761 = DIRECTION('',(0.,1.,0.));
#7762 = PLANE('',#7763);
#7763 = AXIS2_PLACEMENT_3D('',#7764,#7765,#7766);
#7764 = CARTESIAN_POINT('',(-0.32,-15.56,-3.));
#7765 = DIRECTION('',(1.,0.,0.));
#7766 = DIRECTION('',(0.,0.,1.));
#7767 = ADVANCED_FACE('',(#7768),#7786,.F.);
#7768 = FACE_BOUND('',#7769,.F.);
#7769 = EDGE_LOOP('',(#7770,#7778,#7779,#7780));
#7770 = ORIENTED_EDGE('',*,*,#7771,.F.);
#7771 = EDGE_CURVE('',#5825,#7772,#7774,.T.);
#7772 = VERTEX_POINT('',#7773);
#7773 = CARTESIAN_POINT('',(0.32,-15.56,8.38));
#7774 = LINE('',#7775,#7776);
#7775 = CARTESIAN_POINT('',(0.32,-15.56,-3.));
#7776 = VECTOR('',#7777,1.);
#7777 = DIRECTION('',(0.,0.,1.));
#7778 = ORIENTED_EDGE('',*,*,#5832,.T.);
#7779 = ORIENTED_EDGE('',*,*,#7747,.T.);
#7780 = ORIENTED_EDGE('',*,*,#7781,.T.);
#7781 = EDGE_CURVE('',#7748,#7772,#7782,.T.);
#7782 = LINE('',#7783,#7784);
#7783 = CARTESIAN_POINT('',(-0.32,-15.56,8.38));
#7784 = VECTOR('',#7785,1.);
#7785 = DIRECTION('',(1.,0.,0.));
#7786 = PLANE('',#7787);
#7787 = AXIS2_PLACEMENT_3D('',#7788,#7789,#7790);
#7788 = CARTESIAN_POINT('',(-0.32,-15.56,-3.));
#7789 = DIRECTION('',(0.,1.,0.));
#7790 = DIRECTION('',(0.,-0.,1.));
#7791 = ADVANCED_FACE('',(#7792),#7803,.T.);
#7792 = FACE_BOUND('',#7793,.T.);
#7793 = EDGE_LOOP('',(#7794,#7795,#7796,#7797));
#7794 = ORIENTED_EDGE('',*,*,#7771,.F.);
#7795 = ORIENTED_EDGE('',*,*,#5824,.T.);
#7796 = ORIENTED_EDGE('',*,*,#7716,.T.);
#7797 = ORIENTED_EDGE('',*,*,#7798,.F.);
#7798 = EDGE_CURVE('',#7772,#7717,#7799,.T.);
#7799 = LINE('',#7800,#7801);
#7800 = CARTESIAN_POINT('',(0.32,-15.56,8.38));
#7801 = VECTOR('',#7802,1.);
#7802 = DIRECTION('',(0.,1.,0.));
#7803 = PLANE('',#7804);
#7804 = AXIS2_PLACEMENT_3D('',#7805,#7806,#7807);
#7805 = CARTESIAN_POINT('',(0.32,-15.56,-3.));
#7806 = DIRECTION('',(1.,0.,0.));
#7807 = DIRECTION('',(0.,0.,1.));
#7808 = ADVANCED_FACE('',(#7809),#7834,.T.);
#7809 = FACE_BOUND('',#7810,.T.);
#7810 = EDGE_LOOP('',(#7811,#7819,#7820,#7828));
#7811 = ORIENTED_EDGE('',*,*,#7812,.F.);
#7812 = EDGE_CURVE('',#5849,#7813,#7815,.T.);
#7813 = VERTEX_POINT('',#7814);
#7814 = CARTESIAN_POINT('',(0.32,-7.94,8.38));
#7815 = LINE('',#7816,#7817);
#7816 = CARTESIAN_POINT('',(0.32,-7.94,-3.));
#7817 = VECTOR('',#7818,1.);
#7818 = DIRECTION('',(0.,0.,1.));
#7819 = ORIENTED_EDGE('',*,*,#5848,.T.);
#7820 = ORIENTED_EDGE('',*,*,#7821,.T.);
#7821 = EDGE_CURVE('',#5851,#7822,#7824,.T.);
#7822 = VERTEX_POINT('',#7823);
#7823 = CARTESIAN_POINT('',(0.32,-7.3,8.38));
#7824 = LINE('',#7825,#7826);
#7825 = CARTESIAN_POINT('',(0.32,-7.3,-3.));
#7826 = VECTOR('',#7827,1.);
#7827 = DIRECTION('',(0.,0.,1.));
#7828 = ORIENTED_EDGE('',*,*,#7829,.F.);
#7829 = EDGE_CURVE('',#7813,#7822,#7830,.T.);
#7830 = LINE('',#7831,#7832);
#7831 = CARTESIAN_POINT('',(0.32,-7.94,8.38));
#7832 = VECTOR('',#7833,1.);
#7833 = DIRECTION('',(0.,1.,0.));
#7834 = PLANE('',#7835);
#7835 = AXIS2_PLACEMENT_3D('',#7836,#7837,#7838);
#7836 = CARTESIAN_POINT('',(0.32,-7.94,-3.));
#7837 = DIRECTION('',(1.,0.,0.));
#7838 = DIRECTION('',(0.,0.,1.));
#7839 = ADVANCED_FACE('',(#7840),#7858,.T.);
#7840 = FACE_BOUND('',#7841,.T.);
#7841 = EDGE_LOOP('',(#7842,#7843,#7844,#7852));
#7842 = ORIENTED_EDGE('',*,*,#7821,.F.);
#7843 = ORIENTED_EDGE('',*,*,#5874,.T.);
#7844 = ORIENTED_EDGE('',*,*,#7845,.T.);
#7845 = EDGE_CURVE('',#5867,#7846,#7848,.T.);
#7846 = VERTEX_POINT('',#7847);
#7847 = CARTESIAN_POINT('',(-0.32,-7.3,8.38));
#7848 = LINE('',#7849,#7850);
#7849 = CARTESIAN_POINT('',(-0.32,-7.3,-3.));
#7850 = VECTOR('',#7851,1.);
#7851 = DIRECTION('',(0.,0.,1.));
#7852 = ORIENTED_EDGE('',*,*,#7853,.T.);
#7853 = EDGE_CURVE('',#7846,#7822,#7854,.T.);
#7854 = LINE('',#7855,#7856);
#7855 = CARTESIAN_POINT('',(-0.32,-7.3,8.38));
#7856 = VECTOR('',#7857,1.);
#7857 = DIRECTION('',(1.,0.,0.));
#7858 = PLANE('',#7859);
#7859 = AXIS2_PLACEMENT_3D('',#7860,#7861,#7862);
#7860 = CARTESIAN_POINT('',(-0.32,-7.3,-3.));
#7861 = DIRECTION('',(0.,1.,0.));
#7862 = DIRECTION('',(0.,-0.,1.));
#7863 = ADVANCED_FACE('',(#7864),#7882,.F.);
#7864 = FACE_BOUND('',#7865,.F.);
#7865 = EDGE_LOOP('',(#7866,#7874,#7875,#7876));
#7866 = ORIENTED_EDGE('',*,*,#7867,.F.);
#7867 = EDGE_CURVE('',#5859,#7868,#7870,.T.);
#7868 = VERTEX_POINT('',#7869);
#7869 = CARTESIAN_POINT('',(-0.32,-7.94,8.38));
#7870 = LINE('',#7871,#7872);
#7871 = CARTESIAN_POINT('',(-0.32,-7.94,-3.));
#7872 = VECTOR('',#7873,1.);
#7873 = DIRECTION('',(0.,0.,1.));
#7874 = ORIENTED_EDGE('',*,*,#5866,.T.);
#7875 = ORIENTED_EDGE('',*,*,#7845,.T.);
#7876 = ORIENTED_EDGE('',*,*,#7877,.F.);
#7877 = EDGE_CURVE('',#7868,#7846,#7878,.T.);
#7878 = LINE('',#7879,#7880);
#7879 = CARTESIAN_POINT('',(-0.32,-7.94,8.38));
#7880 = VECTOR('',#7881,1.);
#7881 = DIRECTION('',(0.,1.,0.));
#7882 = PLANE('',#7883);
#7883 = AXIS2_PLACEMENT_3D('',#7884,#7885,#7886);
#7884 = CARTESIAN_POINT('',(-0.32,-7.94,-3.));
#7885 = DIRECTION('',(1.,0.,0.));
#7886 = DIRECTION('',(0.,0.,1.));
#7887 = ADVANCED_FACE('',(#7888),#7899,.F.);
#7888 = FACE_BOUND('',#7889,.F.);
#7889 = EDGE_LOOP('',(#7890,#7891,#7892,#7893));
#7890 = ORIENTED_EDGE('',*,*,#7812,.F.);
#7891 = ORIENTED_EDGE('',*,*,#5858,.T.);
#7892 = ORIENTED_EDGE('',*,*,#7867,.T.);
#7893 = ORIENTED_EDGE('',*,*,#7894,.T.);
#7894 = EDGE_CURVE('',#7868,#7813,#7895,.T.);
#7895 = LINE('',#7896,#7897);
#7896 = CARTESIAN_POINT('',(-0.32,-7.94,8.38));
#7897 = VECTOR('',#7898,1.);
#7898 = DIRECTION('',(1.,0.,0.));
#7899 = PLANE('',#7900);
#7900 = AXIS2_PLACEMENT_3D('',#7901,#7902,#7903);
#7901 = CARTESIAN_POINT('',(-0.32,-7.94,-3.));
#7902 = DIRECTION('',(0.,1.,0.));
#7903 = DIRECTION('',(0.,-0.,1.));
#7904 = ADVANCED_FACE('',(#7905),#7930,.T.);
#7905 = FACE_BOUND('',#7906,.T.);
#7906 = EDGE_LOOP('',(#7907,#7915,#7916,#7924));
#7907 = ORIENTED_EDGE('',*,*,#7908,.F.);
#7908 = EDGE_CURVE('',#5883,#7909,#7911,.T.);
#7909 = VERTEX_POINT('',#7910);
#7910 = CARTESIAN_POINT('',(0.32,-12.38,8.38));
#7911 = LINE('',#7912,#7913);
#7912 = CARTESIAN_POINT('',(0.32,-12.38,-3.));
#7913 = VECTOR('',#7914,1.);
#7914 = DIRECTION('',(0.,0.,1.));
#7915 = ORIENTED_EDGE('',*,*,#5882,.T.);
#7916 = ORIENTED_EDGE('',*,*,#7917,.T.);
#7917 = EDGE_CURVE('',#5885,#7918,#7920,.T.);
#7918 = VERTEX_POINT('',#7919);
#7919 = CARTESIAN_POINT('',(-0.32,-12.38,8.38));
#7920 = LINE('',#7921,#7922);
#7921 = CARTESIAN_POINT('',(-0.32,-12.38,-3.));
#7922 = VECTOR('',#7923,1.);
#7923 = DIRECTION('',(0.,0.,1.));
#7924 = ORIENTED_EDGE('',*,*,#7925,.T.);
#7925 = EDGE_CURVE('',#7918,#7909,#7926,.T.);
#7926 = LINE('',#7927,#7928);
#7927 = CARTESIAN_POINT('',(-0.32,-12.38,8.38));
#7928 = VECTOR('',#7929,1.);
#7929 = DIRECTION('',(1.,0.,0.));
#7930 = PLANE('',#7931);
#7931 = AXIS2_PLACEMENT_3D('',#7932,#7933,#7934);
#7932 = CARTESIAN_POINT('',(-0.32,-12.38,-3.));
#7933 = DIRECTION('',(0.,1.,0.));
#7934 = DIRECTION('',(0.,-0.,1.));
#7935 = ADVANCED_FACE('',(#7936),#7954,.F.);
#7936 = FACE_BOUND('',#7937,.F.);
#7937 = EDGE_LOOP('',(#7938,#7946,#7947,#7948));
#7938 = ORIENTED_EDGE('',*,*,#7939,.F.);
#7939 = EDGE_CURVE('',#5901,#7940,#7942,.T.);
#7940 = VERTEX_POINT('',#7941);
#7941 = CARTESIAN_POINT('',(-0.32,-13.02,8.38));
#7942 = LINE('',#7943,#7944);
#7943 = CARTESIAN_POINT('',(-0.32,-13.02,-3.));
#7944 = VECTOR('',#7945,1.);
#7945 = DIRECTION('',(0.,0.,1.));
#7946 = ORIENTED_EDGE('',*,*,#5908,.T.);
#7947 = ORIENTED_EDGE('',*,*,#7917,.T.);
#7948 = ORIENTED_EDGE('',*,*,#7949,.F.);
#7949 = EDGE_CURVE('',#7940,#7918,#7950,.T.);
#7950 = LINE('',#7951,#7952);
#7951 = CARTESIAN_POINT('',(-0.32,-13.02,8.38));
#7952 = VECTOR('',#7953,1.);
#7953 = DIRECTION('',(0.,1.,0.));
#7954 = PLANE('',#7955);
#7955 = AXIS2_PLACEMENT_3D('',#7956,#7957,#7958);
#7956 = CARTESIAN_POINT('',(-0.32,-13.02,-3.));
#7957 = DIRECTION('',(1.,0.,0.));
#7958 = DIRECTION('',(0.,0.,1.));
#7959 = ADVANCED_FACE('',(#7960),#7978,.F.);
#7960 = FACE_BOUND('',#7961,.F.);
#7961 = EDGE_LOOP('',(#7962,#7970,#7971,#7972));
#7962 = ORIENTED_EDGE('',*,*,#7963,.F.);
#7963 = EDGE_CURVE('',#5893,#7964,#7966,.T.);
#7964 = VERTEX_POINT('',#7965);
#7965 = CARTESIAN_POINT('',(0.32,-13.02,8.38));
#7966 = LINE('',#7967,#7968);
#7967 = CARTESIAN_POINT('',(0.32,-13.02,-3.));
#7968 = VECTOR('',#7969,1.);
#7969 = DIRECTION('',(0.,0.,1.));
#7970 = ORIENTED_EDGE('',*,*,#5900,.T.);
#7971 = ORIENTED_EDGE('',*,*,#7939,.T.);
#7972 = ORIENTED_EDGE('',*,*,#7973,.T.);
#7973 = EDGE_CURVE('',#7940,#7964,#7974,.T.);
#7974 = LINE('',#7975,#7976);
#7975 = CARTESIAN_POINT('',(-0.32,-13.02,8.38));
#7976 = VECTOR('',#7977,1.);
#7977 = DIRECTION('',(1.,0.,0.));
#7978 = PLANE('',#7979);
#7979 = AXIS2_PLACEMENT_3D('',#7980,#7981,#7982);
#7980 = CARTESIAN_POINT('',(-0.32,-13.02,-3.));
#7981 = DIRECTION('',(0.,1.,0.));
#7982 = DIRECTION('',(0.,-0.,1.));
#7983 = ADVANCED_FACE('',(#7984),#7995,.T.);
#7984 = FACE_BOUND('',#7985,.T.);
#7985 = EDGE_LOOP('',(#7986,#7987,#7988,#7989));
#7986 = ORIENTED_EDGE('',*,*,#7963,.F.);
#7987 = ORIENTED_EDGE('',*,*,#5892,.T.);
#7988 = ORIENTED_EDGE('',*,*,#7908,.T.);
#7989 = ORIENTED_EDGE('',*,*,#7990,.F.);
#7990 = EDGE_CURVE('',#7964,#7909,#7991,.T.);
#7991 = LINE('',#7992,#7993);
#7992 = CARTESIAN_POINT('',(0.32,-13.02,8.38));
#7993 = VECTOR('',#7994,1.);
#7994 = DIRECTION('',(0.,1.,0.));
#7995 = PLANE('',#7996);
#7996 = AXIS2_PLACEMENT_3D('',#7997,#7998,#7999);
#7997 = CARTESIAN_POINT('',(0.32,-13.02,-3.));
#7998 = DIRECTION('',(1.,0.,0.));
#7999 = DIRECTION('',(0.,0.,1.));
#8000 = ADVANCED_FACE('',(#8001),#8026,.T.);
#8001 = FACE_BOUND('',#8002,.T.);
#8002 = EDGE_LOOP('',(#8003,#8011,#8012,#8020));
#8003 = ORIENTED_EDGE('',*,*,#8004,.F.);
#8004 = EDGE_CURVE('',#5917,#8005,#8007,.T.);
#8005 = VERTEX_POINT('',#8006);
#8006 = CARTESIAN_POINT('',(0.32,-10.48,8.38));
#8007 = LINE('',#8008,#8009);
#8008 = CARTESIAN_POINT('',(0.32,-10.48,-3.));
#8009 = VECTOR('',#8010,1.);
#8010 = DIRECTION('',(0.,0.,1.));
#8011 = ORIENTED_EDGE('',*,*,#5916,.T.);
#8012 = ORIENTED_EDGE('',*,*,#8013,.T.);
#8013 = EDGE_CURVE('',#5919,#8014,#8016,.T.);
#8014 = VERTEX_POINT('',#8015);
#8015 = CARTESIAN_POINT('',(0.32,-9.84,8.38));
#8016 = LINE('',#8017,#8018);
#8017 = CARTESIAN_POINT('',(0.32,-9.84,-3.));
#8018 = VECTOR('',#8019,1.);
#8019 = DIRECTION('',(0.,0.,1.));
#8020 = ORIENTED_EDGE('',*,*,#8021,.F.);
#8021 = EDGE_CURVE('',#8005,#8014,#8022,.T.);
#8022 = LINE('',#8023,#8024);
#8023 = CARTESIAN_POINT('',(0.32,-10.48,8.38));
#8024 = VECTOR('',#8025,1.);
#8025 = DIRECTION('',(0.,1.,0.));
#8026 = PLANE('',#8027);
#8027 = AXIS2_PLACEMENT_3D('',#8028,#8029,#8030);
#8028 = CARTESIAN_POINT('',(0.32,-10.48,-3.));
#8029 = DIRECTION('',(1.,0.,0.));
#8030 = DIRECTION('',(0.,0.,1.));
#8031 = ADVANCED_FACE('',(#8032),#8050,.T.);
#8032 = FACE_BOUND('',#8033,.T.);
#8033 = EDGE_LOOP('',(#8034,#8035,#8036,#8044));
#8034 = ORIENTED_EDGE('',*,*,#8013,.F.);
#8035 = ORIENTED_EDGE('',*,*,#5942,.T.);
#8036 = ORIENTED_EDGE('',*,*,#8037,.T.);
#8037 = EDGE_CURVE('',#5935,#8038,#8040,.T.);
#8038 = VERTEX_POINT('',#8039);
#8039 = CARTESIAN_POINT('',(-0.32,-9.84,8.38));
#8040 = LINE('',#8041,#8042);
#8041 = CARTESIAN_POINT('',(-0.32,-9.84,-3.));
#8042 = VECTOR('',#8043,1.);
#8043 = DIRECTION('',(0.,0.,1.));
#8044 = ORIENTED_EDGE('',*,*,#8045,.T.);
#8045 = EDGE_CURVE('',#8038,#8014,#8046,.T.);
#8046 = LINE('',#8047,#8048);
#8047 = CARTESIAN_POINT('',(-0.32,-9.84,8.38));
#8048 = VECTOR('',#8049,1.);
#8049 = DIRECTION('',(1.,0.,0.));
#8050 = PLANE('',#8051);
#8051 = AXIS2_PLACEMENT_3D('',#8052,#8053,#8054);
#8052 = CARTESIAN_POINT('',(-0.32,-9.84,-3.));
#8053 = DIRECTION('',(0.,1.,0.));
#8054 = DIRECTION('',(0.,-0.,1.));
#8055 = ADVANCED_FACE('',(#8056),#8074,.F.);
#8056 = FACE_BOUND('',#8057,.F.);
#8057 = EDGE_LOOP('',(#8058,#8066,#8067,#8068));
#8058 = ORIENTED_EDGE('',*,*,#8059,.F.);
#8059 = EDGE_CURVE('',#5927,#8060,#8062,.T.);
#8060 = VERTEX_POINT('',#8061);
#8061 = CARTESIAN_POINT('',(-0.32,-10.48,8.38));
#8062 = LINE('',#8063,#8064);
#8063 = CARTESIAN_POINT('',(-0.32,-10.48,-3.));
#8064 = VECTOR('',#8065,1.);
#8065 = DIRECTION('',(0.,0.,1.));
#8066 = ORIENTED_EDGE('',*,*,#5934,.T.);
#8067 = ORIENTED_EDGE('',*,*,#8037,.T.);
#8068 = ORIENTED_EDGE('',*,*,#8069,.F.);
#8069 = EDGE_CURVE('',#8060,#8038,#8070,.T.);
#8070 = LINE('',#8071,#8072);
#8071 = CARTESIAN_POINT('',(-0.32,-10.48,8.38));
#8072 = VECTOR('',#8073,1.);
#8073 = DIRECTION('',(0.,1.,0.));
#8074 = PLANE('',#8075);
#8075 = AXIS2_PLACEMENT_3D('',#8076,#8077,#8078);
#8076 = CARTESIAN_POINT('',(-0.32,-10.48,-3.));
#8077 = DIRECTION('',(1.,0.,0.));
#8078 = DIRECTION('',(0.,0.,1.));
#8079 = ADVANCED_FACE('',(#8080),#8091,.F.);
#8080 = FACE_BOUND('',#8081,.F.);
#8081 = EDGE_LOOP('',(#8082,#8083,#8084,#8085));
#8082 = ORIENTED_EDGE('',*,*,#8004,.F.);
#8083 = ORIENTED_EDGE('',*,*,#5926,.T.);
#8084 = ORIENTED_EDGE('',*,*,#8059,.T.);
#8085 = ORIENTED_EDGE('',*,*,#8086,.T.);
#8086 = EDGE_CURVE('',#8060,#8005,#8087,.T.);
#8087 = LINE('',#8088,#8089);
#8088 = CARTESIAN_POINT('',(-0.32,-10.48,8.38));
#8089 = VECTOR('',#8090,1.);
#8090 = DIRECTION('',(1.,0.,0.));
#8091 = PLANE('',#8092);
#8092 = AXIS2_PLACEMENT_3D('',#8093,#8094,#8095);
#8093 = CARTESIAN_POINT('',(-0.32,-10.48,-3.));
#8094 = DIRECTION('',(0.,1.,0.));
#8095 = DIRECTION('',(0.,-0.,1.));
#8096 = ADVANCED_FACE('',(#8097),#8122,.T.);
#8097 = FACE_BOUND('',#8098,.T.);
#8098 = EDGE_LOOP('',(#8099,#8107,#8108,#8116));
#8099 = ORIENTED_EDGE('',*,*,#8100,.F.);
#8100 = EDGE_CURVE('',#5951,#8101,#8103,.T.);
#8101 = VERTEX_POINT('',#8102);
#8102 = CARTESIAN_POINT('',(0.32,-2.22,8.38));
#8103 = LINE('',#8104,#8105);
#8104 = CARTESIAN_POINT('',(0.32,-2.22,-3.));
#8105 = VECTOR('',#8106,1.);
#8106 = DIRECTION('',(0.,0.,1.));
#8107 = ORIENTED_EDGE('',*,*,#5950,.T.);
#8108 = ORIENTED_EDGE('',*,*,#8109,.T.);
#8109 = EDGE_CURVE('',#5953,#8110,#8112,.T.);
#8110 = VERTEX_POINT('',#8111);
#8111 = CARTESIAN_POINT('',(-0.32,-2.22,8.38));
#8112 = LINE('',#8113,#8114);
#8113 = CARTESIAN_POINT('',(-0.32,-2.22,-3.));
#8114 = VECTOR('',#8115,1.);
#8115 = DIRECTION('',(0.,0.,1.));
#8116 = ORIENTED_EDGE('',*,*,#8117,.T.);
#8117 = EDGE_CURVE('',#8110,#8101,#8118,.T.);
#8118 = LINE('',#8119,#8120);
#8119 = CARTESIAN_POINT('',(-0.32,-2.22,8.38));
#8120 = VECTOR('',#8121,1.);
#8121 = DIRECTION('',(1.,0.,0.));
#8122 = PLANE('',#8123);
#8123 = AXIS2_PLACEMENT_3D('',#8124,#8125,#8126);
#8124 = CARTESIAN_POINT('',(-0.32,-2.22,-3.));
#8125 = DIRECTION('',(0.,1.,0.));
#8126 = DIRECTION('',(0.,-0.,1.));
#8127 = ADVANCED_FACE('',(#8128),#8146,.F.);
#8128 = FACE_BOUND('',#8129,.F.);
#8129 = EDGE_LOOP('',(#8130,#8138,#8139,#8140));
#8130 = ORIENTED_EDGE('',*,*,#8131,.F.);
#8131 = EDGE_CURVE('',#5969,#8132,#8134,.T.);
#8132 = VERTEX_POINT('',#8133);
#8133 = CARTESIAN_POINT('',(-0.32,-2.86,8.38));
#8134 = LINE('',#8135,#8136);
#8135 = CARTESIAN_POINT('',(-0.32,-2.86,-3.));
#8136 = VECTOR('',#8137,1.);
#8137 = DIRECTION('',(0.,0.,1.));
#8138 = ORIENTED_EDGE('',*,*,#5976,.T.);
#8139 = ORIENTED_EDGE('',*,*,#8109,.T.);
#8140 = ORIENTED_EDGE('',*,*,#8141,.F.);
#8141 = EDGE_CURVE('',#8132,#8110,#8142,.T.);
#8142 = LINE('',#8143,#8144);
#8143 = CARTESIAN_POINT('',(-0.32,-2.86,8.38));
#8144 = VECTOR('',#8145,1.);
#8145 = DIRECTION('',(0.,1.,0.));
#8146 = PLANE('',#8147);
#8147 = AXIS2_PLACEMENT_3D('',#8148,#8149,#8150);
#8148 = CARTESIAN_POINT('',(-0.32,-2.86,-3.));
#8149 = DIRECTION('',(1.,0.,0.));
#8150 = DIRECTION('',(0.,0.,1.));
#8151 = ADVANCED_FACE('',(#8152),#8170,.F.);
#8152 = FACE_BOUND('',#8153,.F.);
#8153 = EDGE_LOOP('',(#8154,#8162,#8163,#8164));
#8154 = ORIENTED_EDGE('',*,*,#8155,.F.);
#8155 = EDGE_CURVE('',#5961,#8156,#8158,.T.);
#8156 = VERTEX_POINT('',#8157);
#8157 = CARTESIAN_POINT('',(0.32,-2.86,8.38));
#8158 = LINE('',#8159,#8160);
#8159 = CARTESIAN_POINT('',(0.32,-2.86,-3.));
#8160 = VECTOR('',#8161,1.);
#8161 = DIRECTION('',(0.,0.,1.));
#8162 = ORIENTED_EDGE('',*,*,#5968,.T.);
#8163 = ORIENTED_EDGE('',*,*,#8131,.T.);
#8164 = ORIENTED_EDGE('',*,*,#8165,.T.);
#8165 = EDGE_CURVE('',#8132,#8156,#8166,.T.);
#8166 = LINE('',#8167,#8168);
#8167 = CARTESIAN_POINT('',(-0.32,-2.86,8.38));
#8168 = VECTOR('',#8169,1.);
#8169 = DIRECTION('',(1.,0.,0.));
#8170 = PLANE('',#8171);
#8171 = AXIS2_PLACEMENT_3D('',#8172,#8173,#8174);
#8172 = CARTESIAN_POINT('',(-0.32,-2.86,-3.));
#8173 = DIRECTION('',(0.,1.,0.));
#8174 = DIRECTION('',(0.,-0.,1.));
#8175 = ADVANCED_FACE('',(#8176),#8187,.T.);
#8176 = FACE_BOUND('',#8177,.T.);
#8177 = EDGE_LOOP('',(#8178,#8179,#8180,#8181));
#8178 = ORIENTED_EDGE('',*,*,#8155,.F.);
#8179 = ORIENTED_EDGE('',*,*,#5960,.T.);
#8180 = ORIENTED_EDGE('',*,*,#8100,.T.);
#8181 = ORIENTED_EDGE('',*,*,#8182,.F.);
#8182 = EDGE_CURVE('',#8156,#8101,#8183,.T.);
#8183 = LINE('',#8184,#8185);
#8184 = CARTESIAN_POINT('',(0.32,-2.86,8.38));
#8185 = VECTOR('',#8186,1.);
#8186 = DIRECTION('',(0.,1.,0.));
#8187 = PLANE('',#8188);
#8188 = AXIS2_PLACEMENT_3D('',#8189,#8190,#8191);
#8189 = CARTESIAN_POINT('',(0.32,-2.86,-3.));
#8190 = DIRECTION('',(1.,0.,0.));
#8191 = DIRECTION('',(0.,0.,1.));
#8192 = ADVANCED_FACE('',(#8193),#8218,.F.);
#8193 = FACE_BOUND('',#8194,.F.);
#8194 = EDGE_LOOP('',(#8195,#8203,#8204,#8212));
#8195 = ORIENTED_EDGE('',*,*,#8196,.F.);
#8196 = EDGE_CURVE('',#5985,#8197,#8199,.T.);
#8197 = VERTEX_POINT('',#8198);
#8198 = CARTESIAN_POINT('',(0.32,-5.4,8.38));
#8199 = LINE('',#8200,#8201);
#8200 = CARTESIAN_POINT('',(0.32,-5.4,-3.));
#8201 = VECTOR('',#8202,1.);
#8202 = DIRECTION('',(0.,0.,1.));
#8203 = ORIENTED_EDGE('',*,*,#5984,.T.);
#8204 = ORIENTED_EDGE('',*,*,#8205,.T.);
#8205 = EDGE_CURVE('',#5987,#8206,#8208,.T.);
#8206 = VERTEX_POINT('',#8207);
#8207 = CARTESIAN_POINT('',(-0.32,-5.4,8.38));
#8208 = LINE('',#8209,#8210);
#8209 = CARTESIAN_POINT('',(-0.32,-5.4,-3.));
#8210 = VECTOR('',#8211,1.);
#8211 = DIRECTION('',(0.,0.,1.));
#8212 = ORIENTED_EDGE('',*,*,#8213,.T.);
#8213 = EDGE_CURVE('',#8206,#8197,#8214,.T.);
#8214 = LINE('',#8215,#8216);
#8215 = CARTESIAN_POINT('',(-0.32,-5.4,8.38));
#8216 = VECTOR('',#8217,1.);
#8217 = DIRECTION('',(1.,0.,0.));
#8218 = PLANE('',#8219);
#8219 = AXIS2_PLACEMENT_3D('',#8220,#8221,#8222);
#8220 = CARTESIAN_POINT('',(-0.32,-5.4,-3.));
#8221 = DIRECTION('',(0.,1.,0.));
#8222 = DIRECTION('',(0.,-0.,1.));
#8223 = ADVANCED_FACE('',(#8224),#8242,.T.);
#8224 = FACE_BOUND('',#8225,.T.);
#8225 = EDGE_LOOP('',(#8226,#8227,#8228,#8236));
#8226 = ORIENTED_EDGE('',*,*,#8196,.F.);
#8227 = ORIENTED_EDGE('',*,*,#6010,.T.);
#8228 = ORIENTED_EDGE('',*,*,#8229,.T.);
#8229 = EDGE_CURVE('',#6003,#8230,#8232,.T.);
#8230 = VERTEX_POINT('',#8231);
#8231 = CARTESIAN_POINT('',(0.32,-4.76,8.38));
#8232 = LINE('',#8233,#8234);
#8233 = CARTESIAN_POINT('',(0.32,-4.76,-3.));
#8234 = VECTOR('',#8235,1.);
#8235 = DIRECTION('',(0.,0.,1.));
#8236 = ORIENTED_EDGE('',*,*,#8237,.F.);
#8237 = EDGE_CURVE('',#8197,#8230,#8238,.T.);
#8238 = LINE('',#8239,#8240);
#8239 = CARTESIAN_POINT('',(0.32,-5.4,8.38));
#8240 = VECTOR('',#8241,1.);
#8241 = DIRECTION('',(0.,1.,0.));
#8242 = PLANE('',#8243);
#8243 = AXIS2_PLACEMENT_3D('',#8244,#8245,#8246);
#8244 = CARTESIAN_POINT('',(0.32,-5.4,-3.));
#8245 = DIRECTION('',(1.,0.,0.));
#8246 = DIRECTION('',(0.,0.,1.));
#8247 = ADVANCED_FACE('',(#8248),#8266,.T.);
#8248 = FACE_BOUND('',#8249,.T.);
#8249 = EDGE_LOOP('',(#8250,#8251,#8252,#8260));
#8250 = ORIENTED_EDGE('',*,*,#8229,.F.);
#8251 = ORIENTED_EDGE('',*,*,#6002,.T.);
#8252 = ORIENTED_EDGE('',*,*,#8253,.T.);
#8253 = EDGE_CURVE('',#5995,#8254,#8256,.T.);
#8254 = VERTEX_POINT('',#8255);
#8255 = CARTESIAN_POINT('',(-0.32,-4.76,8.38));
#8256 = LINE('',#8257,#8258);
#8257 = CARTESIAN_POINT('',(-0.32,-4.76,-3.));
#8258 = VECTOR('',#8259,1.);
#8259 = DIRECTION('',(0.,0.,1.));
#8260 = ORIENTED_EDGE('',*,*,#8261,.T.);
#8261 = EDGE_CURVE('',#8254,#8230,#8262,.T.);
#8262 = LINE('',#8263,#8264);
#8263 = CARTESIAN_POINT('',(-0.32,-4.76,8.38));
#8264 = VECTOR('',#8265,1.);
#8265 = DIRECTION('',(1.,0.,0.));
#8266 = PLANE('',#8267);
#8267 = AXIS2_PLACEMENT_3D('',#8268,#8269,#8270);
#8268 = CARTESIAN_POINT('',(-0.32,-4.76,-3.));
#8269 = DIRECTION('',(0.,1.,0.));
#8270 = DIRECTION('',(0.,-0.,1.));
#8271 = ADVANCED_FACE('',(#8272),#8283,.F.);
#8272 = FACE_BOUND('',#8273,.F.);
#8273 = EDGE_LOOP('',(#8274,#8275,#8276,#8277));
#8274 = ORIENTED_EDGE('',*,*,#8205,.F.);
#8275 = ORIENTED_EDGE('',*,*,#5994,.T.);
#8276 = ORIENTED_EDGE('',*,*,#8253,.T.);
#8277 = ORIENTED_EDGE('',*,*,#8278,.F.);
#8278 = EDGE_CURVE('',#8206,#8254,#8279,.T.);
#8279 = LINE('',#8280,#8281);
#8280 = CARTESIAN_POINT('',(-0.32,-5.4,8.38));
#8281 = VECTOR('',#8282,1.);
#8282 = DIRECTION('',(0.,1.,0.));
#8283 = PLANE('',#8284);
#8284 = AXIS2_PLACEMENT_3D('',#8285,#8286,#8287);
#8285 = CARTESIAN_POINT('',(-0.32,-5.4,-3.));
#8286 = DIRECTION('',(1.,0.,0.));
#8287 = DIRECTION('',(0.,0.,1.));
#8288 = ADVANCED_FACE('',(#8289),#8314,.T.);
#8289 = FACE_BOUND('',#8290,.T.);
#8290 = EDGE_LOOP('',(#8291,#8299,#8300,#8308));
#8291 = ORIENTED_EDGE('',*,*,#8292,.F.);
#8292 = EDGE_CURVE('',#6019,#8293,#8295,.T.);
#8293 = VERTEX_POINT('',#8294);
#8294 = CARTESIAN_POINT('',(0.32,-0.32,8.38));
#8295 = LINE('',#8296,#8297);
#8296 = CARTESIAN_POINT('',(0.32,-0.32,-3.));
#8297 = VECTOR('',#8298,1.);
#8298 = DIRECTION('',(0.,0.,1.));
#8299 = ORIENTED_EDGE('',*,*,#6018,.T.);
#8300 = ORIENTED_EDGE('',*,*,#8301,.T.);
#8301 = EDGE_CURVE('',#6021,#8302,#8304,.T.);
#8302 = VERTEX_POINT('',#8303);
#8303 = CARTESIAN_POINT('',(0.32,0.32,8.38));
#8304 = LINE('',#8305,#8306);
#8305 = CARTESIAN_POINT('',(0.32,0.32,-3.));
#8306 = VECTOR('',#8307,1.);
#8307 = DIRECTION('',(0.,0.,1.));
#8308 = ORIENTED_EDGE('',*,*,#8309,.F.);
#8309 = EDGE_CURVE('',#8293,#8302,#8310,.T.);
#8310 = LINE('',#8311,#8312);
#8311 = CARTESIAN_POINT('',(0.32,-0.32,8.38));
#8312 = VECTOR('',#8313,1.);
#8313 = DIRECTION('',(0.,1.,0.));
#8314 = PLANE('',#8315);
#8315 = AXIS2_PLACEMENT_3D('',#8316,#8317,#8318);
#8316 = CARTESIAN_POINT('',(0.32,-0.32,-3.));
#8317 = DIRECTION('',(1.,0.,0.));
#8318 = DIRECTION('',(0.,0.,1.));
#8319 = ADVANCED_FACE('',(#8320),#8338,.T.);
#8320 = FACE_BOUND('',#8321,.T.);
#8321 = EDGE_LOOP('',(#8322,#8323,#8324,#8332));
#8322 = ORIENTED_EDGE('',*,*,#8301,.F.);
#8323 = ORIENTED_EDGE('',*,*,#6044,.T.);
#8324 = ORIENTED_EDGE('',*,*,#8325,.T.);
#8325 = EDGE_CURVE('',#6037,#8326,#8328,.T.);
#8326 = VERTEX_POINT('',#8327);
#8327 = CARTESIAN_POINT('',(-0.32,0.32,8.38));
#8328 = LINE('',#8329,#8330);
#8329 = CARTESIAN_POINT('',(-0.32,0.32,-3.));
#8330 = VECTOR('',#8331,1.);
#8331 = DIRECTION('',(0.,0.,1.));
#8332 = ORIENTED_EDGE('',*,*,#8333,.T.);
#8333 = EDGE_CURVE('',#8326,#8302,#8334,.T.);
#8334 = LINE('',#8335,#8336);
#8335 = CARTESIAN_POINT('',(-0.32,0.32,8.38));
#8336 = VECTOR('',#8337,1.);
#8337 = DIRECTION('',(1.,0.,0.));
#8338 = PLANE('',#8339);
#8339 = AXIS2_PLACEMENT_3D('',#8340,#8341,#8342);
#8340 = CARTESIAN_POINT('',(-0.32,0.32,-3.));
#8341 = DIRECTION('',(0.,1.,0.));
#8342 = DIRECTION('',(0.,-0.,1.));
#8343 = ADVANCED_FACE('',(#8344),#8362,.F.);
#8344 = FACE_BOUND('',#8345,.F.);
#8345 = EDGE_LOOP('',(#8346,#8354,#8355,#8356));
#8346 = ORIENTED_EDGE('',*,*,#8347,.F.);
#8347 = EDGE_CURVE('',#6029,#8348,#8350,.T.);
#8348 = VERTEX_POINT('',#8349);
#8349 = CARTESIAN_POINT('',(-0.32,-0.32,8.38));
#8350 = LINE('',#8351,#8352);
#8351 = CARTESIAN_POINT('',(-0.32,-0.32,-3.));
#8352 = VECTOR('',#8353,1.);
#8353 = DIRECTION('',(0.,0.,1.));
#8354 = ORIENTED_EDGE('',*,*,#6036,.T.);
#8355 = ORIENTED_EDGE('',*,*,#8325,.T.);
#8356 = ORIENTED_EDGE('',*,*,#8357,.F.);
#8357 = EDGE_CURVE('',#8348,#8326,#8358,.T.);
#8358 = LINE('',#8359,#8360);
#8359 = CARTESIAN_POINT('',(-0.32,-0.32,8.38));
#8360 = VECTOR('',#8361,1.);
#8361 = DIRECTION('',(0.,1.,0.));
#8362 = PLANE('',#8363);
#8363 = AXIS2_PLACEMENT_3D('',#8364,#8365,#8366);
#8364 = CARTESIAN_POINT('',(-0.32,-0.32,-3.));
#8365 = DIRECTION('',(1.,0.,0.));
#8366 = DIRECTION('',(0.,0.,1.));
#8367 = ADVANCED_FACE('',(#8368),#8379,.F.);
#8368 = FACE_BOUND('',#8369,.F.);
#8369 = EDGE_LOOP('',(#8370,#8371,#8372,#8373));
#8370 = ORIENTED_EDGE('',*,*,#8292,.F.);
#8371 = ORIENTED_EDGE('',*,*,#6028,.T.);
#8372 = ORIENTED_EDGE('',*,*,#8347,.T.);
#8373 = ORIENTED_EDGE('',*,*,#8374,.T.);
#8374 = EDGE_CURVE('',#8348,#8293,#8375,.T.);
#8375 = LINE('',#8376,#8377);
#8376 = CARTESIAN_POINT('',(-0.32,-0.32,8.38));
#8377 = VECTOR('',#8378,1.);
#8378 = DIRECTION('',(1.,0.,0.));
#8379 = PLANE('',#8380);
#8380 = AXIS2_PLACEMENT_3D('',#8381,#8382,#8383);
#8381 = CARTESIAN_POINT('',(-0.32,-0.32,-3.));
#8382 = DIRECTION('',(0.,1.,0.));
#8383 = DIRECTION('',(0.,-0.,1.));
#8384 = ADVANCED_FACE('',(#8385),#8410,.T.);
#8385 = FACE_BOUND('',#8386,.F.);
#8386 = EDGE_LOOP('',(#8387,#8395,#8396,#8404));
#8387 = ORIENTED_EDGE('',*,*,#8388,.F.);
#8388 = EDGE_CURVE('',#6861,#8389,#8391,.T.);
#8389 = VERTEX_POINT('',#8390);
#8390 = CARTESIAN_POINT('',(-0.16,-17.94,-3.));
#8391 = LINE('',#8392,#8393);
#8392 = CARTESIAN_POINT('',(-0.266666666667,-18.04666666666,
    -2.893333333333));
#8393 = VECTOR('',#8394,1.);
#8394 = DIRECTION('',(0.57735026919,0.57735026919,-0.57735026919));
#8395 = ORIENTED_EDGE('',*,*,#6860,.T.);
#8396 = ORIENTED_EDGE('',*,*,#8397,.T.);
#8397 = EDGE_CURVE('',#6853,#8398,#8400,.T.);
#8398 = VERTEX_POINT('',#8399);
#8399 = CARTESIAN_POINT('',(0.16,-17.94,-3.));
#8400 = LINE('',#8401,#8402);
#8401 = CARTESIAN_POINT('',(0.16,-17.94,-3.));
#8402 = VECTOR('',#8403,1.);
#8403 = DIRECTION('',(-0.57735026919,0.57735026919,-0.57735026919));
#8404 = ORIENTED_EDGE('',*,*,#8405,.F.);
#8405 = EDGE_CURVE('',#8389,#8398,#8406,.T.);
#8406 = LINE('',#8407,#8408);
#8407 = CARTESIAN_POINT('',(-0.32,-17.94,-3.));
#8408 = VECTOR('',#8409,1.);
#8409 = DIRECTION('',(1.,0.,0.));
#8410 = PLANE('',#8411);
#8411 = AXIS2_PLACEMENT_3D('',#8412,#8413,#8414);
#8412 = CARTESIAN_POINT('',(-0.32,-18.02,-2.92));
#8413 = DIRECTION('',(1.735167508357E-18,-0.707106781187,-0.707106781187
    ));
#8414 = DIRECTION('',(-1.,-1.226948711654E-18,-1.226948711654E-18));
#8415 = ADVANCED_FACE('',(#8416),#8434,.F.);
#8416 = FACE_BOUND('',#8417,.F.);
#8417 = EDGE_LOOP('',(#8418,#8419,#8420,#8428));
#8418 = ORIENTED_EDGE('',*,*,#8397,.F.);
#8419 = ORIENTED_EDGE('',*,*,#6884,.T.);
#8420 = ORIENTED_EDGE('',*,*,#8421,.T.);
#8421 = EDGE_CURVE('',#6885,#8422,#8424,.T.);
#8422 = VERTEX_POINT('',#8423);
#8423 = CARTESIAN_POINT('',(0.16,-17.62,-3.));
#8424 = LINE('',#8425,#8426);
#8425 = CARTESIAN_POINT('',(5.333333333333E-02,-17.72666666666,
    -3.106666666667));
#8426 = VECTOR('',#8427,1.);
#8427 = DIRECTION('',(-0.57735026919,-0.57735026919,-0.57735026919));
#8428 = ORIENTED_EDGE('',*,*,#8429,.F.);
#8429 = EDGE_CURVE('',#8398,#8422,#8430,.T.);
#8430 = LINE('',#8431,#8432);
#8431 = CARTESIAN_POINT('',(0.16,-18.1,-3.));
#8432 = VECTOR('',#8433,1.);
#8433 = DIRECTION('',(0.,1.,0.));
#8434 = PLANE('',#8435);
#8435 = AXIS2_PLACEMENT_3D('',#8436,#8437,#8438);
#8436 = CARTESIAN_POINT('',(0.24,-18.1,-2.92));
#8437 = DIRECTION('',(-0.707106781187,1.735167508357E-18,0.707106781187)
  );
#8438 = DIRECTION('',(1.226948711654E-18,1.,-1.226948711654E-18));
#8439 = ADVANCED_FACE('',(#8440),#8458,.F.);
#8440 = FACE_BOUND('',#8441,.T.);
#8441 = EDGE_LOOP('',(#8442,#8450,#8451,#8452));
#8442 = ORIENTED_EDGE('',*,*,#8443,.F.);
#8443 = EDGE_CURVE('',#6909,#8444,#8446,.T.);
#8444 = VERTEX_POINT('',#8445);
#8445 = CARTESIAN_POINT('',(-0.16,-17.62,-3.));
#8446 = LINE('',#8447,#8448);
#8447 = CARTESIAN_POINT('',(-0.16,-17.62,-3.));
#8448 = VECTOR('',#8449,1.);
#8449 = DIRECTION('',(0.57735026919,-0.57735026919,-0.57735026919));
#8450 = ORIENTED_EDGE('',*,*,#6908,.T.);
#8451 = ORIENTED_EDGE('',*,*,#8421,.T.);
#8452 = ORIENTED_EDGE('',*,*,#8453,.F.);
#8453 = EDGE_CURVE('',#8444,#8422,#8454,.T.);
#8454 = LINE('',#8455,#8456);
#8455 = CARTESIAN_POINT('',(-0.32,-17.62,-3.));
#8456 = VECTOR('',#8457,1.);
#8457 = DIRECTION('',(1.,0.,0.));
#8458 = PLANE('',#8459);
#8459 = AXIS2_PLACEMENT_3D('',#8460,#8461,#8462);
#8460 = CARTESIAN_POINT('',(-0.32,-17.54,-2.92));
#8461 = DIRECTION('',(-1.735167508357E-18,-0.707106781187,0.707106781187
    ));
#8462 = DIRECTION('',(-1.,1.226948711654E-18,-1.226948711654E-18));
#8463 = ADVANCED_FACE('',(#8464),#8475,.T.);
#8464 = FACE_BOUND('',#8465,.T.);
#8465 = EDGE_LOOP('',(#8466,#8467,#8468,#8469));
#8466 = ORIENTED_EDGE('',*,*,#8388,.F.);
#8467 = ORIENTED_EDGE('',*,*,#6932,.T.);
#8468 = ORIENTED_EDGE('',*,*,#8443,.T.);
#8469 = ORIENTED_EDGE('',*,*,#8470,.F.);
#8470 = EDGE_CURVE('',#8389,#8444,#8471,.T.);
#8471 = LINE('',#8472,#8473);
#8472 = CARTESIAN_POINT('',(-0.16,-18.1,-3.));
#8473 = VECTOR('',#8474,1.);
#8474 = DIRECTION('',(0.,1.,0.));
#8475 = PLANE('',#8476);
#8476 = AXIS2_PLACEMENT_3D('',#8477,#8478,#8479);
#8477 = CARTESIAN_POINT('',(-0.24,-18.1,-2.92));
#8478 = DIRECTION('',(-0.707106781187,-1.735167508357E-18,
    -0.707106781187));
#8479 = DIRECTION('',(-1.226948711654E-18,1.,-1.226948711654E-18));
#8480 = ADVANCED_FACE('',(#8481),#8506,.F.);
#8481 = FACE_BOUND('',#8482,.T.);
#8482 = EDGE_LOOP('',(#8483,#8491,#8492,#8500));
#8483 = ORIENTED_EDGE('',*,*,#8484,.F.);
#8484 = EDGE_CURVE('',#6957,#8485,#8487,.T.);
#8485 = VERTEX_POINT('',#8486);
#8486 = CARTESIAN_POINT('',(-0.16,-15.08,-3.));
#8487 = LINE('',#8488,#8489);
#8488 = CARTESIAN_POINT('',(-0.16,-15.08,-3.));
#8489 = VECTOR('',#8490,1.);
#8490 = DIRECTION('',(0.57735026919,-0.57735026919,-0.57735026919));
#8491 = ORIENTED_EDGE('',*,*,#6956,.T.);
#8492 = ORIENTED_EDGE('',*,*,#8493,.T.);
#8493 = EDGE_CURVE('',#6949,#8494,#8496,.T.);
#8494 = VERTEX_POINT('',#8495);
#8495 = CARTESIAN_POINT('',(0.16,-15.08,-3.));
#8496 = LINE('',#8497,#8498);
#8497 = CARTESIAN_POINT('',(5.333333333333E-02,-15.18666666666,
    -3.106666666667));
#8498 = VECTOR('',#8499,1.);
#8499 = DIRECTION('',(-0.57735026919,-0.57735026919,-0.57735026919));
#8500 = ORIENTED_EDGE('',*,*,#8501,.F.);
#8501 = EDGE_CURVE('',#8485,#8494,#8502,.T.);
#8502 = LINE('',#8503,#8504);
#8503 = CARTESIAN_POINT('',(-0.32,-15.08,-3.));
#8504 = VECTOR('',#8505,1.);
#8505 = DIRECTION('',(1.,0.,0.));
#8506 = PLANE('',#8507);
#8507 = AXIS2_PLACEMENT_3D('',#8508,#8509,#8510);
#8508 = CARTESIAN_POINT('',(-0.32,-15.,-2.92));
#8509 = DIRECTION('',(-1.735167508357E-18,-0.707106781187,0.707106781187
    ));
#8510 = DIRECTION('',(-1.,1.226948711654E-18,-1.226948711654E-18));
#8511 = ADVANCED_FACE('',(#8512),#8530,.T.);
#8512 = FACE_BOUND('',#8513,.T.);
#8513 = EDGE_LOOP('',(#8514,#8522,#8523,#8524));
#8514 = ORIENTED_EDGE('',*,*,#8515,.F.);
#8515 = EDGE_CURVE('',#6980,#8516,#8518,.T.);
#8516 = VERTEX_POINT('',#8517);
#8517 = CARTESIAN_POINT('',(-0.16,-15.4,-3.));
#8518 = LINE('',#8519,#8520);
#8519 = CARTESIAN_POINT('',(-0.266666666667,-15.50666666666,
    -2.893333333333));
#8520 = VECTOR('',#8521,1.);
#8521 = DIRECTION('',(0.57735026919,0.57735026919,-0.57735026919));
#8522 = ORIENTED_EDGE('',*,*,#6987,.T.);
#8523 = ORIENTED_EDGE('',*,*,#8484,.T.);
#8524 = ORIENTED_EDGE('',*,*,#8525,.F.);
#8525 = EDGE_CURVE('',#8516,#8485,#8526,.T.);
#8526 = LINE('',#8527,#8528);
#8527 = CARTESIAN_POINT('',(-0.16,-15.56,-3.));
#8528 = VECTOR('',#8529,1.);
#8529 = DIRECTION('',(0.,1.,0.));
#8530 = PLANE('',#8531);
#8531 = AXIS2_PLACEMENT_3D('',#8532,#8533,#8534);
#8532 = CARTESIAN_POINT('',(-0.24,-15.56,-2.92));
#8533 = DIRECTION('',(-0.707106781187,-1.735167508357E-18,
    -0.707106781187));
#8534 = DIRECTION('',(-1.226948711654E-18,1.,-1.226948711654E-18));
#8535 = ADVANCED_FACE('',(#8536),#8554,.T.);
#8536 = FACE_BOUND('',#8537,.F.);
#8537 = EDGE_LOOP('',(#8538,#8539,#8540,#8548));
#8538 = ORIENTED_EDGE('',*,*,#8515,.F.);
#8539 = ORIENTED_EDGE('',*,*,#7011,.T.);
#8540 = ORIENTED_EDGE('',*,*,#8541,.T.);
#8541 = EDGE_CURVE('',#7004,#8542,#8544,.T.);
#8542 = VERTEX_POINT('',#8543);
#8543 = CARTESIAN_POINT('',(0.16,-15.4,-3.));
#8544 = LINE('',#8545,#8546);
#8545 = CARTESIAN_POINT('',(0.16,-15.4,-3.));
#8546 = VECTOR('',#8547,1.);
#8547 = DIRECTION('',(-0.57735026919,0.57735026919,-0.57735026919));
#8548 = ORIENTED_EDGE('',*,*,#8549,.F.);
#8549 = EDGE_CURVE('',#8516,#8542,#8550,.T.);
#8550 = LINE('',#8551,#8552);
#8551 = CARTESIAN_POINT('',(-0.32,-15.4,-3.));
#8552 = VECTOR('',#8553,1.);
#8553 = DIRECTION('',(1.,0.,0.));
#8554 = PLANE('',#8555);
#8555 = AXIS2_PLACEMENT_3D('',#8556,#8557,#8558);
#8556 = CARTESIAN_POINT('',(-0.32,-15.48,-2.92));
#8557 = DIRECTION('',(1.735167508357E-18,-0.707106781187,-0.707106781187
    ));
#8558 = DIRECTION('',(-1.,-1.226948711654E-18,-1.226948711654E-18));
#8559 = ADVANCED_FACE('',(#8560),#8571,.F.);
#8560 = FACE_BOUND('',#8561,.F.);
#8561 = EDGE_LOOP('',(#8562,#8563,#8564,#8565));
#8562 = ORIENTED_EDGE('',*,*,#8541,.F.);
#8563 = ORIENTED_EDGE('',*,*,#7028,.T.);
#8564 = ORIENTED_EDGE('',*,*,#8493,.T.);
#8565 = ORIENTED_EDGE('',*,*,#8566,.F.);
#8566 = EDGE_CURVE('',#8542,#8494,#8567,.T.);
#8567 = LINE('',#8568,#8569);
#8568 = CARTESIAN_POINT('',(0.16,-15.56,-3.));
#8569 = VECTOR('',#8570,1.);
#8570 = DIRECTION('',(0.,1.,0.));
#8571 = PLANE('',#8572);
#8572 = AXIS2_PLACEMENT_3D('',#8573,#8574,#8575);
#8573 = CARTESIAN_POINT('',(0.24,-15.56,-2.92));
#8574 = DIRECTION('',(-0.707106781187,1.735167508357E-18,0.707106781187)
  );
#8575 = DIRECTION('',(1.226948711654E-18,1.,-1.226948711654E-18));
#8576 = ADVANCED_FACE('',(#8577),#8602,.F.);
#8577 = FACE_BOUND('',#8578,.F.);
#8578 = EDGE_LOOP('',(#8579,#8587,#8588,#8596));
#8579 = ORIENTED_EDGE('',*,*,#8580,.F.);
#8580 = EDGE_CURVE('',#7045,#8581,#8583,.T.);
#8581 = VERTEX_POINT('',#8582);
#8582 = CARTESIAN_POINT('',(0.16,-7.78,-3.));
#8583 = LINE('',#8584,#8585);
#8584 = CARTESIAN_POINT('',(0.16,-7.78,-3.));
#8585 = VECTOR('',#8586,1.);
#8586 = DIRECTION('',(-0.57735026919,0.57735026919,-0.57735026919));
#8587 = ORIENTED_EDGE('',*,*,#7052,.T.);
#8588 = ORIENTED_EDGE('',*,*,#8589,.T.);
#8589 = EDGE_CURVE('',#7053,#8590,#8592,.T.);
#8590 = VERTEX_POINT('',#8591);
#8591 = CARTESIAN_POINT('',(0.16,-7.46,-3.));
#8592 = LINE('',#8593,#8594);
#8593 = CARTESIAN_POINT('',(5.333333333333E-02,-7.566666666667,
    -3.106666666667));
#8594 = VECTOR('',#8595,1.);
#8595 = DIRECTION('',(-0.57735026919,-0.57735026919,-0.57735026919));
#8596 = ORIENTED_EDGE('',*,*,#8597,.F.);
#8597 = EDGE_CURVE('',#8581,#8590,#8598,.T.);
#8598 = LINE('',#8599,#8600);
#8599 = CARTESIAN_POINT('',(0.16,-7.94,-3.));
#8600 = VECTOR('',#8601,1.);
#8601 = DIRECTION('',(0.,1.,0.));
#8602 = PLANE('',#8603);
#8603 = AXIS2_PLACEMENT_3D('',#8604,#8605,#8606);
#8604 = CARTESIAN_POINT('',(0.24,-7.94,-2.92));
#8605 = DIRECTION('',(-0.707106781187,1.735167508357E-18,0.707106781187)
  );
#8606 = DIRECTION('',(1.226948711654E-18,1.,-1.226948711654E-18));
#8607 = ADVANCED_FACE('',(#8608),#8626,.F.);
#8608 = FACE_BOUND('',#8609,.T.);
#8609 = EDGE_LOOP('',(#8610,#8618,#8619,#8620));
#8610 = ORIENTED_EDGE('',*,*,#8611,.F.);
#8611 = EDGE_CURVE('',#7077,#8612,#8614,.T.);
#8612 = VERTEX_POINT('',#8613);
#8613 = CARTESIAN_POINT('',(-0.16,-7.46,-3.));
#8614 = LINE('',#8615,#8616);
#8615 = CARTESIAN_POINT('',(-0.16,-7.46,-3.));
#8616 = VECTOR('',#8617,1.);
#8617 = DIRECTION('',(0.57735026919,-0.57735026919,-0.57735026919));
#8618 = ORIENTED_EDGE('',*,*,#7076,.T.);
#8619 = ORIENTED_EDGE('',*,*,#8589,.T.);
#8620 = ORIENTED_EDGE('',*,*,#8621,.F.);
#8621 = EDGE_CURVE('',#8612,#8590,#8622,.T.);
#8622 = LINE('',#8623,#8624);
#8623 = CARTESIAN_POINT('',(-0.32,-7.46,-3.));
#8624 = VECTOR('',#8625,1.);
#8625 = DIRECTION('',(1.,0.,0.));
#8626 = PLANE('',#8627);
#8627 = AXIS2_PLACEMENT_3D('',#8628,#8629,#8630);
#8628 = CARTESIAN_POINT('',(-0.32,-7.38,-2.92));
#8629 = DIRECTION('',(-1.735167508357E-18,-0.707106781187,0.707106781187
    ));
#8630 = DIRECTION('',(-1.,1.226948711654E-18,-1.226948711654E-18));
#8631 = ADVANCED_FACE('',(#8632),#8650,.T.);
#8632 = FACE_BOUND('',#8633,.T.);
#8633 = EDGE_LOOP('',(#8634,#8642,#8643,#8644));
#8634 = ORIENTED_EDGE('',*,*,#8635,.F.);
#8635 = EDGE_CURVE('',#7100,#8636,#8638,.T.);
#8636 = VERTEX_POINT('',#8637);
#8637 = CARTESIAN_POINT('',(-0.16,-7.78,-3.));
#8638 = LINE('',#8639,#8640);
#8639 = CARTESIAN_POINT('',(-0.266666666667,-7.886666666667,
    -2.893333333333));
#8640 = VECTOR('',#8641,1.);
#8641 = DIRECTION('',(0.57735026919,0.57735026919,-0.57735026919));
#8642 = ORIENTED_EDGE('',*,*,#7107,.T.);
#8643 = ORIENTED_EDGE('',*,*,#8611,.T.);
#8644 = ORIENTED_EDGE('',*,*,#8645,.F.);
#8645 = EDGE_CURVE('',#8636,#8612,#8646,.T.);
#8646 = LINE('',#8647,#8648);
#8647 = CARTESIAN_POINT('',(-0.16,-7.94,-3.));
#8648 = VECTOR('',#8649,1.);
#8649 = DIRECTION('',(0.,1.,0.));
#8650 = PLANE('',#8651);
#8651 = AXIS2_PLACEMENT_3D('',#8652,#8653,#8654);
#8652 = CARTESIAN_POINT('',(-0.24,-7.94,-2.92));
#8653 = DIRECTION('',(-0.707106781187,-1.735167508357E-18,
    -0.707106781187));
#8654 = DIRECTION('',(-1.226948711654E-18,1.,-1.226948711654E-18));
#8655 = ADVANCED_FACE('',(#8656),#8667,.T.);
#8656 = FACE_BOUND('',#8657,.F.);
#8657 = EDGE_LOOP('',(#8658,#8659,#8660,#8661));
#8658 = ORIENTED_EDGE('',*,*,#8635,.F.);
#8659 = ORIENTED_EDGE('',*,*,#7124,.T.);
#8660 = ORIENTED_EDGE('',*,*,#8580,.T.);
#8661 = ORIENTED_EDGE('',*,*,#8662,.F.);
#8662 = EDGE_CURVE('',#8636,#8581,#8663,.T.);
#8663 = LINE('',#8664,#8665);
#8664 = CARTESIAN_POINT('',(-0.32,-7.78,-3.));
#8665 = VECTOR('',#8666,1.);
#8666 = DIRECTION('',(1.,0.,0.));
#8667 = PLANE('',#8668);
#8668 = AXIS2_PLACEMENT_3D('',#8669,#8670,#8671);
#8669 = CARTESIAN_POINT('',(-0.32,-7.86,-2.92));
#8670 = DIRECTION('',(1.735167508357E-18,-0.707106781187,-0.707106781187
    ));
#8671 = DIRECTION('',(-1.,-1.226948711654E-18,-1.226948711654E-18));
#8672 = ADVANCED_FACE('',(#8673),#8698,.F.);
#8673 = FACE_BOUND('',#8674,.T.);
#8674 = EDGE_LOOP('',(#8675,#8683,#8684,#8692));
#8675 = ORIENTED_EDGE('',*,*,#8676,.F.);
#8676 = EDGE_CURVE('',#7149,#8677,#8679,.T.);
#8677 = VERTEX_POINT('',#8678);
#8678 = CARTESIAN_POINT('',(-0.16,-12.54,-3.));
#8679 = LINE('',#8680,#8681);
#8680 = CARTESIAN_POINT('',(-0.16,-12.54,-3.));
#8681 = VECTOR('',#8682,1.);
#8682 = DIRECTION('',(0.57735026919,-0.57735026919,-0.57735026919));
#8683 = ORIENTED_EDGE('',*,*,#7148,.T.);
#8684 = ORIENTED_EDGE('',*,*,#8685,.T.);
#8685 = EDGE_CURVE('',#7141,#8686,#8688,.T.);
#8686 = VERTEX_POINT('',#8687);
#8687 = CARTESIAN_POINT('',(0.16,-12.54,-3.));
#8688 = LINE('',#8689,#8690);
#8689 = CARTESIAN_POINT('',(5.333333333333E-02,-12.64666666666,
    -3.106666666667));
#8690 = VECTOR('',#8691,1.);
#8691 = DIRECTION('',(-0.57735026919,-0.57735026919,-0.57735026919));
#8692 = ORIENTED_EDGE('',*,*,#8693,.F.);
#8693 = EDGE_CURVE('',#8677,#8686,#8694,.T.);
#8694 = LINE('',#8695,#8696);
#8695 = CARTESIAN_POINT('',(-0.32,-12.54,-3.));
#8696 = VECTOR('',#8697,1.);
#8697 = DIRECTION('',(1.,0.,0.));
#8698 = PLANE('',#8699);
#8699 = AXIS2_PLACEMENT_3D('',#8700,#8701,#8702);
#8700 = CARTESIAN_POINT('',(-0.32,-12.46,-2.92));
#8701 = DIRECTION('',(-1.735167508357E-18,-0.707106781187,0.707106781187
    ));
#8702 = DIRECTION('',(-1.,1.226948711654E-18,-1.226948711654E-18));
#8703 = ADVANCED_FACE('',(#8704),#8722,.T.);
#8704 = FACE_BOUND('',#8705,.T.);
#8705 = EDGE_LOOP('',(#8706,#8714,#8715,#8716));
#8706 = ORIENTED_EDGE('',*,*,#8707,.F.);
#8707 = EDGE_CURVE('',#7172,#8708,#8710,.T.);
#8708 = VERTEX_POINT('',#8709);
#8709 = CARTESIAN_POINT('',(-0.16,-12.86,-3.));
#8710 = LINE('',#8711,#8712);
#8711 = CARTESIAN_POINT('',(-0.266666666667,-12.96666666666,
    -2.893333333333));
#8712 = VECTOR('',#8713,1.);
#8713 = DIRECTION('',(0.57735026919,0.57735026919,-0.57735026919));
#8714 = ORIENTED_EDGE('',*,*,#7179,.T.);
#8715 = ORIENTED_EDGE('',*,*,#8676,.T.);
#8716 = ORIENTED_EDGE('',*,*,#8717,.F.);
#8717 = EDGE_CURVE('',#8708,#8677,#8718,.T.);
#8718 = LINE('',#8719,#8720);
#8719 = CARTESIAN_POINT('',(-0.16,-13.02,-3.));
#8720 = VECTOR('',#8721,1.);
#8721 = DIRECTION('',(0.,1.,0.));
#8722 = PLANE('',#8723);
#8723 = AXIS2_PLACEMENT_3D('',#8724,#8725,#8726);
#8724 = CARTESIAN_POINT('',(-0.24,-13.02,-2.92));
#8725 = DIRECTION('',(-0.707106781187,-1.735167508357E-18,
    -0.707106781187));
#8726 = DIRECTION('',(-1.226948711654E-18,1.,-1.226948711654E-18));
#8727 = ADVANCED_FACE('',(#8728),#8746,.T.);
#8728 = FACE_BOUND('',#8729,.F.);
#8729 = EDGE_LOOP('',(#8730,#8731,#8732,#8740));
#8730 = ORIENTED_EDGE('',*,*,#8707,.F.);
#8731 = ORIENTED_EDGE('',*,*,#7203,.T.);
#8732 = ORIENTED_EDGE('',*,*,#8733,.T.);
#8733 = EDGE_CURVE('',#7196,#8734,#8736,.T.);
#8734 = VERTEX_POINT('',#8735);
#8735 = CARTESIAN_POINT('',(0.16,-12.86,-3.));
#8736 = LINE('',#8737,#8738);
#8737 = CARTESIAN_POINT('',(0.16,-12.86,-3.));
#8738 = VECTOR('',#8739,1.);
#8739 = DIRECTION('',(-0.57735026919,0.57735026919,-0.57735026919));
#8740 = ORIENTED_EDGE('',*,*,#8741,.F.);
#8741 = EDGE_CURVE('',#8708,#8734,#8742,.T.);
#8742 = LINE('',#8743,#8744);
#8743 = CARTESIAN_POINT('',(-0.32,-12.86,-3.));
#8744 = VECTOR('',#8745,1.);
#8745 = DIRECTION('',(1.,0.,0.));
#8746 = PLANE('',#8747);
#8747 = AXIS2_PLACEMENT_3D('',#8748,#8749,#8750);
#8748 = CARTESIAN_POINT('',(-0.32,-12.94,-2.92));
#8749 = DIRECTION('',(1.735167508357E-18,-0.707106781187,-0.707106781187
    ));
#8750 = DIRECTION('',(-1.,-1.226948711654E-18,-1.226948711654E-18));
#8751 = ADVANCED_FACE('',(#8752),#8763,.F.);
#8752 = FACE_BOUND('',#8753,.F.);
#8753 = EDGE_LOOP('',(#8754,#8755,#8756,#8757));
#8754 = ORIENTED_EDGE('',*,*,#8733,.F.);
#8755 = ORIENTED_EDGE('',*,*,#7220,.T.);
#8756 = ORIENTED_EDGE('',*,*,#8685,.T.);
#8757 = ORIENTED_EDGE('',*,*,#8758,.F.);
#8758 = EDGE_CURVE('',#8734,#8686,#8759,.T.);
#8759 = LINE('',#8760,#8761);
#8760 = CARTESIAN_POINT('',(0.16,-13.02,-3.));
#8761 = VECTOR('',#8762,1.);
#8762 = DIRECTION('',(0.,1.,0.));
#8763 = PLANE('',#8764);
#8764 = AXIS2_PLACEMENT_3D('',#8765,#8766,#8767);
#8765 = CARTESIAN_POINT('',(0.24,-13.02,-2.92));
#8766 = DIRECTION('',(-0.707106781187,1.735167508357E-18,0.707106781187)
  );
#8767 = DIRECTION('',(1.226948711654E-18,1.,-1.226948711654E-18));
#8768 = ADVANCED_FACE('',(#8769),#8794,.F.);
#8769 = FACE_BOUND('',#8770,.F.);
#8770 = EDGE_LOOP('',(#8771,#8779,#8780,#8788));
#8771 = ORIENTED_EDGE('',*,*,#8772,.F.);
#8772 = EDGE_CURVE('',#7237,#8773,#8775,.T.);
#8773 = VERTEX_POINT('',#8774);
#8774 = CARTESIAN_POINT('',(0.16,-10.32,-3.));
#8775 = LINE('',#8776,#8777);
#8776 = CARTESIAN_POINT('',(0.16,-10.32,-3.));
#8777 = VECTOR('',#8778,1.);
#8778 = DIRECTION('',(-0.57735026919,0.57735026919,-0.57735026919));
#8779 = ORIENTED_EDGE('',*,*,#7244,.T.);
#8780 = ORIENTED_EDGE('',*,*,#8781,.T.);
#8781 = EDGE_CURVE('',#7245,#8782,#8784,.T.);
#8782 = VERTEX_POINT('',#8783);
#8783 = CARTESIAN_POINT('',(0.16,-10.,-3.));
#8784 = LINE('',#8785,#8786);
#8785 = CARTESIAN_POINT('',(5.333333333333E-02,-10.10666666666,
    -3.106666666667));
#8786 = VECTOR('',#8787,1.);
#8787 = DIRECTION('',(-0.57735026919,-0.57735026919,-0.57735026919));
#8788 = ORIENTED_EDGE('',*,*,#8789,.F.);
#8789 = EDGE_CURVE('',#8773,#8782,#8790,.T.);
#8790 = LINE('',#8791,#8792);
#8791 = CARTESIAN_POINT('',(0.16,-10.48,-3.));
#8792 = VECTOR('',#8793,1.);
#8793 = DIRECTION('',(0.,1.,0.));
#8794 = PLANE('',#8795);
#8795 = AXIS2_PLACEMENT_3D('',#8796,#8797,#8798);
#8796 = CARTESIAN_POINT('',(0.24,-10.48,-2.92));
#8797 = DIRECTION('',(-0.707106781187,1.735167508357E-18,0.707106781187)
  );
#8798 = DIRECTION('',(1.226948711654E-18,1.,-1.226948711654E-18));
#8799 = ADVANCED_FACE('',(#8800),#8818,.F.);
#8800 = FACE_BOUND('',#8801,.T.);
#8801 = EDGE_LOOP('',(#8802,#8810,#8811,#8812));
#8802 = ORIENTED_EDGE('',*,*,#8803,.F.);
#8803 = EDGE_CURVE('',#7269,#8804,#8806,.T.);
#8804 = VERTEX_POINT('',#8805);
#8805 = CARTESIAN_POINT('',(-0.16,-10.,-3.));
#8806 = LINE('',#8807,#8808);
#8807 = CARTESIAN_POINT('',(-0.16,-10.,-3.));
#8808 = VECTOR('',#8809,1.);
#8809 = DIRECTION('',(0.57735026919,-0.57735026919,-0.57735026919));
#8810 = ORIENTED_EDGE('',*,*,#7268,.T.);
#8811 = ORIENTED_EDGE('',*,*,#8781,.T.);
#8812 = ORIENTED_EDGE('',*,*,#8813,.F.);
#8813 = EDGE_CURVE('',#8804,#8782,#8814,.T.);
#8814 = LINE('',#8815,#8816);
#8815 = CARTESIAN_POINT('',(-0.32,-10.,-3.));
#8816 = VECTOR('',#8817,1.);
#8817 = DIRECTION('',(1.,0.,0.));
#8818 = PLANE('',#8819);
#8819 = AXIS2_PLACEMENT_3D('',#8820,#8821,#8822);
#8820 = CARTESIAN_POINT('',(-0.32,-9.92,-2.92));
#8821 = DIRECTION('',(-1.735167508357E-18,-0.707106781187,0.707106781187
    ));
#8822 = DIRECTION('',(-1.,1.226948711654E-18,-1.226948711654E-18));
#8823 = ADVANCED_FACE('',(#8824),#8842,.T.);
#8824 = FACE_BOUND('',#8825,.T.);
#8825 = EDGE_LOOP('',(#8826,#8834,#8835,#8836));
#8826 = ORIENTED_EDGE('',*,*,#8827,.F.);
#8827 = EDGE_CURVE('',#7292,#8828,#8830,.T.);
#8828 = VERTEX_POINT('',#8829);
#8829 = CARTESIAN_POINT('',(-0.16,-10.32,-3.));
#8830 = LINE('',#8831,#8832);
#8831 = CARTESIAN_POINT('',(-0.266666666667,-10.42666666666,
    -2.893333333333));
#8832 = VECTOR('',#8833,1.);
#8833 = DIRECTION('',(0.57735026919,0.57735026919,-0.57735026919));
#8834 = ORIENTED_EDGE('',*,*,#7299,.T.);
#8835 = ORIENTED_EDGE('',*,*,#8803,.T.);
#8836 = ORIENTED_EDGE('',*,*,#8837,.F.);
#8837 = EDGE_CURVE('',#8828,#8804,#8838,.T.);
#8838 = LINE('',#8839,#8840);
#8839 = CARTESIAN_POINT('',(-0.16,-10.48,-3.));
#8840 = VECTOR('',#8841,1.);
#8841 = DIRECTION('',(0.,1.,0.));
#8842 = PLANE('',#8843);
#8843 = AXIS2_PLACEMENT_3D('',#8844,#8845,#8846);
#8844 = CARTESIAN_POINT('',(-0.24,-10.48,-2.92));
#8845 = DIRECTION('',(-0.707106781187,-1.735167508357E-18,
    -0.707106781187));
#8846 = DIRECTION('',(-1.226948711654E-18,1.,-1.226948711654E-18));
#8847 = ADVANCED_FACE('',(#8848),#8859,.T.);
#8848 = FACE_BOUND('',#8849,.F.);
#8849 = EDGE_LOOP('',(#8850,#8851,#8852,#8853));
#8850 = ORIENTED_EDGE('',*,*,#8827,.F.);
#8851 = ORIENTED_EDGE('',*,*,#7316,.T.);
#8852 = ORIENTED_EDGE('',*,*,#8772,.T.);
#8853 = ORIENTED_EDGE('',*,*,#8854,.F.);
#8854 = EDGE_CURVE('',#8828,#8773,#8855,.T.);
#8855 = LINE('',#8856,#8857);
#8856 = CARTESIAN_POINT('',(-0.32,-10.32,-3.));
#8857 = VECTOR('',#8858,1.);
#8858 = DIRECTION('',(1.,0.,0.));
#8859 = PLANE('',#8860);
#8860 = AXIS2_PLACEMENT_3D('',#8861,#8862,#8863);
#8861 = CARTESIAN_POINT('',(-0.32,-10.4,-2.92));
#8862 = DIRECTION('',(1.735167508357E-18,-0.707106781187,-0.707106781187
    ));
#8863 = DIRECTION('',(-1.,-1.226948711654E-18,-1.226948711654E-18));
#8864 = ADVANCED_FACE('',(#8865),#8890,.F.);
#8865 = FACE_BOUND('',#8866,.T.);
#8866 = EDGE_LOOP('',(#8867,#8875,#8876,#8884));
#8867 = ORIENTED_EDGE('',*,*,#8868,.F.);
#8868 = EDGE_CURVE('',#7341,#8869,#8871,.T.);
#8869 = VERTEX_POINT('',#8870);
#8870 = CARTESIAN_POINT('',(-0.16,-2.38,-3.));
#8871 = LINE('',#8872,#8873);
#8872 = CARTESIAN_POINT('',(-0.16,-2.38,-3.));
#8873 = VECTOR('',#8874,1.);
#8874 = DIRECTION('',(0.57735026919,-0.57735026919,-0.57735026919));
#8875 = ORIENTED_EDGE('',*,*,#7340,.T.);
#8876 = ORIENTED_EDGE('',*,*,#8877,.T.);
#8877 = EDGE_CURVE('',#7333,#8878,#8880,.T.);
#8878 = VERTEX_POINT('',#8879);
#8879 = CARTESIAN_POINT('',(0.16,-2.38,-3.));
#8880 = LINE('',#8881,#8882);
#8881 = CARTESIAN_POINT('',(5.333333333333E-02,-2.486666666667,
    -3.106666666667));
#8882 = VECTOR('',#8883,1.);
#8883 = DIRECTION('',(-0.57735026919,-0.57735026919,-0.57735026919));
#8884 = ORIENTED_EDGE('',*,*,#8885,.F.);
#8885 = EDGE_CURVE('',#8869,#8878,#8886,.T.);
#8886 = LINE('',#8887,#8888);
#8887 = CARTESIAN_POINT('',(-0.32,-2.38,-3.));
#8888 = VECTOR('',#8889,1.);
#8889 = DIRECTION('',(1.,0.,0.));
#8890 = PLANE('',#8891);
#8891 = AXIS2_PLACEMENT_3D('',#8892,#8893,#8894);
#8892 = CARTESIAN_POINT('',(-0.32,-2.3,-2.92));
#8893 = DIRECTION('',(-1.735167508357E-18,-0.707106781187,0.707106781187
    ));
#8894 = DIRECTION('',(-1.,1.226948711654E-18,-1.226948711654E-18));
#8895 = ADVANCED_FACE('',(#8896),#8914,.T.);
#8896 = FACE_BOUND('',#8897,.T.);
#8897 = EDGE_LOOP('',(#8898,#8906,#8907,#8908));
#8898 = ORIENTED_EDGE('',*,*,#8899,.F.);
#8899 = EDGE_CURVE('',#7364,#8900,#8902,.T.);
#8900 = VERTEX_POINT('',#8901);
#8901 = CARTESIAN_POINT('',(-0.16,-2.7,-3.));
#8902 = LINE('',#8903,#8904);
#8903 = CARTESIAN_POINT('',(-0.266666666667,-2.806666666667,
    -2.893333333333));
#8904 = VECTOR('',#8905,1.);
#8905 = DIRECTION('',(0.57735026919,0.57735026919,-0.57735026919));
#8906 = ORIENTED_EDGE('',*,*,#7371,.T.);
#8907 = ORIENTED_EDGE('',*,*,#8868,.T.);
#8908 = ORIENTED_EDGE('',*,*,#8909,.F.);
#8909 = EDGE_CURVE('',#8900,#8869,#8910,.T.);
#8910 = LINE('',#8911,#8912);
#8911 = CARTESIAN_POINT('',(-0.16,-2.86,-3.));
#8912 = VECTOR('',#8913,1.);
#8913 = DIRECTION('',(0.,1.,0.));
#8914 = PLANE('',#8915);
#8915 = AXIS2_PLACEMENT_3D('',#8916,#8917,#8918);
#8916 = CARTESIAN_POINT('',(-0.24,-2.86,-2.92));
#8917 = DIRECTION('',(-0.707106781187,-1.735167508357E-18,
    -0.707106781187));
#8918 = DIRECTION('',(-1.226948711654E-18,1.,-1.226948711654E-18));
#8919 = ADVANCED_FACE('',(#8920),#8938,.T.);
#8920 = FACE_BOUND('',#8921,.F.);
#8921 = EDGE_LOOP('',(#8922,#8923,#8924,#8932));
#8922 = ORIENTED_EDGE('',*,*,#8899,.F.);
#8923 = ORIENTED_EDGE('',*,*,#7395,.T.);
#8924 = ORIENTED_EDGE('',*,*,#8925,.T.);
#8925 = EDGE_CURVE('',#7388,#8926,#8928,.T.);
#8926 = VERTEX_POINT('',#8927);
#8927 = CARTESIAN_POINT('',(0.16,-2.7,-3.));
#8928 = LINE('',#8929,#8930);
#8929 = CARTESIAN_POINT('',(0.16,-2.7,-3.));
#8930 = VECTOR('',#8931,1.);
#8931 = DIRECTION('',(-0.57735026919,0.57735026919,-0.57735026919));
#8932 = ORIENTED_EDGE('',*,*,#8933,.F.);
#8933 = EDGE_CURVE('',#8900,#8926,#8934,.T.);
#8934 = LINE('',#8935,#8936);
#8935 = CARTESIAN_POINT('',(-0.32,-2.7,-3.));
#8936 = VECTOR('',#8937,1.);
#8937 = DIRECTION('',(1.,0.,0.));
#8938 = PLANE('',#8939);
#8939 = AXIS2_PLACEMENT_3D('',#8940,#8941,#8942);
#8940 = CARTESIAN_POINT('',(-0.32,-2.78,-2.92));
#8941 = DIRECTION('',(1.735167508357E-18,-0.707106781187,-0.707106781187
    ));
#8942 = DIRECTION('',(-1.,-1.226948711654E-18,-1.226948711654E-18));
#8943 = ADVANCED_FACE('',(#8944),#8955,.F.);
#8944 = FACE_BOUND('',#8945,.F.);
#8945 = EDGE_LOOP('',(#8946,#8947,#8948,#8949));
#8946 = ORIENTED_EDGE('',*,*,#8925,.F.);
#8947 = ORIENTED_EDGE('',*,*,#7412,.T.);
#8948 = ORIENTED_EDGE('',*,*,#8877,.T.);
#8949 = ORIENTED_EDGE('',*,*,#8950,.F.);
#8950 = EDGE_CURVE('',#8926,#8878,#8951,.T.);
#8951 = LINE('',#8952,#8953);
#8952 = CARTESIAN_POINT('',(0.16,-2.86,-3.));
#8953 = VECTOR('',#8954,1.);
#8954 = DIRECTION('',(0.,1.,0.));
#8955 = PLANE('',#8956);
#8956 = AXIS2_PLACEMENT_3D('',#8957,#8958,#8959);
#8957 = CARTESIAN_POINT('',(0.24,-2.86,-2.92));
#8958 = DIRECTION('',(-0.707106781187,1.735167508357E-18,0.707106781187)
  );
#8959 = DIRECTION('',(1.226948711654E-18,1.,-1.226948711654E-18));
#8960 = ADVANCED_FACE('',(#8961),#8986,.T.);
#8961 = FACE_BOUND('',#8962,.F.);
#8962 = EDGE_LOOP('',(#8963,#8971,#8972,#8980));
#8963 = ORIENTED_EDGE('',*,*,#8964,.F.);
#8964 = EDGE_CURVE('',#7437,#8965,#8967,.T.);
#8965 = VERTEX_POINT('',#8966);
#8966 = CARTESIAN_POINT('',(-0.16,-5.24,-3.));
#8967 = LINE('',#8968,#8969);
#8968 = CARTESIAN_POINT('',(-0.266666666667,-5.346666666667,
    -2.893333333333));
#8969 = VECTOR('',#8970,1.);
#8970 = DIRECTION('',(0.57735026919,0.57735026919,-0.57735026919));
#8971 = ORIENTED_EDGE('',*,*,#7436,.T.);
#8972 = ORIENTED_EDGE('',*,*,#8973,.T.);
#8973 = EDGE_CURVE('',#7429,#8974,#8976,.T.);
#8974 = VERTEX_POINT('',#8975);
#8975 = CARTESIAN_POINT('',(0.16,-5.24,-3.));
#8976 = LINE('',#8977,#8978);
#8977 = CARTESIAN_POINT('',(0.16,-5.24,-3.));
#8978 = VECTOR('',#8979,1.);
#8979 = DIRECTION('',(-0.57735026919,0.57735026919,-0.57735026919));
#8980 = ORIENTED_EDGE('',*,*,#8981,.F.);
#8981 = EDGE_CURVE('',#8965,#8974,#8982,.T.);
#8982 = LINE('',#8983,#8984);
#8983 = CARTESIAN_POINT('',(-0.32,-5.24,-3.));
#8984 = VECTOR('',#8985,1.);
#8985 = DIRECTION('',(1.,0.,0.));
#8986 = PLANE('',#8987);
#8987 = AXIS2_PLACEMENT_3D('',#8988,#8989,#8990);
#8988 = CARTESIAN_POINT('',(-0.32,-5.32,-2.92));
#8989 = DIRECTION('',(1.735167508357E-18,-0.707106781187,-0.707106781187
    ));
#8990 = DIRECTION('',(-1.,-1.226948711654E-18,-1.226948711654E-18));
#8991 = ADVANCED_FACE('',(#8992),#9010,.F.);
#8992 = FACE_BOUND('',#8993,.F.);
#8993 = EDGE_LOOP('',(#8994,#8995,#8996,#9004));
#8994 = ORIENTED_EDGE('',*,*,#8973,.F.);
#8995 = ORIENTED_EDGE('',*,*,#7460,.T.);
#8996 = ORIENTED_EDGE('',*,*,#8997,.T.);
#8997 = EDGE_CURVE('',#7461,#8998,#9000,.T.);
#8998 = VERTEX_POINT('',#8999);
#8999 = CARTESIAN_POINT('',(0.16,-4.92,-3.));
#9000 = LINE('',#9001,#9002);
#9001 = CARTESIAN_POINT('',(5.333333333333E-02,-5.026666666667,
    -3.106666666667));
#9002 = VECTOR('',#9003,1.);
#9003 = DIRECTION('',(-0.57735026919,-0.57735026919,-0.57735026919));
#9004 = ORIENTED_EDGE('',*,*,#9005,.F.);
#9005 = EDGE_CURVE('',#8974,#8998,#9006,.T.);
#9006 = LINE('',#9007,#9008);
#9007 = CARTESIAN_POINT('',(0.16,-5.4,-3.));
#9008 = VECTOR('',#9009,1.);
#9009 = DIRECTION('',(0.,1.,0.));
#9010 = PLANE('',#9011);
#9011 = AXIS2_PLACEMENT_3D('',#9012,#9013,#9014);
#9012 = CARTESIAN_POINT('',(0.24,-5.4,-2.92));
#9013 = DIRECTION('',(-0.707106781187,1.735167508357E-18,0.707106781187)
  );
#9014 = DIRECTION('',(1.226948711654E-18,1.,-1.226948711654E-18));
#9015 = ADVANCED_FACE('',(#9016),#9034,.F.);
#9016 = FACE_BOUND('',#9017,.T.);
#9017 = EDGE_LOOP('',(#9018,#9026,#9027,#9028));
#9018 = ORIENTED_EDGE('',*,*,#9019,.F.);
#9019 = EDGE_CURVE('',#7485,#9020,#9022,.T.);
#9020 = VERTEX_POINT('',#9021);
#9021 = CARTESIAN_POINT('',(-0.16,-4.92,-3.));
#9022 = LINE('',#9023,#9024);
#9023 = CARTESIAN_POINT('',(-0.16,-4.92,-3.));
#9024 = VECTOR('',#9025,1.);
#9025 = DIRECTION('',(0.57735026919,-0.57735026919,-0.57735026919));
#9026 = ORIENTED_EDGE('',*,*,#7484,.T.);
#9027 = ORIENTED_EDGE('',*,*,#8997,.T.);
#9028 = ORIENTED_EDGE('',*,*,#9029,.F.);
#9029 = EDGE_CURVE('',#9020,#8998,#9030,.T.);
#9030 = LINE('',#9031,#9032);
#9031 = CARTESIAN_POINT('',(-0.32,-4.92,-3.));
#9032 = VECTOR('',#9033,1.);
#9033 = DIRECTION('',(1.,0.,0.));
#9034 = PLANE('',#9035);
#9035 = AXIS2_PLACEMENT_3D('',#9036,#9037,#9038);
#9036 = CARTESIAN_POINT('',(-0.32,-4.84,-2.92));
#9037 = DIRECTION('',(-1.735167508357E-18,-0.707106781187,0.707106781187
    ));
#9038 = DIRECTION('',(-1.,1.226948711654E-18,-1.226948711654E-18));
#9039 = ADVANCED_FACE('',(#9040),#9051,.T.);
#9040 = FACE_BOUND('',#9041,.T.);
#9041 = EDGE_LOOP('',(#9042,#9043,#9044,#9045));
#9042 = ORIENTED_EDGE('',*,*,#8964,.F.);
#9043 = ORIENTED_EDGE('',*,*,#7508,.T.);
#9044 = ORIENTED_EDGE('',*,*,#9019,.T.);
#9045 = ORIENTED_EDGE('',*,*,#9046,.F.);
#9046 = EDGE_CURVE('',#8965,#9020,#9047,.T.);
#9047 = LINE('',#9048,#9049);
#9048 = CARTESIAN_POINT('',(-0.16,-5.4,-3.));
#9049 = VECTOR('',#9050,1.);
#9050 = DIRECTION('',(0.,1.,0.));
#9051 = PLANE('',#9052);
#9052 = AXIS2_PLACEMENT_3D('',#9053,#9054,#9055);
#9053 = CARTESIAN_POINT('',(-0.24,-5.4,-2.92));
#9054 = DIRECTION('',(-0.707106781187,-1.735167508357E-18,
    -0.707106781187));
#9055 = DIRECTION('',(-1.226948711654E-18,1.,-1.226948711654E-18));
#9056 = ADVANCED_FACE('',(#9057),#9082,.F.);
#9057 = FACE_BOUND('',#9058,.F.);
#9058 = EDGE_LOOP('',(#9059,#9067,#9068,#9076));
#9059 = ORIENTED_EDGE('',*,*,#9060,.F.);
#9060 = EDGE_CURVE('',#7525,#9061,#9063,.T.);
#9061 = VERTEX_POINT('',#9062);
#9062 = CARTESIAN_POINT('',(0.16,-0.16,-3.));
#9063 = LINE('',#9064,#9065);
#9064 = CARTESIAN_POINT('',(0.16,-0.16,-3.));
#9065 = VECTOR('',#9066,1.);
#9066 = DIRECTION('',(-0.57735026919,0.57735026919,-0.57735026919));
#9067 = ORIENTED_EDGE('',*,*,#7532,.T.);
#9068 = ORIENTED_EDGE('',*,*,#9069,.T.);
#9069 = EDGE_CURVE('',#7533,#9070,#9072,.T.);
#9070 = VERTEX_POINT('',#9071);
#9071 = CARTESIAN_POINT('',(0.16,0.16,-3.));
#9072 = LINE('',#9073,#9074);
#9073 = CARTESIAN_POINT('',(5.333333333333E-02,5.333333333333E-02,
    -3.106666666667));
#9074 = VECTOR('',#9075,1.);
#9075 = DIRECTION('',(-0.57735026919,-0.57735026919,-0.57735026919));
#9076 = ORIENTED_EDGE('',*,*,#9077,.F.);
#9077 = EDGE_CURVE('',#9061,#9070,#9078,.T.);
#9078 = LINE('',#9079,#9080);
#9079 = CARTESIAN_POINT('',(0.16,-0.32,-3.));
#9080 = VECTOR('',#9081,1.);
#9081 = DIRECTION('',(0.,1.,0.));
#9082 = PLANE('',#9083);
#9083 = AXIS2_PLACEMENT_3D('',#9084,#9085,#9086);
#9084 = CARTESIAN_POINT('',(0.24,-0.32,-2.92));
#9085 = DIRECTION('',(-0.707106781187,1.735167508357E-18,0.707106781187)
  );
#9086 = DIRECTION('',(1.226948711654E-18,1.,-1.226948711654E-18));
#9087 = ADVANCED_FACE('',(#9088),#9106,.F.);
#9088 = FACE_BOUND('',#9089,.T.);
#9089 = EDGE_LOOP('',(#9090,#9098,#9099,#9100));
#9090 = ORIENTED_EDGE('',*,*,#9091,.F.);
#9091 = EDGE_CURVE('',#7557,#9092,#9094,.T.);
#9092 = VERTEX_POINT('',#9093);
#9093 = CARTESIAN_POINT('',(-0.16,0.16,-3.));
#9094 = LINE('',#9095,#9096);
#9095 = CARTESIAN_POINT('',(-0.16,0.16,-3.));
#9096 = VECTOR('',#9097,1.);
#9097 = DIRECTION('',(0.57735026919,-0.57735026919,-0.57735026919));
#9098 = ORIENTED_EDGE('',*,*,#7556,.T.);
#9099 = ORIENTED_EDGE('',*,*,#9069,.T.);
#9100 = ORIENTED_EDGE('',*,*,#9101,.F.);
#9101 = EDGE_CURVE('',#9092,#9070,#9102,.T.);
#9102 = LINE('',#9103,#9104);
#9103 = CARTESIAN_POINT('',(-0.32,0.16,-3.));
#9104 = VECTOR('',#9105,1.);
#9105 = DIRECTION('',(1.,0.,0.));
#9106 = PLANE('',#9107);
#9107 = AXIS2_PLACEMENT_3D('',#9108,#9109,#9110);
#9108 = CARTESIAN_POINT('',(-0.32,0.24,-2.92));
#9109 = DIRECTION('',(-1.735167508357E-18,-0.707106781187,0.707106781187
    ));
#9110 = DIRECTION('',(-1.,1.226948711654E-18,-1.226948711654E-18));
#9111 = ADVANCED_FACE('',(#9112),#9130,.T.);
#9112 = FACE_BOUND('',#9113,.T.);
#9113 = EDGE_LOOP('',(#9114,#9122,#9123,#9124));
#9114 = ORIENTED_EDGE('',*,*,#9115,.F.);
#9115 = EDGE_CURVE('',#7580,#9116,#9118,.T.);
#9116 = VERTEX_POINT('',#9117);
#9117 = CARTESIAN_POINT('',(-0.16,-0.16,-3.));
#9118 = LINE('',#9119,#9120);
#9119 = CARTESIAN_POINT('',(-0.266666666667,-0.266666666667,
    -2.893333333333));
#9120 = VECTOR('',#9121,1.);
#9121 = DIRECTION('',(0.57735026919,0.57735026919,-0.57735026919));
#9122 = ORIENTED_EDGE('',*,*,#7587,.T.);
#9123 = ORIENTED_EDGE('',*,*,#9091,.T.);
#9124 = ORIENTED_EDGE('',*,*,#9125,.F.);
#9125 = EDGE_CURVE('',#9116,#9092,#9126,.T.);
#9126 = LINE('',#9127,#9128);
#9127 = CARTESIAN_POINT('',(-0.16,-0.32,-3.));
#9128 = VECTOR('',#9129,1.);
#9129 = DIRECTION('',(0.,1.,0.));
#9130 = PLANE('',#9131);
#9131 = AXIS2_PLACEMENT_3D('',#9132,#9133,#9134);
#9132 = CARTESIAN_POINT('',(-0.24,-0.32,-2.92));
#9133 = DIRECTION('',(-0.707106781187,-1.735167508357E-18,
    -0.707106781187));
#9134 = DIRECTION('',(-1.226948711654E-18,1.,-1.226948711654E-18));
#9135 = ADVANCED_FACE('',(#9136),#9147,.T.);
#9136 = FACE_BOUND('',#9137,.F.);
#9137 = EDGE_LOOP('',(#9138,#9139,#9140,#9141));
#9138 = ORIENTED_EDGE('',*,*,#9115,.F.);
#9139 = ORIENTED_EDGE('',*,*,#7604,.T.);
#9140 = ORIENTED_EDGE('',*,*,#9060,.T.);
#9141 = ORIENTED_EDGE('',*,*,#9142,.F.);
#9142 = EDGE_CURVE('',#9116,#9061,#9143,.T.);
#9143 = LINE('',#9144,#9145);
#9144 = CARTESIAN_POINT('',(-0.32,-0.16,-3.));
#9145 = VECTOR('',#9146,1.);
#9146 = DIRECTION('',(1.,0.,0.));
#9147 = PLANE('',#9148);
#9148 = AXIS2_PLACEMENT_3D('',#9149,#9150,#9151);
#9149 = CARTESIAN_POINT('',(-0.32,-0.24,-2.92));
#9150 = DIRECTION('',(1.735167508357E-18,-0.707106781187,-0.707106781187
    ));
#9151 = DIRECTION('',(-1.,-1.226948711654E-18,-1.226948711654E-18));
#9152 = ADVANCED_FACE('',(#9153),#9178,.F.);
#9153 = FACE_BOUND('',#9154,.T.);
#9154 = EDGE_LOOP('',(#9155,#9163,#9164,#9172));
#9155 = ORIENTED_EDGE('',*,*,#9156,.F.);
#9156 = EDGE_CURVE('',#7630,#9157,#9159,.T.);
#9157 = VERTEX_POINT('',#9158);
#9158 = CARTESIAN_POINT('',(-0.16,-17.94,8.54));
#9159 = LINE('',#9160,#9161);
#9160 = CARTESIAN_POINT('',(-0.266666666667,-18.04666666666,
    8.433333333333));
#9161 = VECTOR('',#9162,1.);
#9162 = DIRECTION('',(0.57735026919,0.57735026919,0.57735026919));
#9163 = ORIENTED_EDGE('',*,*,#7637,.T.);
#9164 = ORIENTED_EDGE('',*,*,#9165,.T.);
#9165 = EDGE_CURVE('',#7621,#9166,#9168,.T.);
#9166 = VERTEX_POINT('',#9167);
#9167 = CARTESIAN_POINT('',(0.16,-17.94,8.54));
#9168 = LINE('',#9169,#9170);
#9169 = CARTESIAN_POINT('',(0.16,-17.94,8.54));
#9170 = VECTOR('',#9171,1.);
#9171 = DIRECTION('',(-0.57735026919,0.57735026919,0.57735026919));
#9172 = ORIENTED_EDGE('',*,*,#9173,.F.);
#9173 = EDGE_CURVE('',#9157,#9166,#9174,.T.);
#9174 = LINE('',#9175,#9176);
#9175 = CARTESIAN_POINT('',(-0.32,-17.94,8.54));
#9176 = VECTOR('',#9177,1.);
#9177 = DIRECTION('',(1.,0.,0.));
#9178 = PLANE('',#9179);
#9179 = AXIS2_PLACEMENT_3D('',#9180,#9181,#9182);
#9180 = CARTESIAN_POINT('',(-0.32,-18.02,8.46));
#9181 = DIRECTION('',(-1.735167508357E-18,0.707106781187,-0.707106781187
    ));
#9182 = DIRECTION('',(-1.,-1.226948711654E-18,1.226948711654E-18));
#9183 = ADVANCED_FACE('',(#9184),#9202,.T.);
#9184 = FACE_BOUND('',#9185,.T.);
#9185 = EDGE_LOOP('',(#9186,#9187,#9188,#9196));
#9186 = ORIENTED_EDGE('',*,*,#9165,.F.);
#9187 = ORIENTED_EDGE('',*,*,#7661,.T.);
#9188 = ORIENTED_EDGE('',*,*,#9189,.T.);
#9189 = EDGE_CURVE('',#7654,#9190,#9192,.T.);
#9190 = VERTEX_POINT('',#9191);
#9191 = CARTESIAN_POINT('',(0.16,-17.62,8.54));
#9192 = LINE('',#9193,#9194);
#9193 = CARTESIAN_POINT('',(5.333333333333E-02,-17.72666666666,
    8.646666666667));
#9194 = VECTOR('',#9195,1.);
#9195 = DIRECTION('',(-0.57735026919,-0.57735026919,0.57735026919));
#9196 = ORIENTED_EDGE('',*,*,#9197,.F.);
#9197 = EDGE_CURVE('',#9166,#9190,#9198,.T.);
#9198 = LINE('',#9199,#9200);
#9199 = CARTESIAN_POINT('',(0.16,-18.1,8.54));
#9200 = VECTOR('',#9201,1.);
#9201 = DIRECTION('',(0.,1.,0.));
#9202 = PLANE('',#9203);
#9203 = AXIS2_PLACEMENT_3D('',#9204,#9205,#9206);
#9204 = CARTESIAN_POINT('',(0.24,-18.1,8.46));
#9205 = DIRECTION('',(0.707106781187,-1.735167508357E-18,0.707106781187)
  );
#9206 = DIRECTION('',(1.226948711654E-18,1.,1.226948711654E-18));
#9207 = ADVANCED_FACE('',(#9208),#9226,.T.);
#9208 = FACE_BOUND('',#9209,.F.);
#9209 = EDGE_LOOP('',(#9210,#9218,#9219,#9220));
#9210 = ORIENTED_EDGE('',*,*,#9211,.F.);
#9211 = EDGE_CURVE('',#7678,#9212,#9214,.T.);
#9212 = VERTEX_POINT('',#9213);
#9213 = CARTESIAN_POINT('',(-0.16,-17.62,8.54));
#9214 = LINE('',#9215,#9216);
#9215 = CARTESIAN_POINT('',(-0.16,-17.62,8.54));
#9216 = VECTOR('',#9217,1.);
#9217 = DIRECTION('',(0.57735026919,-0.57735026919,0.57735026919));
#9218 = ORIENTED_EDGE('',*,*,#7685,.T.);
#9219 = ORIENTED_EDGE('',*,*,#9189,.T.);
#9220 = ORIENTED_EDGE('',*,*,#9221,.F.);
#9221 = EDGE_CURVE('',#9212,#9190,#9222,.T.);
#9222 = LINE('',#9223,#9224);
#9223 = CARTESIAN_POINT('',(-0.32,-17.62,8.54));
#9224 = VECTOR('',#9225,1.);
#9225 = DIRECTION('',(1.,0.,0.));
#9226 = PLANE('',#9227);
#9227 = AXIS2_PLACEMENT_3D('',#9228,#9229,#9230);
#9228 = CARTESIAN_POINT('',(-0.32,-17.54,8.46));
#9229 = DIRECTION('',(1.735167508357E-18,0.707106781187,0.707106781187)
  );
#9230 = DIRECTION('',(-1.,1.226948711654E-18,1.226948711654E-18));
#9231 = ADVANCED_FACE('',(#9232),#9243,.F.);
#9232 = FACE_BOUND('',#9233,.F.);
#9233 = EDGE_LOOP('',(#9234,#9235,#9236,#9237));
#9234 = ORIENTED_EDGE('',*,*,#9156,.F.);
#9235 = ORIENTED_EDGE('',*,*,#7702,.T.);
#9236 = ORIENTED_EDGE('',*,*,#9211,.T.);
#9237 = ORIENTED_EDGE('',*,*,#9238,.F.);
#9238 = EDGE_CURVE('',#9157,#9212,#9239,.T.);
#9239 = LINE('',#9240,#9241);
#9240 = CARTESIAN_POINT('',(-0.16,-18.1,8.54));
#9241 = VECTOR('',#9242,1.);
#9242 = DIRECTION('',(0.,1.,0.));
#9243 = PLANE('',#9244);
#9244 = AXIS2_PLACEMENT_3D('',#9245,#9246,#9247);
#9245 = CARTESIAN_POINT('',(-0.24,-18.1,8.46));
#9246 = DIRECTION('',(0.707106781187,1.735167508357E-18,-0.707106781187)
  );
#9247 = DIRECTION('',(-1.226948711654E-18,1.,1.226948711654E-18));
#9248 = ADVANCED_FACE('',(#9249),#9274,.T.);
#9249 = FACE_BOUND('',#9250,.F.);
#9250 = EDGE_LOOP('',(#9251,#9259,#9260,#9268));
#9251 = ORIENTED_EDGE('',*,*,#9252,.F.);
#9252 = EDGE_CURVE('',#7726,#9253,#9255,.T.);
#9253 = VERTEX_POINT('',#9254);
#9254 = CARTESIAN_POINT('',(-0.16,-15.08,8.54));
#9255 = LINE('',#9256,#9257);
#9256 = CARTESIAN_POINT('',(-0.16,-15.08,8.54));
#9257 = VECTOR('',#9258,1.);
#9258 = DIRECTION('',(0.57735026919,-0.57735026919,0.57735026919));
#9259 = ORIENTED_EDGE('',*,*,#7733,.T.);
#9260 = ORIENTED_EDGE('',*,*,#9261,.T.);
#9261 = EDGE_CURVE('',#7717,#9262,#9264,.T.);
#9262 = VERTEX_POINT('',#9263);
#9263 = CARTESIAN_POINT('',(0.16,-15.08,8.54));
#9264 = LINE('',#9265,#9266);
#9265 = CARTESIAN_POINT('',(5.333333333333E-02,-15.18666666666,
    8.646666666667));
#9266 = VECTOR('',#9267,1.);
#9267 = DIRECTION('',(-0.57735026919,-0.57735026919,0.57735026919));
#9268 = ORIENTED_EDGE('',*,*,#9269,.F.);
#9269 = EDGE_CURVE('',#9253,#9262,#9270,.T.);
#9270 = LINE('',#9271,#9272);
#9271 = CARTESIAN_POINT('',(-0.32,-15.08,8.54));
#9272 = VECTOR('',#9273,1.);
#9273 = DIRECTION('',(1.,0.,0.));
#9274 = PLANE('',#9275);
#9275 = AXIS2_PLACEMENT_3D('',#9276,#9277,#9278);
#9276 = CARTESIAN_POINT('',(-0.32,-15.,8.46));
#9277 = DIRECTION('',(1.735167508357E-18,0.707106781187,0.707106781187)
  );
#9278 = DIRECTION('',(-1.,1.226948711654E-18,1.226948711654E-18));
#9279 = ADVANCED_FACE('',(#9280),#9298,.F.);
#9280 = FACE_BOUND('',#9281,.F.);
#9281 = EDGE_LOOP('',(#9282,#9290,#9291,#9292));
#9282 = ORIENTED_EDGE('',*,*,#9283,.F.);
#9283 = EDGE_CURVE('',#7748,#9284,#9286,.T.);
#9284 = VERTEX_POINT('',#9285);
#9285 = CARTESIAN_POINT('',(-0.16,-15.4,8.54));
#9286 = LINE('',#9287,#9288);
#9287 = CARTESIAN_POINT('',(-0.266666666667,-15.50666666666,
    8.433333333333));
#9288 = VECTOR('',#9289,1.);
#9289 = DIRECTION('',(0.57735026919,0.57735026919,0.57735026919));
#9290 = ORIENTED_EDGE('',*,*,#7757,.T.);
#9291 = ORIENTED_EDGE('',*,*,#9252,.T.);
#9292 = ORIENTED_EDGE('',*,*,#9293,.F.);
#9293 = EDGE_CURVE('',#9284,#9253,#9294,.T.);
#9294 = LINE('',#9295,#9296);
#9295 = CARTESIAN_POINT('',(-0.16,-15.56,8.54));
#9296 = VECTOR('',#9297,1.);
#9297 = DIRECTION('',(0.,1.,0.));
#9298 = PLANE('',#9299);
#9299 = AXIS2_PLACEMENT_3D('',#9300,#9301,#9302);
#9300 = CARTESIAN_POINT('',(-0.24,-15.56,8.46));
#9301 = DIRECTION('',(0.707106781187,1.735167508357E-18,-0.707106781187)
  );
#9302 = DIRECTION('',(-1.226948711654E-18,1.,1.226948711654E-18));
#9303 = ADVANCED_FACE('',(#9304),#9322,.F.);
#9304 = FACE_BOUND('',#9305,.T.);
#9305 = EDGE_LOOP('',(#9306,#9307,#9308,#9316));
#9306 = ORIENTED_EDGE('',*,*,#9283,.F.);
#9307 = ORIENTED_EDGE('',*,*,#7781,.T.);
#9308 = ORIENTED_EDGE('',*,*,#9309,.T.);
#9309 = EDGE_CURVE('',#7772,#9310,#9312,.T.);
#9310 = VERTEX_POINT('',#9311);
#9311 = CARTESIAN_POINT('',(0.16,-15.4,8.54));
#9312 = LINE('',#9313,#9314);
#9313 = CARTESIAN_POINT('',(0.16,-15.4,8.54));
#9314 = VECTOR('',#9315,1.);
#9315 = DIRECTION('',(-0.57735026919,0.57735026919,0.57735026919));
#9316 = ORIENTED_EDGE('',*,*,#9317,.F.);
#9317 = EDGE_CURVE('',#9284,#9310,#9318,.T.);
#9318 = LINE('',#9319,#9320);
#9319 = CARTESIAN_POINT('',(-0.32,-15.4,8.54));
#9320 = VECTOR('',#9321,1.);
#9321 = DIRECTION('',(1.,0.,0.));
#9322 = PLANE('',#9323);
#9323 = AXIS2_PLACEMENT_3D('',#9324,#9325,#9326);
#9324 = CARTESIAN_POINT('',(-0.32,-15.48,8.46));
#9325 = DIRECTION('',(-1.735167508357E-18,0.707106781187,-0.707106781187
    ));
#9326 = DIRECTION('',(-1.,-1.226948711654E-18,1.226948711654E-18));
#9327 = ADVANCED_FACE('',(#9328),#9339,.T.);
#9328 = FACE_BOUND('',#9329,.T.);
#9329 = EDGE_LOOP('',(#9330,#9331,#9332,#9333));
#9330 = ORIENTED_EDGE('',*,*,#9309,.F.);
#9331 = ORIENTED_EDGE('',*,*,#7798,.T.);
#9332 = ORIENTED_EDGE('',*,*,#9261,.T.);
#9333 = ORIENTED_EDGE('',*,*,#9334,.F.);
#9334 = EDGE_CURVE('',#9310,#9262,#9335,.T.);
#9335 = LINE('',#9336,#9337);
#9336 = CARTESIAN_POINT('',(0.16,-15.56,8.54));
#9337 = VECTOR('',#9338,1.);
#9338 = DIRECTION('',(0.,1.,0.));
#9339 = PLANE('',#9340);
#9340 = AXIS2_PLACEMENT_3D('',#9341,#9342,#9343);
#9341 = CARTESIAN_POINT('',(0.24,-15.56,8.46));
#9342 = DIRECTION('',(0.707106781187,-1.735167508357E-18,0.707106781187)
  );
#9343 = DIRECTION('',(1.226948711654E-18,1.,1.226948711654E-18));
#9344 = ADVANCED_FACE('',(#9345),#9370,.T.);
#9345 = FACE_BOUND('',#9346,.T.);
#9346 = EDGE_LOOP('',(#9347,#9355,#9356,#9364));
#9347 = ORIENTED_EDGE('',*,*,#9348,.F.);
#9348 = EDGE_CURVE('',#7813,#9349,#9351,.T.);
#9349 = VERTEX_POINT('',#9350);
#9350 = CARTESIAN_POINT('',(0.16,-7.78,8.54));
#9351 = LINE('',#9352,#9353);
#9352 = CARTESIAN_POINT('',(0.16,-7.78,8.54));
#9353 = VECTOR('',#9354,1.);
#9354 = DIRECTION('',(-0.57735026919,0.57735026919,0.57735026919));
#9355 = ORIENTED_EDGE('',*,*,#7829,.T.);
#9356 = ORIENTED_EDGE('',*,*,#9357,.T.);
#9357 = EDGE_CURVE('',#7822,#9358,#9360,.T.);
#9358 = VERTEX_POINT('',#9359);
#9359 = CARTESIAN_POINT('',(0.16,-7.46,8.54));
#9360 = LINE('',#9361,#9362);
#9361 = CARTESIAN_POINT('',(5.333333333333E-02,-7.566666666667,
    8.646666666667));
#9362 = VECTOR('',#9363,1.);
#9363 = DIRECTION('',(-0.57735026919,-0.57735026919,0.57735026919));
#9364 = ORIENTED_EDGE('',*,*,#9365,.F.);
#9365 = EDGE_CURVE('',#9349,#9358,#9366,.T.);
#9366 = LINE('',#9367,#9368);
#9367 = CARTESIAN_POINT('',(0.16,-7.94,8.54));
#9368 = VECTOR('',#9369,1.);
#9369 = DIRECTION('',(0.,1.,0.));
#9370 = PLANE('',#9371);
#9371 = AXIS2_PLACEMENT_3D('',#9372,#9373,#9374);
#9372 = CARTESIAN_POINT('',(0.24,-7.94,8.46));
#9373 = DIRECTION('',(0.707106781187,-1.735167508357E-18,0.707106781187)
  );
#9374 = DIRECTION('',(1.226948711654E-18,1.,1.226948711654E-18));
#9375 = ADVANCED_FACE('',(#9376),#9394,.T.);
#9376 = FACE_BOUND('',#9377,.F.);
#9377 = EDGE_LOOP('',(#9378,#9386,#9387,#9388));
#9378 = ORIENTED_EDGE('',*,*,#9379,.F.);
#9379 = EDGE_CURVE('',#7846,#9380,#9382,.T.);
#9380 = VERTEX_POINT('',#9381);
#9381 = CARTESIAN_POINT('',(-0.16,-7.46,8.54));
#9382 = LINE('',#9383,#9384);
#9383 = CARTESIAN_POINT('',(-0.16,-7.46,8.54));
#9384 = VECTOR('',#9385,1.);
#9385 = DIRECTION('',(0.57735026919,-0.57735026919,0.57735026919));
#9386 = ORIENTED_EDGE('',*,*,#7853,.T.);
#9387 = ORIENTED_EDGE('',*,*,#9357,.T.);
#9388 = ORIENTED_EDGE('',*,*,#9389,.F.);
#9389 = EDGE_CURVE('',#9380,#9358,#9390,.T.);
#9390 = LINE('',#9391,#9392);
#9391 = CARTESIAN_POINT('',(-0.32,-7.46,8.54));
#9392 = VECTOR('',#9393,1.);
#9393 = DIRECTION('',(1.,0.,0.));
#9394 = PLANE('',#9395);
#9395 = AXIS2_PLACEMENT_3D('',#9396,#9397,#9398);
#9396 = CARTESIAN_POINT('',(-0.32,-7.38,8.46));
#9397 = DIRECTION('',(1.735167508357E-18,0.707106781187,0.707106781187)
  );
#9398 = DIRECTION('',(-1.,1.226948711654E-18,1.226948711654E-18));
#9399 = ADVANCED_FACE('',(#9400),#9418,.F.);
#9400 = FACE_BOUND('',#9401,.F.);
#9401 = EDGE_LOOP('',(#9402,#9410,#9411,#9412));
#9402 = ORIENTED_EDGE('',*,*,#9403,.F.);
#9403 = EDGE_CURVE('',#7868,#9404,#9406,.T.);
#9404 = VERTEX_POINT('',#9405);
#9405 = CARTESIAN_POINT('',(-0.16,-7.78,8.54));
#9406 = LINE('',#9407,#9408);
#9407 = CARTESIAN_POINT('',(-0.266666666667,-7.886666666667,
    8.433333333333));
#9408 = VECTOR('',#9409,1.);
#9409 = DIRECTION('',(0.57735026919,0.57735026919,0.57735026919));
#9410 = ORIENTED_EDGE('',*,*,#7877,.T.);
#9411 = ORIENTED_EDGE('',*,*,#9379,.T.);
#9412 = ORIENTED_EDGE('',*,*,#9413,.F.);
#9413 = EDGE_CURVE('',#9404,#9380,#9414,.T.);
#9414 = LINE('',#9415,#9416);
#9415 = CARTESIAN_POINT('',(-0.16,-7.94,8.54));
#9416 = VECTOR('',#9417,1.);
#9417 = DIRECTION('',(0.,1.,0.));
#9418 = PLANE('',#9419);
#9419 = AXIS2_PLACEMENT_3D('',#9420,#9421,#9422);
#9420 = CARTESIAN_POINT('',(-0.24,-7.94,8.46));
#9421 = DIRECTION('',(0.707106781187,1.735167508357E-18,-0.707106781187)
  );
#9422 = DIRECTION('',(-1.226948711654E-18,1.,1.226948711654E-18));
#9423 = ADVANCED_FACE('',(#9424),#9435,.F.);
#9424 = FACE_BOUND('',#9425,.T.);
#9425 = EDGE_LOOP('',(#9426,#9427,#9428,#9429));
#9426 = ORIENTED_EDGE('',*,*,#9403,.F.);
#9427 = ORIENTED_EDGE('',*,*,#7894,.T.);
#9428 = ORIENTED_EDGE('',*,*,#9348,.T.);
#9429 = ORIENTED_EDGE('',*,*,#9430,.F.);
#9430 = EDGE_CURVE('',#9404,#9349,#9431,.T.);
#9431 = LINE('',#9432,#9433);
#9432 = CARTESIAN_POINT('',(-0.32,-7.78,8.54));
#9433 = VECTOR('',#9434,1.);
#9434 = DIRECTION('',(1.,0.,0.));
#9435 = PLANE('',#9436);
#9436 = AXIS2_PLACEMENT_3D('',#9437,#9438,#9439);
#9437 = CARTESIAN_POINT('',(-0.32,-7.86,8.46));
#9438 = DIRECTION('',(-1.735167508357E-18,0.707106781187,-0.707106781187
    ));
#9439 = DIRECTION('',(-1.,-1.226948711654E-18,1.226948711654E-18));
#9440 = ADVANCED_FACE('',(#9441),#9466,.T.);
#9441 = FACE_BOUND('',#9442,.F.);
#9442 = EDGE_LOOP('',(#9443,#9451,#9452,#9460));
#9443 = ORIENTED_EDGE('',*,*,#9444,.F.);
#9444 = EDGE_CURVE('',#7918,#9445,#9447,.T.);
#9445 = VERTEX_POINT('',#9446);
#9446 = CARTESIAN_POINT('',(-0.16,-12.54,8.54));
#9447 = LINE('',#9448,#9449);
#9448 = CARTESIAN_POINT('',(-0.16,-12.54,8.54));
#9449 = VECTOR('',#9450,1.);
#9450 = DIRECTION('',(0.57735026919,-0.57735026919,0.57735026919));
#9451 = ORIENTED_EDGE('',*,*,#7925,.T.);
#9452 = ORIENTED_EDGE('',*,*,#9453,.T.);
#9453 = EDGE_CURVE('',#7909,#9454,#9456,.T.);
#9454 = VERTEX_POINT('',#9455);
#9455 = CARTESIAN_POINT('',(0.16,-12.54,8.54));
#9456 = LINE('',#9457,#9458);
#9457 = CARTESIAN_POINT('',(5.333333333333E-02,-12.64666666666,
    8.646666666667));
#9458 = VECTOR('',#9459,1.);
#9459 = DIRECTION('',(-0.57735026919,-0.57735026919,0.57735026919));
#9460 = ORIENTED_EDGE('',*,*,#9461,.F.);
#9461 = EDGE_CURVE('',#9445,#9454,#9462,.T.);
#9462 = LINE('',#9463,#9464);
#9463 = CARTESIAN_POINT('',(-0.32,-12.54,8.54));
#9464 = VECTOR('',#9465,1.);
#9465 = DIRECTION('',(1.,0.,0.));
#9466 = PLANE('',#9467);
#9467 = AXIS2_PLACEMENT_3D('',#9468,#9469,#9470);
#9468 = CARTESIAN_POINT('',(-0.32,-12.46,8.46));
#9469 = DIRECTION('',(1.735167508357E-18,0.707106781187,0.707106781187)
  );
#9470 = DIRECTION('',(-1.,1.226948711654E-18,1.226948711654E-18));
#9471 = ADVANCED_FACE('',(#9472),#9490,.F.);
#9472 = FACE_BOUND('',#9473,.F.);
#9473 = EDGE_LOOP('',(#9474,#9482,#9483,#9484));
#9474 = ORIENTED_EDGE('',*,*,#9475,.F.);
#9475 = EDGE_CURVE('',#7940,#9476,#9478,.T.);
#9476 = VERTEX_POINT('',#9477);
#9477 = CARTESIAN_POINT('',(-0.16,-12.86,8.54));
#9478 = LINE('',#9479,#9480);
#9479 = CARTESIAN_POINT('',(-0.266666666667,-12.96666666666,
    8.433333333333));
#9480 = VECTOR('',#9481,1.);
#9481 = DIRECTION('',(0.57735026919,0.57735026919,0.57735026919));
#9482 = ORIENTED_EDGE('',*,*,#7949,.T.);
#9483 = ORIENTED_EDGE('',*,*,#9444,.T.);
#9484 = ORIENTED_EDGE('',*,*,#9485,.F.);
#9485 = EDGE_CURVE('',#9476,#9445,#9486,.T.);
#9486 = LINE('',#9487,#9488);
#9487 = CARTESIAN_POINT('',(-0.16,-13.02,8.54));
#9488 = VECTOR('',#9489,1.);
#9489 = DIRECTION('',(0.,1.,0.));
#9490 = PLANE('',#9491);
#9491 = AXIS2_PLACEMENT_3D('',#9492,#9493,#9494);
#9492 = CARTESIAN_POINT('',(-0.24,-13.02,8.46));
#9493 = DIRECTION('',(0.707106781187,1.735167508357E-18,-0.707106781187)
  );
#9494 = DIRECTION('',(-1.226948711654E-18,1.,1.226948711654E-18));
#9495 = ADVANCED_FACE('',(#9496),#9514,.F.);
#9496 = FACE_BOUND('',#9497,.T.);
#9497 = EDGE_LOOP('',(#9498,#9499,#9500,#9508));
#9498 = ORIENTED_EDGE('',*,*,#9475,.F.);
#9499 = ORIENTED_EDGE('',*,*,#7973,.T.);
#9500 = ORIENTED_EDGE('',*,*,#9501,.T.);
#9501 = EDGE_CURVE('',#7964,#9502,#9504,.T.);
#9502 = VERTEX_POINT('',#9503);
#9503 = CARTESIAN_POINT('',(0.16,-12.86,8.54));
#9504 = LINE('',#9505,#9506);
#9505 = CARTESIAN_POINT('',(0.16,-12.86,8.54));
#9506 = VECTOR('',#9507,1.);
#9507 = DIRECTION('',(-0.57735026919,0.57735026919,0.57735026919));
#9508 = ORIENTED_EDGE('',*,*,#9509,.F.);
#9509 = EDGE_CURVE('',#9476,#9502,#9510,.T.);
#9510 = LINE('',#9511,#9512);
#9511 = CARTESIAN_POINT('',(-0.32,-12.86,8.54));
#9512 = VECTOR('',#9513,1.);
#9513 = DIRECTION('',(1.,0.,0.));
#9514 = PLANE('',#9515);
#9515 = AXIS2_PLACEMENT_3D('',#9516,#9517,#9518);
#9516 = CARTESIAN_POINT('',(-0.32,-12.94,8.46));
#9517 = DIRECTION('',(-1.735167508357E-18,0.707106781187,-0.707106781187
    ));
#9518 = DIRECTION('',(-1.,-1.226948711654E-18,1.226948711654E-18));
#9519 = ADVANCED_FACE('',(#9520),#9531,.T.);
#9520 = FACE_BOUND('',#9521,.T.);
#9521 = EDGE_LOOP('',(#9522,#9523,#9524,#9525));
#9522 = ORIENTED_EDGE('',*,*,#9501,.F.);
#9523 = ORIENTED_EDGE('',*,*,#7990,.T.);
#9524 = ORIENTED_EDGE('',*,*,#9453,.T.);
#9525 = ORIENTED_EDGE('',*,*,#9526,.F.);
#9526 = EDGE_CURVE('',#9502,#9454,#9527,.T.);
#9527 = LINE('',#9528,#9529);
#9528 = CARTESIAN_POINT('',(0.16,-13.02,8.54));
#9529 = VECTOR('',#9530,1.);
#9530 = DIRECTION('',(0.,1.,0.));
#9531 = PLANE('',#9532);
#9532 = AXIS2_PLACEMENT_3D('',#9533,#9534,#9535);
#9533 = CARTESIAN_POINT('',(0.24,-13.02,8.46));
#9534 = DIRECTION('',(0.707106781187,-1.735167508357E-18,0.707106781187)
  );
#9535 = DIRECTION('',(1.226948711654E-18,1.,1.226948711654E-18));
#9536 = ADVANCED_FACE('',(#9537),#9562,.T.);
#9537 = FACE_BOUND('',#9538,.T.);
#9538 = EDGE_LOOP('',(#9539,#9547,#9548,#9556));
#9539 = ORIENTED_EDGE('',*,*,#9540,.F.);
#9540 = EDGE_CURVE('',#8005,#9541,#9543,.T.);
#9541 = VERTEX_POINT('',#9542);
#9542 = CARTESIAN_POINT('',(0.16,-10.32,8.54));
#9543 = LINE('',#9544,#9545);
#9544 = CARTESIAN_POINT('',(0.16,-10.32,8.54));
#9545 = VECTOR('',#9546,1.);
#9546 = DIRECTION('',(-0.57735026919,0.57735026919,0.57735026919));
#9547 = ORIENTED_EDGE('',*,*,#8021,.T.);
#9548 = ORIENTED_EDGE('',*,*,#9549,.T.);
#9549 = EDGE_CURVE('',#8014,#9550,#9552,.T.);
#9550 = VERTEX_POINT('',#9551);
#9551 = CARTESIAN_POINT('',(0.16,-10.,8.54));
#9552 = LINE('',#9553,#9554);
#9553 = CARTESIAN_POINT('',(5.333333333333E-02,-10.10666666666,
    8.646666666667));
#9554 = VECTOR('',#9555,1.);
#9555 = DIRECTION('',(-0.57735026919,-0.57735026919,0.57735026919));
#9556 = ORIENTED_EDGE('',*,*,#9557,.F.);
#9557 = EDGE_CURVE('',#9541,#9550,#9558,.T.);
#9558 = LINE('',#9559,#9560);
#9559 = CARTESIAN_POINT('',(0.16,-10.48,8.54));
#9560 = VECTOR('',#9561,1.);
#9561 = DIRECTION('',(0.,1.,0.));
#9562 = PLANE('',#9563);
#9563 = AXIS2_PLACEMENT_3D('',#9564,#9565,#9566);
#9564 = CARTESIAN_POINT('',(0.24,-10.48,8.46));
#9565 = DIRECTION('',(0.707106781187,-1.735167508357E-18,0.707106781187)
  );
#9566 = DIRECTION('',(1.226948711654E-18,1.,1.226948711654E-18));
#9567 = ADVANCED_FACE('',(#9568),#9586,.T.);
#9568 = FACE_BOUND('',#9569,.F.);
#9569 = EDGE_LOOP('',(#9570,#9578,#9579,#9580));
#9570 = ORIENTED_EDGE('',*,*,#9571,.F.);
#9571 = EDGE_CURVE('',#8038,#9572,#9574,.T.);
#9572 = VERTEX_POINT('',#9573);
#9573 = CARTESIAN_POINT('',(-0.16,-10.,8.54));
#9574 = LINE('',#9575,#9576);
#9575 = CARTESIAN_POINT('',(-0.16,-10.,8.54));
#9576 = VECTOR('',#9577,1.);
#9577 = DIRECTION('',(0.57735026919,-0.57735026919,0.57735026919));
#9578 = ORIENTED_EDGE('',*,*,#8045,.T.);
#9579 = ORIENTED_EDGE('',*,*,#9549,.T.);
#9580 = ORIENTED_EDGE('',*,*,#9581,.F.);
#9581 = EDGE_CURVE('',#9572,#9550,#9582,.T.);
#9582 = LINE('',#9583,#9584);
#9583 = CARTESIAN_POINT('',(-0.32,-10.,8.54));
#9584 = VECTOR('',#9585,1.);
#9585 = DIRECTION('',(1.,0.,0.));
#9586 = PLANE('',#9587);
#9587 = AXIS2_PLACEMENT_3D('',#9588,#9589,#9590);
#9588 = CARTESIAN_POINT('',(-0.32,-9.92,8.46));
#9589 = DIRECTION('',(1.735167508357E-18,0.707106781187,0.707106781187)
  );
#9590 = DIRECTION('',(-1.,1.226948711654E-18,1.226948711654E-18));
#9591 = ADVANCED_FACE('',(#9592),#9610,.F.);
#9592 = FACE_BOUND('',#9593,.F.);
#9593 = EDGE_LOOP('',(#9594,#9602,#9603,#9604));
#9594 = ORIENTED_EDGE('',*,*,#9595,.F.);
#9595 = EDGE_CURVE('',#8060,#9596,#9598,.T.);
#9596 = VERTEX_POINT('',#9597);
#9597 = CARTESIAN_POINT('',(-0.16,-10.32,8.54));
#9598 = LINE('',#9599,#9600);
#9599 = CARTESIAN_POINT('',(-0.266666666667,-10.42666666666,
    8.433333333333));
#9600 = VECTOR('',#9601,1.);
#9601 = DIRECTION('',(0.57735026919,0.57735026919,0.57735026919));
#9602 = ORIENTED_EDGE('',*,*,#8069,.T.);
#9603 = ORIENTED_EDGE('',*,*,#9571,.T.);
#9604 = ORIENTED_EDGE('',*,*,#9605,.F.);
#9605 = EDGE_CURVE('',#9596,#9572,#9606,.T.);
#9606 = LINE('',#9607,#9608);
#9607 = CARTESIAN_POINT('',(-0.16,-10.48,8.54));
#9608 = VECTOR('',#9609,1.);
#9609 = DIRECTION('',(0.,1.,0.));
#9610 = PLANE('',#9611);
#9611 = AXIS2_PLACEMENT_3D('',#9612,#9613,#9614);
#9612 = CARTESIAN_POINT('',(-0.24,-10.48,8.46));
#9613 = DIRECTION('',(0.707106781187,1.735167508357E-18,-0.707106781187)
  );
#9614 = DIRECTION('',(-1.226948711654E-18,1.,1.226948711654E-18));
#9615 = ADVANCED_FACE('',(#9616),#9627,.F.);
#9616 = FACE_BOUND('',#9617,.T.);
#9617 = EDGE_LOOP('',(#9618,#9619,#9620,#9621));
#9618 = ORIENTED_EDGE('',*,*,#9595,.F.);
#9619 = ORIENTED_EDGE('',*,*,#8086,.T.);
#9620 = ORIENTED_EDGE('',*,*,#9540,.T.);
#9621 = ORIENTED_EDGE('',*,*,#9622,.F.);
#9622 = EDGE_CURVE('',#9596,#9541,#9623,.T.);
#9623 = LINE('',#9624,#9625);
#9624 = CARTESIAN_POINT('',(-0.32,-10.32,8.54));
#9625 = VECTOR('',#9626,1.);
#9626 = DIRECTION('',(1.,0.,0.));
#9627 = PLANE('',#9628);
#9628 = AXIS2_PLACEMENT_3D('',#9629,#9630,#9631);
#9629 = CARTESIAN_POINT('',(-0.32,-10.4,8.46));
#9630 = DIRECTION('',(-1.735167508357E-18,0.707106781187,-0.707106781187
    ));
#9631 = DIRECTION('',(-1.,-1.226948711654E-18,1.226948711654E-18));
#9632 = ADVANCED_FACE('',(#9633),#9658,.T.);
#9633 = FACE_BOUND('',#9634,.F.);
#9634 = EDGE_LOOP('',(#9635,#9643,#9644,#9652));
#9635 = ORIENTED_EDGE('',*,*,#9636,.F.);
#9636 = EDGE_CURVE('',#8110,#9637,#9639,.T.);
#9637 = VERTEX_POINT('',#9638);
#9638 = CARTESIAN_POINT('',(-0.16,-2.38,8.54));
#9639 = LINE('',#9640,#9641);
#9640 = CARTESIAN_POINT('',(-0.16,-2.38,8.54));
#9641 = VECTOR('',#9642,1.);
#9642 = DIRECTION('',(0.57735026919,-0.57735026919,0.57735026919));
#9643 = ORIENTED_EDGE('',*,*,#8117,.T.);
#9644 = ORIENTED_EDGE('',*,*,#9645,.T.);
#9645 = EDGE_CURVE('',#8101,#9646,#9648,.T.);
#9646 = VERTEX_POINT('',#9647);
#9647 = CARTESIAN_POINT('',(0.16,-2.38,8.54));
#9648 = LINE('',#9649,#9650);
#9649 = CARTESIAN_POINT('',(5.333333333333E-02,-2.486666666667,
    8.646666666667));
#9650 = VECTOR('',#9651,1.);
#9651 = DIRECTION('',(-0.57735026919,-0.57735026919,0.57735026919));
#9652 = ORIENTED_EDGE('',*,*,#9653,.F.);
#9653 = EDGE_CURVE('',#9637,#9646,#9654,.T.);
#9654 = LINE('',#9655,#9656);
#9655 = CARTESIAN_POINT('',(-0.32,-2.38,8.54));
#9656 = VECTOR('',#9657,1.);
#9657 = DIRECTION('',(1.,0.,0.));
#9658 = PLANE('',#9659);
#9659 = AXIS2_PLACEMENT_3D('',#9660,#9661,#9662);
#9660 = CARTESIAN_POINT('',(-0.32,-2.3,8.46));
#9661 = DIRECTION('',(1.735167508357E-18,0.707106781187,0.707106781187)
  );
#9662 = DIRECTION('',(-1.,1.226948711654E-18,1.226948711654E-18));
#9663 = ADVANCED_FACE('',(#9664),#9682,.F.);
#9664 = FACE_BOUND('',#9665,.F.);
#9665 = EDGE_LOOP('',(#9666,#9674,#9675,#9676));
#9666 = ORIENTED_EDGE('',*,*,#9667,.F.);
#9667 = EDGE_CURVE('',#8132,#9668,#9670,.T.);
#9668 = VERTEX_POINT('',#9669);
#9669 = CARTESIAN_POINT('',(-0.16,-2.7,8.54));
#9670 = LINE('',#9671,#9672);
#9671 = CARTESIAN_POINT('',(-0.266666666667,-2.806666666667,
    8.433333333333));
#9672 = VECTOR('',#9673,1.);
#9673 = DIRECTION('',(0.57735026919,0.57735026919,0.57735026919));
#9674 = ORIENTED_EDGE('',*,*,#8141,.T.);
#9675 = ORIENTED_EDGE('',*,*,#9636,.T.);
#9676 = ORIENTED_EDGE('',*,*,#9677,.F.);
#9677 = EDGE_CURVE('',#9668,#9637,#9678,.T.);
#9678 = LINE('',#9679,#9680);
#9679 = CARTESIAN_POINT('',(-0.16,-2.86,8.54));
#9680 = VECTOR('',#9681,1.);
#9681 = DIRECTION('',(0.,1.,0.));
#9682 = PLANE('',#9683);
#9683 = AXIS2_PLACEMENT_3D('',#9684,#9685,#9686);
#9684 = CARTESIAN_POINT('',(-0.24,-2.86,8.46));
#9685 = DIRECTION('',(0.707106781187,1.735167508357E-18,-0.707106781187)
  );
#9686 = DIRECTION('',(-1.226948711654E-18,1.,1.226948711654E-18));
#9687 = ADVANCED_FACE('',(#9688),#9706,.F.);
#9688 = FACE_BOUND('',#9689,.T.);
#9689 = EDGE_LOOP('',(#9690,#9691,#9692,#9700));
#9690 = ORIENTED_EDGE('',*,*,#9667,.F.);
#9691 = ORIENTED_EDGE('',*,*,#8165,.T.);
#9692 = ORIENTED_EDGE('',*,*,#9693,.T.);
#9693 = EDGE_CURVE('',#8156,#9694,#9696,.T.);
#9694 = VERTEX_POINT('',#9695);
#9695 = CARTESIAN_POINT('',(0.16,-2.7,8.54));
#9696 = LINE('',#9697,#9698);
#9697 = CARTESIAN_POINT('',(0.16,-2.7,8.54));
#9698 = VECTOR('',#9699,1.);
#9699 = DIRECTION('',(-0.57735026919,0.57735026919,0.57735026919));
#9700 = ORIENTED_EDGE('',*,*,#9701,.F.);
#9701 = EDGE_CURVE('',#9668,#9694,#9702,.T.);
#9702 = LINE('',#9703,#9704);
#9703 = CARTESIAN_POINT('',(-0.32,-2.7,8.54));
#9704 = VECTOR('',#9705,1.);
#9705 = DIRECTION('',(1.,0.,0.));
#9706 = PLANE('',#9707);
#9707 = AXIS2_PLACEMENT_3D('',#9708,#9709,#9710);
#9708 = CARTESIAN_POINT('',(-0.32,-2.78,8.46));
#9709 = DIRECTION('',(-1.735167508357E-18,0.707106781187,-0.707106781187
    ));
#9710 = DIRECTION('',(-1.,-1.226948711654E-18,1.226948711654E-18));
#9711 = ADVANCED_FACE('',(#9712),#9723,.T.);
#9712 = FACE_BOUND('',#9713,.T.);
#9713 = EDGE_LOOP('',(#9714,#9715,#9716,#9717));
#9714 = ORIENTED_EDGE('',*,*,#9693,.F.);
#9715 = ORIENTED_EDGE('',*,*,#8182,.T.);
#9716 = ORIENTED_EDGE('',*,*,#9645,.T.);
#9717 = ORIENTED_EDGE('',*,*,#9718,.F.);
#9718 = EDGE_CURVE('',#9694,#9646,#9719,.T.);
#9719 = LINE('',#9720,#9721);
#9720 = CARTESIAN_POINT('',(0.16,-2.86,8.54));
#9721 = VECTOR('',#9722,1.);
#9722 = DIRECTION('',(0.,1.,0.));
#9723 = PLANE('',#9724);
#9724 = AXIS2_PLACEMENT_3D('',#9725,#9726,#9727);
#9725 = CARTESIAN_POINT('',(0.24,-2.86,8.46));
#9726 = DIRECTION('',(0.707106781187,-1.735167508357E-18,0.707106781187)
  );
#9727 = DIRECTION('',(1.226948711654E-18,1.,1.226948711654E-18));
#9728 = ADVANCED_FACE('',(#9729),#9754,.F.);
#9729 = FACE_BOUND('',#9730,.T.);
#9730 = EDGE_LOOP('',(#9731,#9739,#9740,#9748));
#9731 = ORIENTED_EDGE('',*,*,#9732,.F.);
#9732 = EDGE_CURVE('',#8206,#9733,#9735,.T.);
#9733 = VERTEX_POINT('',#9734);
#9734 = CARTESIAN_POINT('',(-0.16,-5.24,8.54));
#9735 = LINE('',#9736,#9737);
#9736 = CARTESIAN_POINT('',(-0.266666666667,-5.346666666667,
    8.433333333333));
#9737 = VECTOR('',#9738,1.);
#9738 = DIRECTION('',(0.57735026919,0.57735026919,0.57735026919));
#9739 = ORIENTED_EDGE('',*,*,#8213,.T.);
#9740 = ORIENTED_EDGE('',*,*,#9741,.T.);
#9741 = EDGE_CURVE('',#8197,#9742,#9744,.T.);
#9742 = VERTEX_POINT('',#9743);
#9743 = CARTESIAN_POINT('',(0.16,-5.24,8.54));
#9744 = LINE('',#9745,#9746);
#9745 = CARTESIAN_POINT('',(0.16,-5.24,8.54));
#9746 = VECTOR('',#9747,1.);
#9747 = DIRECTION('',(-0.57735026919,0.57735026919,0.57735026919));
#9748 = ORIENTED_EDGE('',*,*,#9749,.F.);
#9749 = EDGE_CURVE('',#9733,#9742,#9750,.T.);
#9750 = LINE('',#9751,#9752);
#9751 = CARTESIAN_POINT('',(-0.32,-5.24,8.54));
#9752 = VECTOR('',#9753,1.);
#9753 = DIRECTION('',(1.,0.,0.));
#9754 = PLANE('',#9755);
#9755 = AXIS2_PLACEMENT_3D('',#9756,#9757,#9758);
#9756 = CARTESIAN_POINT('',(-0.32,-5.32,8.46));
#9757 = DIRECTION('',(-1.735167508357E-18,0.707106781187,-0.707106781187
    ));
#9758 = DIRECTION('',(-1.,-1.226948711654E-18,1.226948711654E-18));
#9759 = ADVANCED_FACE('',(#9760),#9778,.T.);
#9760 = FACE_BOUND('',#9761,.T.);
#9761 = EDGE_LOOP('',(#9762,#9763,#9764,#9772));
#9762 = ORIENTED_EDGE('',*,*,#9741,.F.);
#9763 = ORIENTED_EDGE('',*,*,#8237,.T.);
#9764 = ORIENTED_EDGE('',*,*,#9765,.T.);
#9765 = EDGE_CURVE('',#8230,#9766,#9768,.T.);
#9766 = VERTEX_POINT('',#9767);
#9767 = CARTESIAN_POINT('',(0.16,-4.92,8.54));
#9768 = LINE('',#9769,#9770);
#9769 = CARTESIAN_POINT('',(5.333333333333E-02,-5.026666666667,
    8.646666666667));
#9770 = VECTOR('',#9771,1.);
#9771 = DIRECTION('',(-0.57735026919,-0.57735026919,0.57735026919));
#9772 = ORIENTED_EDGE('',*,*,#9773,.F.);
#9773 = EDGE_CURVE('',#9742,#9766,#9774,.T.);
#9774 = LINE('',#9775,#9776);
#9775 = CARTESIAN_POINT('',(0.16,-5.4,8.54));
#9776 = VECTOR('',#9777,1.);
#9777 = DIRECTION('',(0.,1.,0.));
#9778 = PLANE('',#9779);
#9779 = AXIS2_PLACEMENT_3D('',#9780,#9781,#9782);
#9780 = CARTESIAN_POINT('',(0.24,-5.4,8.46));
#9781 = DIRECTION('',(0.707106781187,-1.735167508357E-18,0.707106781187)
  );
#9782 = DIRECTION('',(1.226948711654E-18,1.,1.226948711654E-18));
#9783 = ADVANCED_FACE('',(#9784),#9802,.T.);
#9784 = FACE_BOUND('',#9785,.F.);
#9785 = EDGE_LOOP('',(#9786,#9794,#9795,#9796));
#9786 = ORIENTED_EDGE('',*,*,#9787,.F.);
#9787 = EDGE_CURVE('',#8254,#9788,#9790,.T.);
#9788 = VERTEX_POINT('',#9789);
#9789 = CARTESIAN_POINT('',(-0.16,-4.92,8.54));
#9790 = LINE('',#9791,#9792);
#9791 = CARTESIAN_POINT('',(-0.16,-4.92,8.54));
#9792 = VECTOR('',#9793,1.);
#9793 = DIRECTION('',(0.57735026919,-0.57735026919,0.57735026919));
#9794 = ORIENTED_EDGE('',*,*,#8261,.T.);
#9795 = ORIENTED_EDGE('',*,*,#9765,.T.);
#9796 = ORIENTED_EDGE('',*,*,#9797,.F.);
#9797 = EDGE_CURVE('',#9788,#9766,#9798,.T.);
#9798 = LINE('',#9799,#9800);
#9799 = CARTESIAN_POINT('',(-0.32,-4.92,8.54));
#9800 = VECTOR('',#9801,1.);
#9801 = DIRECTION('',(1.,0.,0.));
#9802 = PLANE('',#9803);
#9803 = AXIS2_PLACEMENT_3D('',#9804,#9805,#9806);
#9804 = CARTESIAN_POINT('',(-0.32,-4.84,8.46));
#9805 = DIRECTION('',(1.735167508357E-18,0.707106781187,0.707106781187)
  );
#9806 = DIRECTION('',(-1.,1.226948711654E-18,1.226948711654E-18));
#9807 = ADVANCED_FACE('',(#9808),#9819,.F.);
#9808 = FACE_BOUND('',#9809,.F.);
#9809 = EDGE_LOOP('',(#9810,#9811,#9812,#9813));
#9810 = ORIENTED_EDGE('',*,*,#9732,.F.);
#9811 = ORIENTED_EDGE('',*,*,#8278,.T.);
#9812 = ORIENTED_EDGE('',*,*,#9787,.T.);
#9813 = ORIENTED_EDGE('',*,*,#9814,.F.);
#9814 = EDGE_CURVE('',#9733,#9788,#9815,.T.);
#9815 = LINE('',#9816,#9817);
#9816 = CARTESIAN_POINT('',(-0.16,-5.4,8.54));
#9817 = VECTOR('',#9818,1.);
#9818 = DIRECTION('',(0.,1.,0.));
#9819 = PLANE('',#9820);
#9820 = AXIS2_PLACEMENT_3D('',#9821,#9822,#9823);
#9821 = CARTESIAN_POINT('',(-0.24,-5.4,8.46));
#9822 = DIRECTION('',(0.707106781187,1.735167508357E-18,-0.707106781187)
  );
#9823 = DIRECTION('',(-1.226948711654E-18,1.,1.226948711654E-18));
#9824 = ADVANCED_FACE('',(#9825),#9850,.T.);
#9825 = FACE_BOUND('',#9826,.T.);
#9826 = EDGE_LOOP('',(#9827,#9835,#9836,#9844));
#9827 = ORIENTED_EDGE('',*,*,#9828,.F.);
#9828 = EDGE_CURVE('',#8293,#9829,#9831,.T.);
#9829 = VERTEX_POINT('',#9830);
#9830 = CARTESIAN_POINT('',(0.16,-0.16,8.54));
#9831 = LINE('',#9832,#9833);
#9832 = CARTESIAN_POINT('',(0.16,-0.16,8.54));
#9833 = VECTOR('',#9834,1.);
#9834 = DIRECTION('',(-0.57735026919,0.57735026919,0.57735026919));
#9835 = ORIENTED_EDGE('',*,*,#8309,.T.);
#9836 = ORIENTED_EDGE('',*,*,#9837,.T.);
#9837 = EDGE_CURVE('',#8302,#9838,#9840,.T.);
#9838 = VERTEX_POINT('',#9839);
#9839 = CARTESIAN_POINT('',(0.16,0.16,8.54));
#9840 = LINE('',#9841,#9842);
#9841 = CARTESIAN_POINT('',(5.333333333333E-02,5.333333333333E-02,
    8.646666666667));
#9842 = VECTOR('',#9843,1.);
#9843 = DIRECTION('',(-0.57735026919,-0.57735026919,0.57735026919));
#9844 = ORIENTED_EDGE('',*,*,#9845,.F.);
#9845 = EDGE_CURVE('',#9829,#9838,#9846,.T.);
#9846 = LINE('',#9847,#9848);
#9847 = CARTESIAN_POINT('',(0.16,-0.32,8.54));
#9848 = VECTOR('',#9849,1.);
#9849 = DIRECTION('',(0.,1.,0.));
#9850 = PLANE('',#9851);
#9851 = AXIS2_PLACEMENT_3D('',#9852,#9853,#9854);
#9852 = CARTESIAN_POINT('',(0.24,-0.32,8.46));
#9853 = DIRECTION('',(0.707106781187,-1.735167508357E-18,0.707106781187)
  );
#9854 = DIRECTION('',(1.226948711654E-18,1.,1.226948711654E-18));
#9855 = ADVANCED_FACE('',(#9856),#9874,.T.);
#9856 = FACE_BOUND('',#9857,.F.);
#9857 = EDGE_LOOP('',(#9858,#9866,#9867,#9868));
#9858 = ORIENTED_EDGE('',*,*,#9859,.F.);
#9859 = EDGE_CURVE('',#8326,#9860,#9862,.T.);
#9860 = VERTEX_POINT('',#9861);
#9861 = CARTESIAN_POINT('',(-0.16,0.16,8.54));
#9862 = LINE('',#9863,#9864);
#9863 = CARTESIAN_POINT('',(-0.16,0.16,8.54));
#9864 = VECTOR('',#9865,1.);
#9865 = DIRECTION('',(0.57735026919,-0.57735026919,0.57735026919));
#9866 = ORIENTED_EDGE('',*,*,#8333,.T.);
#9867 = ORIENTED_EDGE('',*,*,#9837,.T.);
#9868 = ORIENTED_EDGE('',*,*,#9869,.F.);
#9869 = EDGE_CURVE('',#9860,#9838,#9870,.T.);
#9870 = LINE('',#9871,#9872);
#9871 = CARTESIAN_POINT('',(-0.32,0.16,8.54));
#9872 = VECTOR('',#9873,1.);
#9873 = DIRECTION('',(1.,0.,0.));
#9874 = PLANE('',#9875);
#9875 = AXIS2_PLACEMENT_3D('',#9876,#9877,#9878);
#9876 = CARTESIAN_POINT('',(-0.32,0.24,8.46));
#9877 = DIRECTION('',(1.735167508357E-18,0.707106781187,0.707106781187)
  );
#9878 = DIRECTION('',(-1.,1.226948711654E-18,1.226948711654E-18));
#9879 = ADVANCED_FACE('',(#9880),#9898,.F.);
#9880 = FACE_BOUND('',#9881,.F.);
#9881 = EDGE_LOOP('',(#9882,#9890,#9891,#9892));
#9882 = ORIENTED_EDGE('',*,*,#9883,.F.);
#9883 = EDGE_CURVE('',#8348,#9884,#9886,.T.);
#9884 = VERTEX_POINT('',#9885);
#9885 = CARTESIAN_POINT('',(-0.16,-0.16,8.54));
#9886 = LINE('',#9887,#9888);
#9887 = CARTESIAN_POINT('',(-0.266666666667,-0.266666666667,
    8.433333333333));
#9888 = VECTOR('',#9889,1.);
#9889 = DIRECTION('',(0.57735026919,0.57735026919,0.57735026919));
#9890 = ORIENTED_EDGE('',*,*,#8357,.T.);
#9891 = ORIENTED_EDGE('',*,*,#9859,.T.);
#9892 = ORIENTED_EDGE('',*,*,#9893,.F.);
#9893 = EDGE_CURVE('',#9884,#9860,#9894,.T.);
#9894 = LINE('',#9895,#9896);
#9895 = CARTESIAN_POINT('',(-0.16,-0.32,8.54));
#9896 = VECTOR('',#9897,1.);
#9897 = DIRECTION('',(0.,1.,0.));
#9898 = PLANE('',#9899);
#9899 = AXIS2_PLACEMENT_3D('',#9900,#9901,#9902);
#9900 = CARTESIAN_POINT('',(-0.24,-0.32,8.46));
#9901 = DIRECTION('',(0.707106781187,1.735167508357E-18,-0.707106781187)
  );
#9902 = DIRECTION('',(-1.226948711654E-18,1.,1.226948711654E-18));
#9903 = ADVANCED_FACE('',(#9904),#9915,.F.);
#9904 = FACE_BOUND('',#9905,.T.);
#9905 = EDGE_LOOP('',(#9906,#9907,#9908,#9909));
#9906 = ORIENTED_EDGE('',*,*,#9883,.F.);
#9907 = ORIENTED_EDGE('',*,*,#8374,.T.);
#9908 = ORIENTED_EDGE('',*,*,#9828,.T.);
#9909 = ORIENTED_EDGE('',*,*,#9910,.F.);
#9910 = EDGE_CURVE('',#9884,#9829,#9911,.T.);
#9911 = LINE('',#9912,#9913);
#9912 = CARTESIAN_POINT('',(-0.32,-0.16,8.54));
#9913 = VECTOR('',#9914,1.);
#9914 = DIRECTION('',(1.,0.,0.));
#9915 = PLANE('',#9916);
#9916 = AXIS2_PLACEMENT_3D('',#9917,#9918,#9919);
#9917 = CARTESIAN_POINT('',(-0.32,-0.24,8.46));
#9918 = DIRECTION('',(-1.735167508357E-18,0.707106781187,-0.707106781187
    ));
#9919 = DIRECTION('',(-1.,-1.226948711654E-18,1.226948711654E-18));
#9920 = ADVANCED_FACE('',(#9921),#9927,.F.);
#9921 = FACE_BOUND('',#9922,.F.);
#9922 = EDGE_LOOP('',(#9923,#9924,#9925,#9926));
#9923 = ORIENTED_EDGE('',*,*,#8405,.T.);
#9924 = ORIENTED_EDGE('',*,*,#8429,.T.);
#9925 = ORIENTED_EDGE('',*,*,#8453,.F.);
#9926 = ORIENTED_EDGE('',*,*,#8470,.F.);
#9927 = PLANE('',#9928);
#9928 = AXIS2_PLACEMENT_3D('',#9929,#9930,#9931);
#9929 = CARTESIAN_POINT('',(-0.32,-18.1,-3.));
#9930 = DIRECTION('',(0.,0.,1.));
#9931 = DIRECTION('',(1.,0.,-0.));
#9932 = ADVANCED_FACE('',(#9933),#9939,.F.);
#9933 = FACE_BOUND('',#9934,.F.);
#9934 = EDGE_LOOP('',(#9935,#9936,#9937,#9938));
#9935 = ORIENTED_EDGE('',*,*,#8549,.T.);
#9936 = ORIENTED_EDGE('',*,*,#8566,.T.);
#9937 = ORIENTED_EDGE('',*,*,#8501,.F.);
#9938 = ORIENTED_EDGE('',*,*,#8525,.F.);
#9939 = PLANE('',#9940);
#9940 = AXIS2_PLACEMENT_3D('',#9941,#9942,#9943);
#9941 = CARTESIAN_POINT('',(-0.32,-15.56,-3.));
#9942 = DIRECTION('',(0.,0.,1.));
#9943 = DIRECTION('',(1.,0.,-0.));
#9944 = ADVANCED_FACE('',(#9945),#9951,.F.);
#9945 = FACE_BOUND('',#9946,.F.);
#9946 = EDGE_LOOP('',(#9947,#9948,#9949,#9950));
#9947 = ORIENTED_EDGE('',*,*,#8662,.T.);
#9948 = ORIENTED_EDGE('',*,*,#8597,.T.);
#9949 = ORIENTED_EDGE('',*,*,#8621,.F.);
#9950 = ORIENTED_EDGE('',*,*,#8645,.F.);
#9951 = PLANE('',#9952);
#9952 = AXIS2_PLACEMENT_3D('',#9953,#9954,#9955);
#9953 = CARTESIAN_POINT('',(-0.32,-7.94,-3.));
#9954 = DIRECTION('',(0.,0.,1.));
#9955 = DIRECTION('',(1.,0.,-0.));
#9956 = ADVANCED_FACE('',(#9957),#9963,.F.);
#9957 = FACE_BOUND('',#9958,.F.);
#9958 = EDGE_LOOP('',(#9959,#9960,#9961,#9962));
#9959 = ORIENTED_EDGE('',*,*,#8741,.T.);
#9960 = ORIENTED_EDGE('',*,*,#8758,.T.);
#9961 = ORIENTED_EDGE('',*,*,#8693,.F.);
#9962 = ORIENTED_EDGE('',*,*,#8717,.F.);
#9963 = PLANE('',#9964);
#9964 = AXIS2_PLACEMENT_3D('',#9965,#9966,#9967);
#9965 = CARTESIAN_POINT('',(-0.32,-13.02,-3.));
#9966 = DIRECTION('',(0.,0.,1.));
#9967 = DIRECTION('',(1.,0.,-0.));
#9968 = ADVANCED_FACE('',(#9969),#9975,.F.);
#9969 = FACE_BOUND('',#9970,.F.);
#9970 = EDGE_LOOP('',(#9971,#9972,#9973,#9974));
#9971 = ORIENTED_EDGE('',*,*,#8854,.T.);
#9972 = ORIENTED_EDGE('',*,*,#8789,.T.);
#9973 = ORIENTED_EDGE('',*,*,#8813,.F.);
#9974 = ORIENTED_EDGE('',*,*,#8837,.F.);
#9975 = PLANE('',#9976);
#9976 = AXIS2_PLACEMENT_3D('',#9977,#9978,#9979);
#9977 = CARTESIAN_POINT('',(-0.32,-10.48,-3.));
#9978 = DIRECTION('',(0.,0.,1.));
#9979 = DIRECTION('',(1.,0.,-0.));
#9980 = ADVANCED_FACE('',(#9981),#9987,.F.);
#9981 = FACE_BOUND('',#9982,.F.);
#9982 = EDGE_LOOP('',(#9983,#9984,#9985,#9986));
#9983 = ORIENTED_EDGE('',*,*,#8933,.T.);
#9984 = ORIENTED_EDGE('',*,*,#8950,.T.);
#9985 = ORIENTED_EDGE('',*,*,#8885,.F.);
#9986 = ORIENTED_EDGE('',*,*,#8909,.F.);
#9987 = PLANE('',#9988);
#9988 = AXIS2_PLACEMENT_3D('',#9989,#9990,#9991);
#9989 = CARTESIAN_POINT('',(-0.32,-2.86,-3.));
#9990 = DIRECTION('',(0.,0.,1.));
#9991 = DIRECTION('',(1.,0.,-0.));
#9992 = ADVANCED_FACE('',(#9993),#9999,.F.);
#9993 = FACE_BOUND('',#9994,.F.);
#9994 = EDGE_LOOP('',(#9995,#9996,#9997,#9998));
#9995 = ORIENTED_EDGE('',*,*,#8981,.T.);
#9996 = ORIENTED_EDGE('',*,*,#9005,.T.);
#9997 = ORIENTED_EDGE('',*,*,#9029,.F.);
#9998 = ORIENTED_EDGE('',*,*,#9046,.F.);
#9999 = PLANE('',#10000);
#10000 = AXIS2_PLACEMENT_3D('',#10001,#10002,#10003);
#10001 = CARTESIAN_POINT('',(-0.32,-5.4,-3.));
#10002 = DIRECTION('',(0.,0.,1.));
#10003 = DIRECTION('',(1.,0.,-0.));
#10004 = ADVANCED_FACE('',(#10005),#10011,.F.);
#10005 = FACE_BOUND('',#10006,.F.);
#10006 = EDGE_LOOP('',(#10007,#10008,#10009,#10010));
#10007 = ORIENTED_EDGE('',*,*,#9142,.T.);
#10008 = ORIENTED_EDGE('',*,*,#9077,.T.);
#10009 = ORIENTED_EDGE('',*,*,#9101,.F.);
#10010 = ORIENTED_EDGE('',*,*,#9125,.F.);
#10011 = PLANE('',#10012);
#10012 = AXIS2_PLACEMENT_3D('',#10013,#10014,#10015);
#10013 = CARTESIAN_POINT('',(-0.32,-0.32,-3.));
#10014 = DIRECTION('',(0.,0.,1.));
#10015 = DIRECTION('',(1.,0.,-0.));
#10016 = ADVANCED_FACE('',(#10017),#10023,.T.);
#10017 = FACE_BOUND('',#10018,.T.);
#10018 = EDGE_LOOP('',(#10019,#10020,#10021,#10022));
#10019 = ORIENTED_EDGE('',*,*,#9173,.T.);
#10020 = ORIENTED_EDGE('',*,*,#9197,.T.);
#10021 = ORIENTED_EDGE('',*,*,#9221,.F.);
#10022 = ORIENTED_EDGE('',*,*,#9238,.F.);
#10023 = PLANE('',#10024);
#10024 = AXIS2_PLACEMENT_3D('',#10025,#10026,#10027);
#10025 = CARTESIAN_POINT('',(-0.32,-18.1,8.54));
#10026 = DIRECTION('',(0.,0.,1.));
#10027 = DIRECTION('',(1.,0.,-0.));
#10028 = ADVANCED_FACE('',(#10029),#10035,.T.);
#10029 = FACE_BOUND('',#10030,.T.);
#10030 = EDGE_LOOP('',(#10031,#10032,#10033,#10034));
#10031 = ORIENTED_EDGE('',*,*,#9317,.T.);
#10032 = ORIENTED_EDGE('',*,*,#9334,.T.);
#10033 = ORIENTED_EDGE('',*,*,#9269,.F.);
#10034 = ORIENTED_EDGE('',*,*,#9293,.F.);
#10035 = PLANE('',#10036);
#10036 = AXIS2_PLACEMENT_3D('',#10037,#10038,#10039);
#10037 = CARTESIAN_POINT('',(-0.32,-15.56,8.54));
#10038 = DIRECTION('',(0.,0.,1.));
#10039 = DIRECTION('',(1.,0.,-0.));
#10040 = ADVANCED_FACE('',(#10041),#10047,.T.);
#10041 = FACE_BOUND('',#10042,.T.);
#10042 = EDGE_LOOP('',(#10043,#10044,#10045,#10046));
#10043 = ORIENTED_EDGE('',*,*,#9430,.T.);
#10044 = ORIENTED_EDGE('',*,*,#9365,.T.);
#10045 = ORIENTED_EDGE('',*,*,#9389,.F.);
#10046 = ORIENTED_EDGE('',*,*,#9413,.F.);
#10047 = PLANE('',#10048);
#10048 = AXIS2_PLACEMENT_3D('',#10049,#10050,#10051);
#10049 = CARTESIAN_POINT('',(-0.32,-7.94,8.54));
#10050 = DIRECTION('',(0.,0.,1.));
#10051 = DIRECTION('',(1.,0.,-0.));
#10052 = ADVANCED_FACE('',(#10053),#10059,.T.);
#10053 = FACE_BOUND('',#10054,.T.);
#10054 = EDGE_LOOP('',(#10055,#10056,#10057,#10058));
#10055 = ORIENTED_EDGE('',*,*,#9509,.T.);
#10056 = ORIENTED_EDGE('',*,*,#9526,.T.);
#10057 = ORIENTED_EDGE('',*,*,#9461,.F.);
#10058 = ORIENTED_EDGE('',*,*,#9485,.F.);
#10059 = PLANE('',#10060);
#10060 = AXIS2_PLACEMENT_3D('',#10061,#10062,#10063);
#10061 = CARTESIAN_POINT('',(-0.32,-13.02,8.54));
#10062 = DIRECTION('',(0.,0.,1.));
#10063 = DIRECTION('',(1.,0.,-0.));
#10064 = ADVANCED_FACE('',(#10065),#10071,.T.);
#10065 = FACE_BOUND('',#10066,.T.);
#10066 = EDGE_LOOP('',(#10067,#10068,#10069,#10070));
#10067 = ORIENTED_EDGE('',*,*,#9622,.T.);
#10068 = ORIENTED_EDGE('',*,*,#9557,.T.);
#10069 = ORIENTED_EDGE('',*,*,#9581,.F.);
#10070 = ORIENTED_EDGE('',*,*,#9605,.F.);
#10071 = PLANE('',#10072);
#10072 = AXIS2_PLACEMENT_3D('',#10073,#10074,#10075);
#10073 = CARTESIAN_POINT('',(-0.32,-10.48,8.54));
#10074 = DIRECTION('',(0.,0.,1.));
#10075 = DIRECTION('',(1.,0.,-0.));
#10076 = ADVANCED_FACE('',(#10077),#10083,.T.);
#10077 = FACE_BOUND('',#10078,.T.);
#10078 = EDGE_LOOP('',(#10079,#10080,#10081,#10082));
#10079 = ORIENTED_EDGE('',*,*,#9701,.T.);
#10080 = ORIENTED_EDGE('',*,*,#9718,.T.);
#10081 = ORIENTED_EDGE('',*,*,#9653,.F.);
#10082 = ORIENTED_EDGE('',*,*,#9677,.F.);
#10083 = PLANE('',#10084);
#10084 = AXIS2_PLACEMENT_3D('',#10085,#10086,#10087);
#10085 = CARTESIAN_POINT('',(-0.32,-2.86,8.54));
#10086 = DIRECTION('',(0.,0.,1.));
#10087 = DIRECTION('',(1.,0.,-0.));
#10088 = ADVANCED_FACE('',(#10089),#10095,.T.);
#10089 = FACE_BOUND('',#10090,.T.);
#10090 = EDGE_LOOP('',(#10091,#10092,#10093,#10094));
#10091 = ORIENTED_EDGE('',*,*,#9749,.T.);
#10092 = ORIENTED_EDGE('',*,*,#9773,.T.);
#10093 = ORIENTED_EDGE('',*,*,#9797,.F.);
#10094 = ORIENTED_EDGE('',*,*,#9814,.F.);
#10095 = PLANE('',#10096);
#10096 = AXIS2_PLACEMENT_3D('',#10097,#10098,#10099);
#10097 = CARTESIAN_POINT('',(-0.32,-5.4,8.54));
#10098 = DIRECTION('',(0.,0.,1.));
#10099 = DIRECTION('',(1.,0.,-0.));
#10100 = ADVANCED_FACE('',(#10101),#10107,.T.);
#10101 = FACE_BOUND('',#10102,.T.);
#10102 = EDGE_LOOP('',(#10103,#10104,#10105,#10106));
#10103 = ORIENTED_EDGE('',*,*,#9910,.T.);
#10104 = ORIENTED_EDGE('',*,*,#9845,.T.);
#10105 = ORIENTED_EDGE('',*,*,#9869,.F.);
#10106 = ORIENTED_EDGE('',*,*,#9893,.F.);
#10107 = PLANE('',#10108);
#10108 = AXIS2_PLACEMENT_3D('',#10109,#10110,#10111);
#10109 = CARTESIAN_POINT('',(-0.32,-0.32,8.54));
#10110 = DIRECTION('',(0.,0.,1.));
#10111 = DIRECTION('',(1.,0.,-0.));
#10112 = ( GEOMETRIC_REPRESENTATION_CONTEXT(3) 
GLOBAL_UNCERTAINTY_ASSIGNED_CONTEXT((#10116)) 
GLOBAL_UNIT_ASSIGNED_CONTEXT((#10113,#10114,#10115)) 
REPRESENTATION_CONTEXT('Context #1',
  '3D Context with UNIT and UNCERTAINTY') );
#10113 = ( LENGTH_UNIT() NAMED_UNIT(*) SI_UNIT(.MILLI.,.METRE.) );
#10114 = ( NAMED_UNIT(*) PLANE_ANGLE_UNIT() SI_UNIT($,.RADIAN.) );
#10115 = ( NAMED_UNIT(*) SI_UNIT($,.STERADIAN.) SOLID_ANGLE_UNIT() );
#10116 = UNCERTAINTY_MEASURE_WITH_UNIT(LENGTH_MEASURE(1.E-07),#10113,
  'distance_accuracy_value','confusion accuracy');
#10117 = CONTEXT_DEPENDENT_SHAPE_REPRESENTATION(#10118,#10120);
#10118 = ( REPRESENTATION_RELATIONSHIP('','',#4635,#4612) 
REPRESENTATION_RELATIONSHIP_WITH_TRANSFORMATION(#10119) 
SHAPE_REPRESENTATION_RELATIONSHIP() );
#10119 = ITEM_DEFINED_TRANSFORMATION('','',#11,#4613);
#10120 = PRODUCT_DEFINITION_SHAPE('Placement','Placement of an item',
  #10121);
#10121 = NEXT_ASSEMBLY_USAGE_OCCURRENCE('7','=>[0:1:1:9]','',#4607,#4630
  ,$);
#10122 = PRODUCT_RELATED_PRODUCT_CATEGORY('part',$,(#4632));
#10123 = SHAPE_DEFINITION_REPRESENTATION(#10124,#10130);
#10124 = PRODUCT_DEFINITION_SHAPE('','',#10125);
#10125 = PRODUCT_DEFINITION('design','',#10126,#10129);
#10126 = PRODUCT_DEFINITION_FORMATION('','',#10127);
#10127 = PRODUCT('blaCEF9_PCB','blaCEF9_PCB','',(#10128));
#10128 = PRODUCT_CONTEXT('',#2,'mechanical');
#10129 = PRODUCT_DEFINITION_CONTEXT('part definition',#2,'design');
#10130 = ADVANCED_BREP_SHAPE_REPRESENTATION('',(#11,#10131),#12293);
#10131 = MANIFOLD_SOLID_BREP('',#10132);
#10132 = CLOSED_SHELL('',(#10133,#10175,#10206,#10237,#10817,#11397,
    #11414,#11431,#11448,#11465,#11477,#11494,#11511,#11528,#11545,
    #11562,#11579,#11596,#11613,#11630,#11647,#11664,#11681,#11698,
    #11715,#11732,#11749,#11766,#11783,#11800,#11817,#11834,#11851,
    #11868,#11885,#11902,#11919,#11936,#11953,#11970,#11987,#12004,
    #12021,#12038,#12055,#12072,#12089,#12106,#12123,#12140,#12157,
    #12174,#12191,#12208,#12225,#12242,#12259,#12276));
#10133 = ADVANCED_FACE('',(#10134),#10170,.T.);
#10134 = FACE_BOUND('',#10135,.T.);
#10135 = EDGE_LOOP('',(#10136,#10146,#10155,#10163));
#10136 = ORIENTED_EDGE('',*,*,#10137,.T.);
#10137 = EDGE_CURVE('',#10138,#10140,#10142,.T.);
#10138 = VERTEX_POINT('',#10139);
#10139 = CARTESIAN_POINT('',(110.,-117.,0.));
#10140 = VERTEX_POINT('',#10141);
#10141 = CARTESIAN_POINT('',(110.,-117.,1.51));
#10142 = LINE('',#10143,#10144);
#10143 = CARTESIAN_POINT('',(110.,-117.,0.));
#10144 = VECTOR('',#10145,1.);
#10145 = DIRECTION('',(0.,0.,1.));
#10146 = ORIENTED_EDGE('',*,*,#10147,.T.);
#10147 = EDGE_CURVE('',#10140,#10148,#10150,.T.);
#10148 = VERTEX_POINT('',#10149);
#10149 = CARTESIAN_POINT('',(113.,-120.,1.51));
#10150 = CIRCLE('',#10151,3.000001172987);
#10151 = AXIS2_PLACEMENT_3D('',#10152,#10153,#10154);
#10152 = CARTESIAN_POINT('',(109.99999882701,-120.0000011729,1.51));
#10153 = DIRECTION('',(0.,0.,-1.));
#10154 = DIRECTION('',(3.909953663434E-07,1.,0.));
#10155 = ORIENTED_EDGE('',*,*,#10156,.F.);
#10156 = EDGE_CURVE('',#10157,#10148,#10159,.T.);
#10157 = VERTEX_POINT('',#10158);
#10158 = CARTESIAN_POINT('',(113.,-120.,0.));
#10159 = LINE('',#10160,#10161);
#10160 = CARTESIAN_POINT('',(113.,-120.,0.));
#10161 = VECTOR('',#10162,1.);
#10162 = DIRECTION('',(0.,0.,1.));
#10163 = ORIENTED_EDGE('',*,*,#10164,.F.);
#10164 = EDGE_CURVE('',#10138,#10157,#10165,.T.);
#10165 = CIRCLE('',#10166,3.000001172987);
#10166 = AXIS2_PLACEMENT_3D('',#10167,#10168,#10169);
#10167 = CARTESIAN_POINT('',(109.99999882701,-120.0000011729,0.));
#10168 = DIRECTION('',(0.,0.,-1.));
#10169 = DIRECTION('',(3.909953663434E-07,1.,0.));
#10170 = CYLINDRICAL_SURFACE('',#10171,3.000001172987);
#10171 = AXIS2_PLACEMENT_3D('',#10172,#10173,#10174);
#10172 = CARTESIAN_POINT('',(109.99999882701,-120.0000011729,0.));
#10173 = DIRECTION('',(0.,0.,-1.));
#10174 = DIRECTION('',(3.909953663434E-07,1.,0.));
#10175 = ADVANCED_FACE('',(#10176),#10201,.T.);
#10176 = FACE_BOUND('',#10177,.T.);
#10177 = EDGE_LOOP('',(#10178,#10188,#10194,#10195));
#10178 = ORIENTED_EDGE('',*,*,#10179,.T.);
#10179 = EDGE_CURVE('',#10180,#10182,#10184,.T.);
#10180 = VERTEX_POINT('',#10181);
#10181 = CARTESIAN_POINT('',(25.,-117.,0.));
#10182 = VERTEX_POINT('',#10183);
#10183 = CARTESIAN_POINT('',(25.,-117.,1.51));
#10184 = LINE('',#10185,#10186);
#10185 = CARTESIAN_POINT('',(25.,-117.,0.));
#10186 = VECTOR('',#10187,1.);
#10187 = DIRECTION('',(0.,0.,1.));
#10188 = ORIENTED_EDGE('',*,*,#10189,.T.);
#10189 = EDGE_CURVE('',#10182,#10140,#10190,.T.);
#10190 = LINE('',#10191,#10192);
#10191 = CARTESIAN_POINT('',(25.,-117.,1.51));
#10192 = VECTOR('',#10193,1.);
#10193 = DIRECTION('',(1.,0.,0.));
#10194 = ORIENTED_EDGE('',*,*,#10137,.F.);
#10195 = ORIENTED_EDGE('',*,*,#10196,.F.);
#10196 = EDGE_CURVE('',#10180,#10138,#10197,.T.);
#10197 = LINE('',#10198,#10199);
#10198 = CARTESIAN_POINT('',(25.,-117.,0.));
#10199 = VECTOR('',#10200,1.);
#10200 = DIRECTION('',(1.,0.,0.));
#10201 = PLANE('',#10202);
#10202 = AXIS2_PLACEMENT_3D('',#10203,#10204,#10205);
#10203 = CARTESIAN_POINT('',(25.,-117.,0.));
#10204 = DIRECTION('',(0.,1.,0.));
#10205 = DIRECTION('',(1.,0.,0.));
#10206 = ADVANCED_FACE('',(#10207),#10232,.T.);
#10207 = FACE_BOUND('',#10208,.T.);
#10208 = EDGE_LOOP('',(#10209,#10210,#10218,#10226));
#10209 = ORIENTED_EDGE('',*,*,#10156,.T.);
#10210 = ORIENTED_EDGE('',*,*,#10211,.T.);
#10211 = EDGE_CURVE('',#10148,#10212,#10214,.T.);
#10212 = VERTEX_POINT('',#10213);
#10213 = CARTESIAN_POINT('',(113.,-185.,1.51));
#10214 = LINE('',#10215,#10216);
#10215 = CARTESIAN_POINT('',(113.,-120.,1.51));
#10216 = VECTOR('',#10217,1.);
#10217 = DIRECTION('',(0.,-1.,0.));
#10218 = ORIENTED_EDGE('',*,*,#10219,.F.);
#10219 = EDGE_CURVE('',#10220,#10212,#10222,.T.);
#10220 = VERTEX_POINT('',#10221);
#10221 = CARTESIAN_POINT('',(113.,-185.,0.));
#10222 = LINE('',#10223,#10224);
#10223 = CARTESIAN_POINT('',(113.,-185.,0.));
#10224 = VECTOR('',#10225,1.);
#10225 = DIRECTION('',(0.,0.,1.));
#10226 = ORIENTED_EDGE('',*,*,#10227,.F.);
#10227 = EDGE_CURVE('',#10157,#10220,#10228,.T.);
#10228 = LINE('',#10229,#10230);
#10229 = CARTESIAN_POINT('',(113.,-120.,0.));
#10230 = VECTOR('',#10231,1.);
#10231 = DIRECTION('',(0.,-1.,0.));
#10232 = PLANE('',#10233);
#10233 = AXIS2_PLACEMENT_3D('',#10234,#10235,#10236);
#10234 = CARTESIAN_POINT('',(113.,-120.,0.));
#10235 = DIRECTION('',(1.,0.,-0.));
#10236 = DIRECTION('',(0.,-1.,0.));
#10237 = ADVANCED_FACE('',(#10238,#10284,#10295,#10306,#10317,#10328,
    #10339,#10350,#10361,#10372,#10383,#10394,#10405,#10416,#10427,
    #10438,#10449,#10460,#10471,#10482,#10493,#10504,#10515,#10526,
    #10537,#10548,#10559,#10570,#10581,#10592,#10603,#10614,#10625,
    #10636,#10647,#10658,#10669,#10680,#10691,#10702,#10713,#10724,
    #10735,#10746,#10757,#10768,#10779,#10790,#10801),#10812,.F.);
#10238 = FACE_BOUND('',#10239,.F.);
#10239 = EDGE_LOOP('',(#10240,#10241,#10242,#10251,#10259,#10268,#10276,
    #10283));
#10240 = ORIENTED_EDGE('',*,*,#10164,.F.);
#10241 = ORIENTED_EDGE('',*,*,#10196,.F.);
#10242 = ORIENTED_EDGE('',*,*,#10243,.F.);
#10243 = EDGE_CURVE('',#10244,#10180,#10246,.T.);
#10244 = VERTEX_POINT('',#10245);
#10245 = CARTESIAN_POINT('',(22.,-120.,0.));
#10246 = CIRCLE('',#10247,3.000001172987);
#10247 = AXIS2_PLACEMENT_3D('',#10248,#10249,#10250);
#10248 = CARTESIAN_POINT('',(25.000001172987,-120.0000011729,0.));
#10249 = DIRECTION('',(0.,0.,-1.));
#10250 = DIRECTION('',(-1.,3.909953616065E-07,0.));
#10251 = ORIENTED_EDGE('',*,*,#10252,.F.);
#10252 = EDGE_CURVE('',#10253,#10244,#10255,.T.);
#10253 = VERTEX_POINT('',#10254);
#10254 = CARTESIAN_POINT('',(22.,-185.,0.));
#10255 = LINE('',#10256,#10257);
#10256 = CARTESIAN_POINT('',(22.,-185.,0.));
#10257 = VECTOR('',#10258,1.);
#10258 = DIRECTION('',(0.,1.,0.));
#10259 = ORIENTED_EDGE('',*,*,#10260,.F.);
#10260 = EDGE_CURVE('',#10261,#10253,#10263,.T.);
#10261 = VERTEX_POINT('',#10262);
#10262 = CARTESIAN_POINT('',(25.,-188.,0.));
#10263 = CIRCLE('',#10264,3.000001172987);
#10264 = AXIS2_PLACEMENT_3D('',#10265,#10266,#10267);
#10265 = CARTESIAN_POINT('',(25.000001172987,-184.999998827,0.));
#10266 = DIRECTION('',(0.,0.,-1.));
#10267 = DIRECTION('',(-3.909953639749E-07,-1.,-0.));
#10268 = ORIENTED_EDGE('',*,*,#10269,.F.);
#10269 = EDGE_CURVE('',#10270,#10261,#10272,.T.);
#10270 = VERTEX_POINT('',#10271);
#10271 = CARTESIAN_POINT('',(110.,-188.,0.));
#10272 = LINE('',#10273,#10274);
#10273 = CARTESIAN_POINT('',(110.,-188.,0.));
#10274 = VECTOR('',#10275,1.);
#10275 = DIRECTION('',(-1.,0.,0.));
#10276 = ORIENTED_EDGE('',*,*,#10277,.F.);
#10277 = EDGE_CURVE('',#10220,#10270,#10278,.T.);
#10278 = CIRCLE('',#10279,3.000001172987);
#10279 = AXIS2_PLACEMENT_3D('',#10280,#10281,#10282);
#10280 = CARTESIAN_POINT('',(109.99999882701,-184.999998827,0.));
#10281 = DIRECTION('',(0.,0.,-1.));
#10282 = DIRECTION('',(1.,-3.909953710804E-07,0.));
#10283 = ORIENTED_EDGE('',*,*,#10227,.F.);
#10284 = FACE_BOUND('',#10285,.F.);
#10285 = EDGE_LOOP('',(#10286));
#10286 = ORIENTED_EDGE('',*,*,#10287,.T.);
#10287 = EDGE_CURVE('',#10288,#10288,#10290,.T.);
#10288 = VERTEX_POINT('',#10289);
#10289 = CARTESIAN_POINT('',(30.,-181.6,0.));
#10290 = CIRCLE('',#10291,1.6);
#10291 = AXIS2_PLACEMENT_3D('',#10292,#10293,#10294);
#10292 = CARTESIAN_POINT('',(30.,-180.,0.));
#10293 = DIRECTION('',(-0.,0.,-1.));
#10294 = DIRECTION('',(-0.,-1.,0.));
#10295 = FACE_BOUND('',#10296,.F.);
#10296 = EDGE_LOOP('',(#10297));
#10297 = ORIENTED_EDGE('',*,*,#10298,.T.);
#10298 = EDGE_CURVE('',#10299,#10299,#10301,.T.);
#10299 = VERTEX_POINT('',#10300);
#10300 = CARTESIAN_POINT('',(44.42,-166.35,0.));
#10301 = CIRCLE('',#10302,0.85);
#10302 = AXIS2_PLACEMENT_3D('',#10303,#10304,#10305);
#10303 = CARTESIAN_POINT('',(44.42,-165.5,0.));
#10304 = DIRECTION('',(-0.,0.,-1.));
#10305 = DIRECTION('',(-0.,-1.,0.));
#10306 = FACE_BOUND('',#10307,.F.);
#10307 = EDGE_LOOP('',(#10308));
#10308 = ORIENTED_EDGE('',*,*,#10309,.T.);
#10309 = EDGE_CURVE('',#10310,#10310,#10312,.T.);
#10310 = VERTEX_POINT('',#10311);
#10311 = CARTESIAN_POINT('',(45.69,-163.71,0.));
#10312 = CIRCLE('',#10313,0.75);
#10313 = AXIS2_PLACEMENT_3D('',#10314,#10315,#10316);
#10314 = CARTESIAN_POINT('',(45.69,-162.96,0.));
#10315 = DIRECTION('',(-0.,0.,-1.));
#10316 = DIRECTION('',(-0.,-1.,0.));
#10317 = FACE_BOUND('',#10318,.F.);
#10318 = EDGE_LOOP('',(#10319));
#10319 = ORIENTED_EDGE('',*,*,#10320,.T.);
#10320 = EDGE_CURVE('',#10321,#10321,#10323,.T.);
#10321 = VERTEX_POINT('',#10322);
#10322 = CARTESIAN_POINT('',(49.5,-167.5,0.));
#10323 = CIRCLE('',#10324,2.);
#10324 = AXIS2_PLACEMENT_3D('',#10325,#10326,#10327);
#10325 = CARTESIAN_POINT('',(49.5,-165.5,0.));
#10326 = DIRECTION('',(-0.,0.,-1.));
#10327 = DIRECTION('',(-0.,-1.,0.));
#10328 = FACE_BOUND('',#10329,.F.);
#10329 = EDGE_LOOP('',(#10330));
#10330 = ORIENTED_EDGE('',*,*,#10331,.T.);
#10331 = EDGE_CURVE('',#10332,#10332,#10334,.T.);
#10332 = VERTEX_POINT('',#10333);
#10333 = CARTESIAN_POINT('',(54.58,-166.35,0.));
#10334 = CIRCLE('',#10335,0.85);
#10335 = AXIS2_PLACEMENT_3D('',#10336,#10337,#10338);
#10336 = CARTESIAN_POINT('',(54.58,-165.5,0.));
#10337 = DIRECTION('',(-0.,0.,-1.));
#10338 = DIRECTION('',(-0.,-1.,0.));
#10339 = FACE_BOUND('',#10340,.F.);
#10340 = EDGE_LOOP('',(#10341));
#10341 = ORIENTED_EDGE('',*,*,#10342,.T.);
#10342 = EDGE_CURVE('',#10343,#10343,#10345,.T.);
#10343 = VERTEX_POINT('',#10344);
#10344 = CARTESIAN_POINT('',(52.04,-161.17,0.));
#10345 = CIRCLE('',#10346,0.75);
#10346 = AXIS2_PLACEMENT_3D('',#10347,#10348,#10349);
#10347 = CARTESIAN_POINT('',(52.04,-160.42,0.));
#10348 = DIRECTION('',(-0.,0.,-1.));
#10349 = DIRECTION('',(-0.,-1.,0.));
#10350 = FACE_BOUND('',#10351,.F.);
#10351 = EDGE_LOOP('',(#10352));
#10352 = ORIENTED_EDGE('',*,*,#10353,.T.);
#10353 = EDGE_CURVE('',#10354,#10354,#10356,.T.);
#10354 = VERTEX_POINT('',#10355);
#10355 = CARTESIAN_POINT('',(64.42,-166.35,0.));
#10356 = CIRCLE('',#10357,0.85);
#10357 = AXIS2_PLACEMENT_3D('',#10358,#10359,#10360);
#10358 = CARTESIAN_POINT('',(64.42,-165.5,0.));
#10359 = DIRECTION('',(-0.,0.,-1.));
#10360 = DIRECTION('',(-0.,-1.,0.));
#10361 = FACE_BOUND('',#10362,.F.);
#10362 = EDGE_LOOP('',(#10363));
#10363 = ORIENTED_EDGE('',*,*,#10364,.T.);
#10364 = EDGE_CURVE('',#10365,#10365,#10367,.T.);
#10365 = VERTEX_POINT('',#10366);
#10366 = CARTESIAN_POINT('',(65.69,-163.71,0.));
#10367 = CIRCLE('',#10368,0.75);
#10368 = AXIS2_PLACEMENT_3D('',#10369,#10370,#10371);
#10369 = CARTESIAN_POINT('',(65.69,-162.96,0.));
#10370 = DIRECTION('',(-0.,0.,-1.));
#10371 = DIRECTION('',(-0.,-1.,0.));
#10372 = FACE_BOUND('',#10373,.F.);
#10373 = EDGE_LOOP('',(#10374));
#10374 = ORIENTED_EDGE('',*,*,#10375,.T.);
#10375 = EDGE_CURVE('',#10376,#10376,#10378,.T.);
#10376 = VERTEX_POINT('',#10377);
#10377 = CARTESIAN_POINT('',(105.,-181.6,0.));
#10378 = CIRCLE('',#10379,1.6);
#10379 = AXIS2_PLACEMENT_3D('',#10380,#10381,#10382);
#10380 = CARTESIAN_POINT('',(105.,-180.,0.));
#10381 = DIRECTION('',(-0.,0.,-1.));
#10382 = DIRECTION('',(-0.,-1.,0.));
#10383 = FACE_BOUND('',#10384,.F.);
#10384 = EDGE_LOOP('',(#10385));
#10385 = ORIENTED_EDGE('',*,*,#10386,.T.);
#10386 = EDGE_CURVE('',#10387,#10387,#10389,.T.);
#10387 = VERTEX_POINT('',#10388);
#10388 = CARTESIAN_POINT('',(69.5,-167.5,0.));
#10389 = CIRCLE('',#10390,2.);
#10390 = AXIS2_PLACEMENT_3D('',#10391,#10392,#10393);
#10391 = CARTESIAN_POINT('',(69.5,-165.5,0.));
#10392 = DIRECTION('',(-0.,0.,-1.));
#10393 = DIRECTION('',(-0.,-1.,0.));
#10394 = FACE_BOUND('',#10395,.F.);
#10395 = EDGE_LOOP('',(#10396));
#10396 = ORIENTED_EDGE('',*,*,#10397,.T.);
#10397 = EDGE_CURVE('',#10398,#10398,#10400,.T.);
#10398 = VERTEX_POINT('',#10399);
#10399 = CARTESIAN_POINT('',(74.58,-166.35,0.));
#10400 = CIRCLE('',#10401,0.85);
#10401 = AXIS2_PLACEMENT_3D('',#10402,#10403,#10404);
#10402 = CARTESIAN_POINT('',(74.58,-165.5,0.));
#10403 = DIRECTION('',(-0.,0.,-1.));
#10404 = DIRECTION('',(-1.671865260612E-14,-1.,0.));
#10405 = FACE_BOUND('',#10406,.F.);
#10406 = EDGE_LOOP('',(#10407));
#10407 = ORIENTED_EDGE('',*,*,#10408,.T.);
#10408 = EDGE_CURVE('',#10409,#10409,#10411,.T.);
#10409 = VERTEX_POINT('',#10410);
#10410 = CARTESIAN_POINT('',(72.04,-161.17,0.));
#10411 = CIRCLE('',#10412,0.75);
#10412 = AXIS2_PLACEMENT_3D('',#10413,#10414,#10415);
#10413 = CARTESIAN_POINT('',(72.04,-160.42,0.));
#10414 = DIRECTION('',(-0.,0.,-1.));
#10415 = DIRECTION('',(-0.,-1.,0.));
#10416 = FACE_BOUND('',#10417,.F.);
#10417 = EDGE_LOOP('',(#10418));
#10418 = ORIENTED_EDGE('',*,*,#10419,.T.);
#10419 = EDGE_CURVE('',#10420,#10420,#10422,.T.);
#10420 = VERTEX_POINT('',#10421);
#10421 = CARTESIAN_POINT('',(84.42,-166.35,0.));
#10422 = CIRCLE('',#10423,0.85);
#10423 = AXIS2_PLACEMENT_3D('',#10424,#10425,#10426);
#10424 = CARTESIAN_POINT('',(84.42,-165.5,0.));
#10425 = DIRECTION('',(-0.,0.,-1.));
#10426 = DIRECTION('',(1.671865260612E-14,-1.,-0.));
#10427 = FACE_BOUND('',#10428,.F.);
#10428 = EDGE_LOOP('',(#10429));
#10429 = ORIENTED_EDGE('',*,*,#10430,.T.);
#10430 = EDGE_CURVE('',#10431,#10431,#10433,.T.);
#10431 = VERTEX_POINT('',#10432);
#10432 = CARTESIAN_POINT('',(85.69,-163.71,0.));
#10433 = CIRCLE('',#10434,0.75);
#10434 = AXIS2_PLACEMENT_3D('',#10435,#10436,#10437);
#10435 = CARTESIAN_POINT('',(85.69,-162.96,0.));
#10436 = DIRECTION('',(-0.,0.,-1.));
#10437 = DIRECTION('',(-0.,-1.,0.));
#10438 = FACE_BOUND('',#10439,.F.);
#10439 = EDGE_LOOP('',(#10440));
#10440 = ORIENTED_EDGE('',*,*,#10441,.T.);
#10441 = EDGE_CURVE('',#10442,#10442,#10444,.T.);
#10442 = VERTEX_POINT('',#10443);
#10443 = CARTESIAN_POINT('',(89.5,-167.5,0.));
#10444 = CIRCLE('',#10445,2.);
#10445 = AXIS2_PLACEMENT_3D('',#10446,#10447,#10448);
#10446 = CARTESIAN_POINT('',(89.5,-165.5,0.));
#10447 = DIRECTION('',(-0.,0.,-1.));
#10448 = DIRECTION('',(-0.,-1.,0.));
#10449 = FACE_BOUND('',#10450,.F.);
#10450 = EDGE_LOOP('',(#10451));
#10451 = ORIENTED_EDGE('',*,*,#10452,.T.);
#10452 = EDGE_CURVE('',#10453,#10453,#10455,.T.);
#10453 = VERTEX_POINT('',#10454);
#10454 = CARTESIAN_POINT('',(94.58,-166.35,0.));
#10455 = CIRCLE('',#10456,0.85);
#10456 = AXIS2_PLACEMENT_3D('',#10457,#10458,#10459);
#10457 = CARTESIAN_POINT('',(94.58,-165.5,0.));
#10458 = DIRECTION('',(-0.,0.,-1.));
#10459 = DIRECTION('',(-1.671865260612E-14,-1.,0.));
#10460 = FACE_BOUND('',#10461,.F.);
#10461 = EDGE_LOOP('',(#10462));
#10462 = ORIENTED_EDGE('',*,*,#10463,.T.);
#10463 = EDGE_CURVE('',#10464,#10464,#10466,.T.);
#10464 = VERTEX_POINT('',#10465);
#10465 = CARTESIAN_POINT('',(92.04,-161.17,0.));
#10466 = CIRCLE('',#10467,0.75);
#10467 = AXIS2_PLACEMENT_3D('',#10468,#10469,#10470);
#10468 = CARTESIAN_POINT('',(92.04,-160.42,0.));
#10469 = DIRECTION('',(-0.,0.,-1.));
#10470 = DIRECTION('',(-0.,-1.,0.));
#10471 = FACE_BOUND('',#10472,.F.);
#10472 = EDGE_LOOP('',(#10473));
#10473 = ORIENTED_EDGE('',*,*,#10474,.T.);
#10474 = EDGE_CURVE('',#10475,#10475,#10477,.T.);
#10475 = VERTEX_POINT('',#10476);
#10476 = CARTESIAN_POINT('',(48.92,-149.,0.));
#10477 = CIRCLE('',#10478,0.5);
#10478 = AXIS2_PLACEMENT_3D('',#10479,#10480,#10481);
#10479 = CARTESIAN_POINT('',(48.92,-148.5,0.));
#10480 = DIRECTION('',(-0.,0.,-1.));
#10481 = DIRECTION('',(-0.,-1.,0.));
#10482 = FACE_BOUND('',#10483,.F.);
#10483 = EDGE_LOOP('',(#10484));
#10484 = ORIENTED_EDGE('',*,*,#10485,.T.);
#10485 = EDGE_CURVE('',#10486,#10486,#10488,.T.);
#10486 = VERTEX_POINT('',#10487);
#10487 = CARTESIAN_POINT('',(51.46,-149.,0.));
#10488 = CIRCLE('',#10489,0.5);
#10489 = AXIS2_PLACEMENT_3D('',#10490,#10491,#10492);
#10490 = CARTESIAN_POINT('',(51.46,-148.5,0.));
#10491 = DIRECTION('',(-0.,0.,-1.));
#10492 = DIRECTION('',(-0.,-1.,0.));
#10493 = FACE_BOUND('',#10494,.F.);
#10494 = EDGE_LOOP('',(#10495));
#10495 = ORIENTED_EDGE('',*,*,#10496,.T.);
#10496 = EDGE_CURVE('',#10497,#10497,#10499,.T.);
#10497 = VERTEX_POINT('',#10498);
#10498 = CARTESIAN_POINT('',(54.,-149.,0.));
#10499 = CIRCLE('',#10500,0.5);
#10500 = AXIS2_PLACEMENT_3D('',#10501,#10502,#10503);
#10501 = CARTESIAN_POINT('',(54.,-148.5,0.));
#10502 = DIRECTION('',(-0.,0.,-1.));
#10503 = DIRECTION('',(-0.,-1.,0.));
#10504 = FACE_BOUND('',#10505,.F.);
#10505 = EDGE_LOOP('',(#10506));
#10506 = ORIENTED_EDGE('',*,*,#10507,.T.);
#10507 = EDGE_CURVE('',#10508,#10508,#10510,.T.);
#10508 = VERTEX_POINT('',#10509);
#10509 = CARTESIAN_POINT('',(62.38,-141.0645,0.));
#10510 = CIRCLE('',#10511,0.4445);
#10511 = AXIS2_PLACEMENT_3D('',#10512,#10513,#10514);
#10512 = CARTESIAN_POINT('',(62.38,-140.62,0.));
#10513 = DIRECTION('',(-0.,0.,-1.));
#10514 = DIRECTION('',(1.598521340293E-14,-1.,-0.));
#10515 = FACE_BOUND('',#10516,.F.);
#10516 = EDGE_LOOP('',(#10517));
#10517 = ORIENTED_EDGE('',*,*,#10518,.T.);
#10518 = EDGE_CURVE('',#10519,#10519,#10521,.T.);
#10519 = VERTEX_POINT('',#10520);
#10520 = CARTESIAN_POINT('',(62.38,-138.5245,0.));
#10521 = CIRCLE('',#10522,0.4445);
#10522 = AXIS2_PLACEMENT_3D('',#10523,#10524,#10525);
#10523 = CARTESIAN_POINT('',(62.38,-138.08,0.));
#10524 = DIRECTION('',(-0.,0.,-1.));
#10525 = DIRECTION('',(1.598521340293E-14,-1.,-0.));
#10526 = FACE_BOUND('',#10527,.F.);
#10527 = EDGE_LOOP('',(#10528));
#10528 = ORIENTED_EDGE('',*,*,#10529,.T.);
#10529 = EDGE_CURVE('',#10530,#10530,#10532,.T.);
#10530 = VERTEX_POINT('',#10531);
#10531 = CARTESIAN_POINT('',(36.72,-137.5,0.));
#10532 = CIRCLE('',#10533,0.5);
#10533 = AXIS2_PLACEMENT_3D('',#10534,#10535,#10536);
#10534 = CARTESIAN_POINT('',(36.72,-137.,0.));
#10535 = DIRECTION('',(-0.,0.,-1.));
#10536 = DIRECTION('',(-0.,-1.,0.));
#10537 = FACE_BOUND('',#10538,.F.);
#10538 = EDGE_LOOP('',(#10539));
#10539 = ORIENTED_EDGE('',*,*,#10540,.T.);
#10540 = EDGE_CURVE('',#10541,#10541,#10543,.T.);
#10541 = VERTEX_POINT('',#10542);
#10542 = CARTESIAN_POINT('',(39.26,-137.5,0.));
#10543 = CIRCLE('',#10544,0.5);
#10544 = AXIS2_PLACEMENT_3D('',#10545,#10546,#10547);
#10545 = CARTESIAN_POINT('',(39.26,-137.,0.));
#10546 = DIRECTION('',(-0.,0.,-1.));
#10547 = DIRECTION('',(-0.,-1.,0.));
#10548 = FACE_BOUND('',#10549,.F.);
#10549 = EDGE_LOOP('',(#10550));
#10550 = ORIENTED_EDGE('',*,*,#10551,.T.);
#10551 = EDGE_CURVE('',#10552,#10552,#10554,.T.);
#10552 = VERTEX_POINT('',#10553);
#10553 = CARTESIAN_POINT('',(41.8,-137.5,0.));
#10554 = CIRCLE('',#10555,0.5);
#10555 = AXIS2_PLACEMENT_3D('',#10556,#10557,#10558);
#10556 = CARTESIAN_POINT('',(41.8,-137.,0.));
#10557 = DIRECTION('',(-0.,0.,-1.));
#10558 = DIRECTION('',(-0.,-1.,0.));
#10559 = FACE_BOUND('',#10560,.F.);
#10560 = EDGE_LOOP('',(#10561));
#10561 = ORIENTED_EDGE('',*,*,#10562,.T.);
#10562 = EDGE_CURVE('',#10563,#10563,#10565,.T.);
#10563 = VERTEX_POINT('',#10564);
#10564 = CARTESIAN_POINT('',(44.34,-137.5,0.));
#10565 = CIRCLE('',#10566,0.5);
#10566 = AXIS2_PLACEMENT_3D('',#10567,#10568,#10569);
#10567 = CARTESIAN_POINT('',(44.34,-137.,0.));
#10568 = DIRECTION('',(-0.,0.,-1.));
#10569 = DIRECTION('',(-0.,-1.,0.));
#10570 = FACE_BOUND('',#10571,.F.);
#10571 = EDGE_LOOP('',(#10572));
#10572 = ORIENTED_EDGE('',*,*,#10573,.T.);
#10573 = EDGE_CURVE('',#10574,#10574,#10576,.T.);
#10574 = VERTEX_POINT('',#10575);
#10575 = CARTESIAN_POINT('',(46.88,-137.5,0.));
#10576 = CIRCLE('',#10577,0.5);
#10577 = AXIS2_PLACEMENT_3D('',#10578,#10579,#10580);
#10578 = CARTESIAN_POINT('',(46.88,-137.,0.));
#10579 = DIRECTION('',(-0.,0.,-1.));
#10580 = DIRECTION('',(-0.,-1.,0.));
#10581 = FACE_BOUND('',#10582,.F.);
#10582 = EDGE_LOOP('',(#10583));
#10583 = ORIENTED_EDGE('',*,*,#10584,.T.);
#10584 = EDGE_CURVE('',#10585,#10585,#10587,.T.);
#10585 = VERTEX_POINT('',#10586);
#10586 = CARTESIAN_POINT('',(30.,-126.6,0.));
#10587 = CIRCLE('',#10588,1.6);
#10588 = AXIS2_PLACEMENT_3D('',#10589,#10590,#10591);
#10589 = CARTESIAN_POINT('',(30.,-125.,0.));
#10590 = DIRECTION('',(-0.,0.,-1.));
#10591 = DIRECTION('',(-0.,-1.,0.));
#10592 = FACE_BOUND('',#10593,.F.);
#10593 = EDGE_LOOP('',(#10594));
#10594 = ORIENTED_EDGE('',*,*,#10595,.T.);
#10595 = EDGE_CURVE('',#10596,#10596,#10598,.T.);
#10596 = VERTEX_POINT('',#10597);
#10597 = CARTESIAN_POINT('',(49.42,-137.5,0.));
#10598 = CIRCLE('',#10599,0.5);
#10599 = AXIS2_PLACEMENT_3D('',#10600,#10601,#10602);
#10600 = CARTESIAN_POINT('',(49.42,-137.,0.));
#10601 = DIRECTION('',(-0.,0.,-1.));
#10602 = DIRECTION('',(-0.,-1.,0.));
#10603 = FACE_BOUND('',#10604,.F.);
#10604 = EDGE_LOOP('',(#10605));
#10605 = ORIENTED_EDGE('',*,*,#10606,.T.);
#10606 = EDGE_CURVE('',#10607,#10607,#10609,.T.);
#10607 = VERTEX_POINT('',#10608);
#10608 = CARTESIAN_POINT('',(51.96,-137.5,0.));
#10609 = CIRCLE('',#10610,0.5);
#10610 = AXIS2_PLACEMENT_3D('',#10611,#10612,#10613);
#10611 = CARTESIAN_POINT('',(51.96,-137.,0.));
#10612 = DIRECTION('',(-0.,0.,-1.));
#10613 = DIRECTION('',(-0.,-1.,0.));
#10614 = FACE_BOUND('',#10615,.F.);
#10615 = EDGE_LOOP('',(#10616));
#10616 = ORIENTED_EDGE('',*,*,#10617,.T.);
#10617 = EDGE_CURVE('',#10618,#10618,#10620,.T.);
#10618 = VERTEX_POINT('',#10619);
#10619 = CARTESIAN_POINT('',(54.5,-137.5,0.));
#10620 = CIRCLE('',#10621,0.5);
#10621 = AXIS2_PLACEMENT_3D('',#10622,#10623,#10624);
#10622 = CARTESIAN_POINT('',(54.5,-137.,0.));
#10623 = DIRECTION('',(-0.,0.,-1.));
#10624 = DIRECTION('',(-0.,-1.,0.));
#10625 = FACE_BOUND('',#10626,.F.);
#10626 = EDGE_LOOP('',(#10627));
#10627 = ORIENTED_EDGE('',*,*,#10628,.T.);
#10628 = EDGE_CURVE('',#10629,#10629,#10631,.T.);
#10629 = VERTEX_POINT('',#10630);
#10630 = CARTESIAN_POINT('',(62.38,-135.9845,0.));
#10631 = CIRCLE('',#10632,0.4445);
#10632 = AXIS2_PLACEMENT_3D('',#10633,#10634,#10635);
#10633 = CARTESIAN_POINT('',(62.38,-135.54,0.));
#10634 = DIRECTION('',(-0.,0.,-1.));
#10635 = DIRECTION('',(1.598521340293E-14,-1.,-0.));
#10636 = FACE_BOUND('',#10637,.F.);
#10637 = EDGE_LOOP('',(#10638));
#10638 = ORIENTED_EDGE('',*,*,#10639,.T.);
#10639 = EDGE_CURVE('',#10640,#10640,#10642,.T.);
#10640 = VERTEX_POINT('',#10641);
#10641 = CARTESIAN_POINT('',(62.38,-133.4445,0.));
#10642 = CIRCLE('',#10643,0.4445);
#10643 = AXIS2_PLACEMENT_3D('',#10644,#10645,#10646);
#10644 = CARTESIAN_POINT('',(62.38,-133.,0.));
#10645 = DIRECTION('',(-0.,0.,-1.));
#10646 = DIRECTION('',(1.598521340293E-14,-1.,-0.));
#10647 = FACE_BOUND('',#10648,.F.);
#10648 = EDGE_LOOP('',(#10649));
#10649 = ORIENTED_EDGE('',*,*,#10650,.T.);
#10650 = EDGE_CURVE('',#10651,#10651,#10653,.T.);
#10651 = VERTEX_POINT('',#10652);
#10652 = CARTESIAN_POINT('',(62.38,-130.9045,0.));
#10653 = CIRCLE('',#10654,0.4445);
#10654 = AXIS2_PLACEMENT_3D('',#10655,#10656,#10657);
#10655 = CARTESIAN_POINT('',(62.38,-130.46,0.));
#10656 = DIRECTION('',(-0.,0.,-1.));
#10657 = DIRECTION('',(1.598521340293E-14,-1.,-0.));
#10658 = FACE_BOUND('',#10659,.F.);
#10659 = EDGE_LOOP('',(#10660));
#10660 = ORIENTED_EDGE('',*,*,#10661,.T.);
#10661 = EDGE_CURVE('',#10662,#10662,#10664,.T.);
#10662 = VERTEX_POINT('',#10663);
#10663 = CARTESIAN_POINT('',(62.38,-128.3645,0.));
#10664 = CIRCLE('',#10665,0.4445);
#10665 = AXIS2_PLACEMENT_3D('',#10666,#10667,#10668);
#10666 = CARTESIAN_POINT('',(62.38,-127.92,0.));
#10667 = DIRECTION('',(-0.,0.,-1.));
#10668 = DIRECTION('',(1.598521340293E-14,-1.,-0.));
#10669 = FACE_BOUND('',#10670,.F.);
#10670 = EDGE_LOOP('',(#10671));
#10671 = ORIENTED_EDGE('',*,*,#10672,.T.);
#10672 = EDGE_CURVE('',#10673,#10673,#10675,.T.);
#10673 = VERTEX_POINT('',#10674);
#10674 = CARTESIAN_POINT('',(62.38,-125.8245,0.));
#10675 = CIRCLE('',#10676,0.4445);
#10676 = AXIS2_PLACEMENT_3D('',#10677,#10678,#10679);
#10677 = CARTESIAN_POINT('',(62.38,-125.38,0.));
#10678 = DIRECTION('',(-0.,0.,-1.));
#10679 = DIRECTION('',(1.598521340293E-14,-1.,-0.));
#10680 = FACE_BOUND('',#10681,.F.);
#10681 = EDGE_LOOP('',(#10682));
#10682 = ORIENTED_EDGE('',*,*,#10683,.T.);
#10683 = EDGE_CURVE('',#10684,#10684,#10686,.T.);
#10684 = VERTEX_POINT('',#10685);
#10685 = CARTESIAN_POINT('',(85.7,-144.,0.));
#10686 = CIRCLE('',#10687,0.5);
#10687 = AXIS2_PLACEMENT_3D('',#10688,#10689,#10690);
#10688 = CARTESIAN_POINT('',(85.7,-143.5,0.));
#10689 = DIRECTION('',(-0.,0.,-1.));
#10690 = DIRECTION('',(-0.,-1.,0.));
#10691 = FACE_BOUND('',#10692,.F.);
#10692 = EDGE_LOOP('',(#10693));
#10693 = ORIENTED_EDGE('',*,*,#10694,.T.);
#10694 = EDGE_CURVE('',#10695,#10695,#10697,.T.);
#10695 = VERTEX_POINT('',#10696);
#10696 = CARTESIAN_POINT('',(77.62,-141.0645,0.));
#10697 = CIRCLE('',#10698,0.4445);
#10698 = AXIS2_PLACEMENT_3D('',#10699,#10700,#10701);
#10699 = CARTESIAN_POINT('',(77.62,-140.62,0.));
#10700 = DIRECTION('',(-0.,0.,-1.));
#10701 = DIRECTION('',(-0.,-1.,0.));
#10702 = FACE_BOUND('',#10703,.F.);
#10703 = EDGE_LOOP('',(#10704));
#10704 = ORIENTED_EDGE('',*,*,#10705,.T.);
#10705 = EDGE_CURVE('',#10706,#10706,#10708,.T.);
#10706 = VERTEX_POINT('',#10707);
#10707 = CARTESIAN_POINT('',(77.62,-138.5245,0.));
#10708 = CIRCLE('',#10709,0.4445);
#10709 = AXIS2_PLACEMENT_3D('',#10710,#10711,#10712);
#10710 = CARTESIAN_POINT('',(77.62,-138.08,0.));
#10711 = DIRECTION('',(-0.,0.,-1.));
#10712 = DIRECTION('',(-0.,-1.,0.));
#10713 = FACE_BOUND('',#10714,.F.);
#10714 = EDGE_LOOP('',(#10715));
#10715 = ORIENTED_EDGE('',*,*,#10716,.T.);
#10716 = EDGE_CURVE('',#10717,#10717,#10719,.T.);
#10717 = VERTEX_POINT('',#10718);
#10718 = CARTESIAN_POINT('',(93.3,-144.,0.));
#10719 = CIRCLE('',#10720,0.5);
#10720 = AXIS2_PLACEMENT_3D('',#10721,#10722,#10723);
#10721 = CARTESIAN_POINT('',(93.3,-143.5,0.));
#10722 = DIRECTION('',(-0.,0.,-1.));
#10723 = DIRECTION('',(-0.,-1.,0.));
#10724 = FACE_BOUND('',#10725,.F.);
#10725 = EDGE_LOOP('',(#10726));
#10726 = ORIENTED_EDGE('',*,*,#10727,.T.);
#10727 = EDGE_CURVE('',#10728,#10728,#10730,.T.);
#10728 = VERTEX_POINT('',#10729);
#10729 = CARTESIAN_POINT('',(77.62,-135.9845,0.));
#10730 = CIRCLE('',#10731,0.4445);
#10731 = AXIS2_PLACEMENT_3D('',#10732,#10733,#10734);
#10732 = CARTESIAN_POINT('',(77.62,-135.54,0.));
#10733 = DIRECTION('',(-0.,0.,-1.));
#10734 = DIRECTION('',(-0.,-1.,0.));
#10735 = FACE_BOUND('',#10736,.F.);
#10736 = EDGE_LOOP('',(#10737));
#10737 = ORIENTED_EDGE('',*,*,#10738,.T.);
#10738 = EDGE_CURVE('',#10739,#10739,#10741,.T.);
#10739 = VERTEX_POINT('',#10740);
#10740 = CARTESIAN_POINT('',(77.62,-133.4445,0.));
#10741 = CIRCLE('',#10742,0.4445);
#10742 = AXIS2_PLACEMENT_3D('',#10743,#10744,#10745);
#10743 = CARTESIAN_POINT('',(77.62,-133.,0.));
#10744 = DIRECTION('',(-0.,0.,-1.));
#10745 = DIRECTION('',(-0.,-1.,0.));
#10746 = FACE_BOUND('',#10747,.F.);
#10747 = EDGE_LOOP('',(#10748));
#10748 = ORIENTED_EDGE('',*,*,#10749,.T.);
#10749 = EDGE_CURVE('',#10750,#10750,#10752,.T.);
#10750 = VERTEX_POINT('',#10751);
#10751 = CARTESIAN_POINT('',(77.62,-130.9045,0.));
#10752 = CIRCLE('',#10753,0.4445);
#10753 = AXIS2_PLACEMENT_3D('',#10754,#10755,#10756);
#10754 = CARTESIAN_POINT('',(77.62,-130.46,0.));
#10755 = DIRECTION('',(-0.,0.,-1.));
#10756 = DIRECTION('',(-0.,-1.,0.));
#10757 = FACE_BOUND('',#10758,.F.);
#10758 = EDGE_LOOP('',(#10759));
#10759 = ORIENTED_EDGE('',*,*,#10760,.T.);
#10760 = EDGE_CURVE('',#10761,#10761,#10763,.T.);
#10761 = VERTEX_POINT('',#10762);
#10762 = CARTESIAN_POINT('',(77.62,-128.3645,0.));
#10763 = CIRCLE('',#10764,0.4445);
#10764 = AXIS2_PLACEMENT_3D('',#10765,#10766,#10767);
#10765 = CARTESIAN_POINT('',(77.62,-127.92,0.));
#10766 = DIRECTION('',(-0.,0.,-1.));
#10767 = DIRECTION('',(-0.,-1.,0.));
#10768 = FACE_BOUND('',#10769,.F.);
#10769 = EDGE_LOOP('',(#10770));
#10770 = ORIENTED_EDGE('',*,*,#10771,.T.);
#10771 = EDGE_CURVE('',#10772,#10772,#10774,.T.);
#10772 = VERTEX_POINT('',#10773);
#10773 = CARTESIAN_POINT('',(85.5,-130.4,0.));
#10774 = CIRCLE('',#10775,0.4);
#10775 = AXIS2_PLACEMENT_3D('',#10776,#10777,#10778);
#10776 = CARTESIAN_POINT('',(85.5,-130.,0.));
#10777 = DIRECTION('',(-0.,0.,-1.));
#10778 = DIRECTION('',(-0.,-1.,0.));
#10779 = FACE_BOUND('',#10780,.F.);
#10780 = EDGE_LOOP('',(#10781));
#10781 = ORIENTED_EDGE('',*,*,#10782,.T.);
#10782 = EDGE_CURVE('',#10783,#10783,#10785,.T.);
#10783 = VERTEX_POINT('',#10784);
#10784 = CARTESIAN_POINT('',(85.5,-128.4,0.));
#10785 = CIRCLE('',#10786,0.4);
#10786 = AXIS2_PLACEMENT_3D('',#10787,#10788,#10789);
#10787 = CARTESIAN_POINT('',(85.5,-128.,0.));
#10788 = DIRECTION('',(-0.,0.,-1.));
#10789 = DIRECTION('',(-0.,-1.,0.));
#10790 = FACE_BOUND('',#10791,.F.);
#10791 = EDGE_LOOP('',(#10792));
#10792 = ORIENTED_EDGE('',*,*,#10793,.T.);
#10793 = EDGE_CURVE('',#10794,#10794,#10796,.T.);
#10794 = VERTEX_POINT('',#10795);
#10795 = CARTESIAN_POINT('',(77.62,-125.8245,0.));
#10796 = CIRCLE('',#10797,0.4445);
#10797 = AXIS2_PLACEMENT_3D('',#10798,#10799,#10800);
#10798 = CARTESIAN_POINT('',(77.62,-125.38,0.));
#10799 = DIRECTION('',(-0.,0.,-1.));
#10800 = DIRECTION('',(-0.,-1.,0.));
#10801 = FACE_BOUND('',#10802,.F.);
#10802 = EDGE_LOOP('',(#10803));
#10803 = ORIENTED_EDGE('',*,*,#10804,.T.);
#10804 = EDGE_CURVE('',#10805,#10805,#10807,.T.);
#10805 = VERTEX_POINT('',#10806);
#10806 = CARTESIAN_POINT('',(105.5,-126.6,0.));
#10807 = CIRCLE('',#10808,1.6);
#10808 = AXIS2_PLACEMENT_3D('',#10809,#10810,#10811);
#10809 = CARTESIAN_POINT('',(105.5,-125.,0.));
#10810 = DIRECTION('',(-0.,0.,-1.));
#10811 = DIRECTION('',(-0.,-1.,0.));
#10812 = PLANE('',#10813);
#10813 = AXIS2_PLACEMENT_3D('',#10814,#10815,#10816);
#10814 = CARTESIAN_POINT('',(0.,0.,0.));
#10815 = DIRECTION('',(0.,0.,1.));
#10816 = DIRECTION('',(1.,0.,-0.));
#10817 = ADVANCED_FACE('',(#10818,#10864,#10875,#10886,#10897,#10908,
    #10919,#10930,#10941,#10952,#10963,#10974,#10985,#10996,#11007,
    #11018,#11029,#11040,#11051,#11062,#11073,#11084,#11095,#11106,
    #11117,#11128,#11139,#11150,#11161,#11172,#11183,#11194,#11205,
    #11216,#11227,#11238,#11249,#11260,#11271,#11282,#11293,#11304,
    #11315,#11326,#11337,#11348,#11359,#11370,#11381),#11392,.T.);
#10818 = FACE_BOUND('',#10819,.T.);
#10819 = EDGE_LOOP('',(#10820,#10821,#10822,#10831,#10839,#10848,#10856,
    #10863));
#10820 = ORIENTED_EDGE('',*,*,#10147,.F.);
#10821 = ORIENTED_EDGE('',*,*,#10189,.F.);
#10822 = ORIENTED_EDGE('',*,*,#10823,.F.);
#10823 = EDGE_CURVE('',#10824,#10182,#10826,.T.);
#10824 = VERTEX_POINT('',#10825);
#10825 = CARTESIAN_POINT('',(22.,-120.,1.51));
#10826 = CIRCLE('',#10827,3.000001172987);
#10827 = AXIS2_PLACEMENT_3D('',#10828,#10829,#10830);
#10828 = CARTESIAN_POINT('',(25.000001172987,-120.0000011729,1.51));
#10829 = DIRECTION('',(0.,0.,-1.));
#10830 = DIRECTION('',(-1.,3.909953616065E-07,0.));
#10831 = ORIENTED_EDGE('',*,*,#10832,.F.);
#10832 = EDGE_CURVE('',#10833,#10824,#10835,.T.);
#10833 = VERTEX_POINT('',#10834);
#10834 = CARTESIAN_POINT('',(22.,-185.,1.51));
#10835 = LINE('',#10836,#10837);
#10836 = CARTESIAN_POINT('',(22.,-185.,1.51));
#10837 = VECTOR('',#10838,1.);
#10838 = DIRECTION('',(0.,1.,0.));
#10839 = ORIENTED_EDGE('',*,*,#10840,.F.);
#10840 = EDGE_CURVE('',#10841,#10833,#10843,.T.);
#10841 = VERTEX_POINT('',#10842);
#10842 = CARTESIAN_POINT('',(25.,-188.,1.51));
#10843 = CIRCLE('',#10844,3.000001172987);
#10844 = AXIS2_PLACEMENT_3D('',#10845,#10846,#10847);
#10845 = CARTESIAN_POINT('',(25.000001172987,-184.999998827,1.51));
#10846 = DIRECTION('',(0.,0.,-1.));
#10847 = DIRECTION('',(-3.909953639749E-07,-1.,-0.));
#10848 = ORIENTED_EDGE('',*,*,#10849,.F.);
#10849 = EDGE_CURVE('',#10850,#10841,#10852,.T.);
#10850 = VERTEX_POINT('',#10851);
#10851 = CARTESIAN_POINT('',(110.,-188.,1.51));
#10852 = LINE('',#10853,#10854);
#10853 = CARTESIAN_POINT('',(110.,-188.,1.51));
#10854 = VECTOR('',#10855,1.);
#10855 = DIRECTION('',(-1.,0.,0.));
#10856 = ORIENTED_EDGE('',*,*,#10857,.F.);
#10857 = EDGE_CURVE('',#10212,#10850,#10858,.T.);
#10858 = CIRCLE('',#10859,3.000001172987);
#10859 = AXIS2_PLACEMENT_3D('',#10860,#10861,#10862);
#10860 = CARTESIAN_POINT('',(109.99999882701,-184.999998827,1.51));
#10861 = DIRECTION('',(0.,0.,-1.));
#10862 = DIRECTION('',(1.,-3.909953710804E-07,0.));
#10863 = ORIENTED_EDGE('',*,*,#10211,.F.);
#10864 = FACE_BOUND('',#10865,.T.);
#10865 = EDGE_LOOP('',(#10866));
#10866 = ORIENTED_EDGE('',*,*,#10867,.T.);
#10867 = EDGE_CURVE('',#10868,#10868,#10870,.T.);
#10868 = VERTEX_POINT('',#10869);
#10869 = CARTESIAN_POINT('',(30.,-181.6,1.51));
#10870 = CIRCLE('',#10871,1.6);
#10871 = AXIS2_PLACEMENT_3D('',#10872,#10873,#10874);
#10872 = CARTESIAN_POINT('',(30.,-180.,1.51));
#10873 = DIRECTION('',(-0.,0.,-1.));
#10874 = DIRECTION('',(-0.,-1.,0.));
#10875 = FACE_BOUND('',#10876,.T.);
#10876 = EDGE_LOOP('',(#10877));
#10877 = ORIENTED_EDGE('',*,*,#10878,.T.);
#10878 = EDGE_CURVE('',#10879,#10879,#10881,.T.);
#10879 = VERTEX_POINT('',#10880);
#10880 = CARTESIAN_POINT('',(44.42,-166.35,1.51));
#10881 = CIRCLE('',#10882,0.85);
#10882 = AXIS2_PLACEMENT_3D('',#10883,#10884,#10885);
#10883 = CARTESIAN_POINT('',(44.42,-165.5,1.51));
#10884 = DIRECTION('',(-0.,0.,-1.));
#10885 = DIRECTION('',(-0.,-1.,0.));
#10886 = FACE_BOUND('',#10887,.T.);
#10887 = EDGE_LOOP('',(#10888));
#10888 = ORIENTED_EDGE('',*,*,#10889,.T.);
#10889 = EDGE_CURVE('',#10890,#10890,#10892,.T.);
#10890 = VERTEX_POINT('',#10891);
#10891 = CARTESIAN_POINT('',(45.69,-163.71,1.51));
#10892 = CIRCLE('',#10893,0.75);
#10893 = AXIS2_PLACEMENT_3D('',#10894,#10895,#10896);
#10894 = CARTESIAN_POINT('',(45.69,-162.96,1.51));
#10895 = DIRECTION('',(-0.,0.,-1.));
#10896 = DIRECTION('',(-0.,-1.,0.));
#10897 = FACE_BOUND('',#10898,.T.);
#10898 = EDGE_LOOP('',(#10899));
#10899 = ORIENTED_EDGE('',*,*,#10900,.T.);
#10900 = EDGE_CURVE('',#10901,#10901,#10903,.T.);
#10901 = VERTEX_POINT('',#10902);
#10902 = CARTESIAN_POINT('',(49.5,-167.5,1.51));
#10903 = CIRCLE('',#10904,2.);
#10904 = AXIS2_PLACEMENT_3D('',#10905,#10906,#10907);
#10905 = CARTESIAN_POINT('',(49.5,-165.5,1.51));
#10906 = DIRECTION('',(-0.,0.,-1.));
#10907 = DIRECTION('',(-0.,-1.,0.));
#10908 = FACE_BOUND('',#10909,.T.);
#10909 = EDGE_LOOP('',(#10910));
#10910 = ORIENTED_EDGE('',*,*,#10911,.T.);
#10911 = EDGE_CURVE('',#10912,#10912,#10914,.T.);
#10912 = VERTEX_POINT('',#10913);
#10913 = CARTESIAN_POINT('',(54.58,-166.35,1.51));
#10914 = CIRCLE('',#10915,0.85);
#10915 = AXIS2_PLACEMENT_3D('',#10916,#10917,#10918);
#10916 = CARTESIAN_POINT('',(54.58,-165.5,1.51));
#10917 = DIRECTION('',(-0.,0.,-1.));
#10918 = DIRECTION('',(-0.,-1.,0.));
#10919 = FACE_BOUND('',#10920,.T.);
#10920 = EDGE_LOOP('',(#10921));
#10921 = ORIENTED_EDGE('',*,*,#10922,.T.);
#10922 = EDGE_CURVE('',#10923,#10923,#10925,.T.);
#10923 = VERTEX_POINT('',#10924);
#10924 = CARTESIAN_POINT('',(52.04,-161.17,1.51));
#10925 = CIRCLE('',#10926,0.75);
#10926 = AXIS2_PLACEMENT_3D('',#10927,#10928,#10929);
#10927 = CARTESIAN_POINT('',(52.04,-160.42,1.51));
#10928 = DIRECTION('',(-0.,0.,-1.));
#10929 = DIRECTION('',(-0.,-1.,0.));
#10930 = FACE_BOUND('',#10931,.T.);
#10931 = EDGE_LOOP('',(#10932));
#10932 = ORIENTED_EDGE('',*,*,#10933,.T.);
#10933 = EDGE_CURVE('',#10934,#10934,#10936,.T.);
#10934 = VERTEX_POINT('',#10935);
#10935 = CARTESIAN_POINT('',(64.42,-166.35,1.51));
#10936 = CIRCLE('',#10937,0.85);
#10937 = AXIS2_PLACEMENT_3D('',#10938,#10939,#10940);
#10938 = CARTESIAN_POINT('',(64.42,-165.5,1.51));
#10939 = DIRECTION('',(-0.,0.,-1.));
#10940 = DIRECTION('',(-0.,-1.,0.));
#10941 = FACE_BOUND('',#10942,.T.);
#10942 = EDGE_LOOP('',(#10943));
#10943 = ORIENTED_EDGE('',*,*,#10944,.T.);
#10944 = EDGE_CURVE('',#10945,#10945,#10947,.T.);
#10945 = VERTEX_POINT('',#10946);
#10946 = CARTESIAN_POINT('',(65.69,-163.71,1.51));
#10947 = CIRCLE('',#10948,0.75);
#10948 = AXIS2_PLACEMENT_3D('',#10949,#10950,#10951);
#10949 = CARTESIAN_POINT('',(65.69,-162.96,1.51));
#10950 = DIRECTION('',(-0.,0.,-1.));
#10951 = DIRECTION('',(-0.,-1.,0.));
#10952 = FACE_BOUND('',#10953,.T.);
#10953 = EDGE_LOOP('',(#10954));
#10954 = ORIENTED_EDGE('',*,*,#10955,.T.);
#10955 = EDGE_CURVE('',#10956,#10956,#10958,.T.);
#10956 = VERTEX_POINT('',#10957);
#10957 = CARTESIAN_POINT('',(105.,-181.6,1.51));
#10958 = CIRCLE('',#10959,1.6);
#10959 = AXIS2_PLACEMENT_3D('',#10960,#10961,#10962);
#10960 = CARTESIAN_POINT('',(105.,-180.,1.51));
#10961 = DIRECTION('',(-0.,0.,-1.));
#10962 = DIRECTION('',(-0.,-1.,0.));
#10963 = FACE_BOUND('',#10964,.T.);
#10964 = EDGE_LOOP('',(#10965));
#10965 = ORIENTED_EDGE('',*,*,#10966,.T.);
#10966 = EDGE_CURVE('',#10967,#10967,#10969,.T.);
#10967 = VERTEX_POINT('',#10968);
#10968 = CARTESIAN_POINT('',(69.5,-167.5,1.51));
#10969 = CIRCLE('',#10970,2.);
#10970 = AXIS2_PLACEMENT_3D('',#10971,#10972,#10973);
#10971 = CARTESIAN_POINT('',(69.5,-165.5,1.51));
#10972 = DIRECTION('',(-0.,0.,-1.));
#10973 = DIRECTION('',(-0.,-1.,0.));
#10974 = FACE_BOUND('',#10975,.T.);
#10975 = EDGE_LOOP('',(#10976));
#10976 = ORIENTED_EDGE('',*,*,#10977,.T.);
#10977 = EDGE_CURVE('',#10978,#10978,#10980,.T.);
#10978 = VERTEX_POINT('',#10979);
#10979 = CARTESIAN_POINT('',(74.58,-166.35,1.51));
#10980 = CIRCLE('',#10981,0.85);
#10981 = AXIS2_PLACEMENT_3D('',#10982,#10983,#10984);
#10982 = CARTESIAN_POINT('',(74.58,-165.5,1.51));
#10983 = DIRECTION('',(-0.,0.,-1.));
#10984 = DIRECTION('',(-1.671865260612E-14,-1.,0.));
#10985 = FACE_BOUND('',#10986,.T.);
#10986 = EDGE_LOOP('',(#10987));
#10987 = ORIENTED_EDGE('',*,*,#10988,.T.);
#10988 = EDGE_CURVE('',#10989,#10989,#10991,.T.);
#10989 = VERTEX_POINT('',#10990);
#10990 = CARTESIAN_POINT('',(72.04,-161.17,1.51));
#10991 = CIRCLE('',#10992,0.75);
#10992 = AXIS2_PLACEMENT_3D('',#10993,#10994,#10995);
#10993 = CARTESIAN_POINT('',(72.04,-160.42,1.51));
#10994 = DIRECTION('',(-0.,0.,-1.));
#10995 = DIRECTION('',(-0.,-1.,0.));
#10996 = FACE_BOUND('',#10997,.T.);
#10997 = EDGE_LOOP('',(#10998));
#10998 = ORIENTED_EDGE('',*,*,#10999,.T.);
#10999 = EDGE_CURVE('',#11000,#11000,#11002,.T.);
#11000 = VERTEX_POINT('',#11001);
#11001 = CARTESIAN_POINT('',(84.42,-166.35,1.51));
#11002 = CIRCLE('',#11003,0.85);
#11003 = AXIS2_PLACEMENT_3D('',#11004,#11005,#11006);
#11004 = CARTESIAN_POINT('',(84.42,-165.5,1.51));
#11005 = DIRECTION('',(-0.,0.,-1.));
#11006 = DIRECTION('',(1.671865260612E-14,-1.,-0.));
#11007 = FACE_BOUND('',#11008,.T.);
#11008 = EDGE_LOOP('',(#11009));
#11009 = ORIENTED_EDGE('',*,*,#11010,.T.);
#11010 = EDGE_CURVE('',#11011,#11011,#11013,.T.);
#11011 = VERTEX_POINT('',#11012);
#11012 = CARTESIAN_POINT('',(85.69,-163.71,1.51));
#11013 = CIRCLE('',#11014,0.75);
#11014 = AXIS2_PLACEMENT_3D('',#11015,#11016,#11017);
#11015 = CARTESIAN_POINT('',(85.69,-162.96,1.51));
#11016 = DIRECTION('',(-0.,0.,-1.));
#11017 = DIRECTION('',(-0.,-1.,0.));
#11018 = FACE_BOUND('',#11019,.T.);
#11019 = EDGE_LOOP('',(#11020));
#11020 = ORIENTED_EDGE('',*,*,#11021,.T.);
#11021 = EDGE_CURVE('',#11022,#11022,#11024,.T.);
#11022 = VERTEX_POINT('',#11023);
#11023 = CARTESIAN_POINT('',(89.5,-167.5,1.51));
#11024 = CIRCLE('',#11025,2.);
#11025 = AXIS2_PLACEMENT_3D('',#11026,#11027,#11028);
#11026 = CARTESIAN_POINT('',(89.5,-165.5,1.51));
#11027 = DIRECTION('',(-0.,0.,-1.));
#11028 = DIRECTION('',(-0.,-1.,0.));
#11029 = FACE_BOUND('',#11030,.T.);
#11030 = EDGE_LOOP('',(#11031));
#11031 = ORIENTED_EDGE('',*,*,#11032,.T.);
#11032 = EDGE_CURVE('',#11033,#11033,#11035,.T.);
#11033 = VERTEX_POINT('',#11034);
#11034 = CARTESIAN_POINT('',(94.58,-166.35,1.51));
#11035 = CIRCLE('',#11036,0.85);
#11036 = AXIS2_PLACEMENT_3D('',#11037,#11038,#11039);
#11037 = CARTESIAN_POINT('',(94.58,-165.5,1.51));
#11038 = DIRECTION('',(-0.,0.,-1.));
#11039 = DIRECTION('',(-1.671865260612E-14,-1.,0.));
#11040 = FACE_BOUND('',#11041,.T.);
#11041 = EDGE_LOOP('',(#11042));
#11042 = ORIENTED_EDGE('',*,*,#11043,.T.);
#11043 = EDGE_CURVE('',#11044,#11044,#11046,.T.);
#11044 = VERTEX_POINT('',#11045);
#11045 = CARTESIAN_POINT('',(92.04,-161.17,1.51));
#11046 = CIRCLE('',#11047,0.75);
#11047 = AXIS2_PLACEMENT_3D('',#11048,#11049,#11050);
#11048 = CARTESIAN_POINT('',(92.04,-160.42,1.51));
#11049 = DIRECTION('',(-0.,0.,-1.));
#11050 = DIRECTION('',(-0.,-1.,0.));
#11051 = FACE_BOUND('',#11052,.T.);
#11052 = EDGE_LOOP('',(#11053));
#11053 = ORIENTED_EDGE('',*,*,#11054,.T.);
#11054 = EDGE_CURVE('',#11055,#11055,#11057,.T.);
#11055 = VERTEX_POINT('',#11056);
#11056 = CARTESIAN_POINT('',(48.92,-149.,1.51));
#11057 = CIRCLE('',#11058,0.5);
#11058 = AXIS2_PLACEMENT_3D('',#11059,#11060,#11061);
#11059 = CARTESIAN_POINT('',(48.92,-148.5,1.51));
#11060 = DIRECTION('',(-0.,0.,-1.));
#11061 = DIRECTION('',(-0.,-1.,0.));
#11062 = FACE_BOUND('',#11063,.T.);
#11063 = EDGE_LOOP('',(#11064));
#11064 = ORIENTED_EDGE('',*,*,#11065,.T.);
#11065 = EDGE_CURVE('',#11066,#11066,#11068,.T.);
#11066 = VERTEX_POINT('',#11067);
#11067 = CARTESIAN_POINT('',(51.46,-149.,1.51));
#11068 = CIRCLE('',#11069,0.5);
#11069 = AXIS2_PLACEMENT_3D('',#11070,#11071,#11072);
#11070 = CARTESIAN_POINT('',(51.46,-148.5,1.51));
#11071 = DIRECTION('',(-0.,0.,-1.));
#11072 = DIRECTION('',(-0.,-1.,0.));
#11073 = FACE_BOUND('',#11074,.T.);
#11074 = EDGE_LOOP('',(#11075));
#11075 = ORIENTED_EDGE('',*,*,#11076,.T.);
#11076 = EDGE_CURVE('',#11077,#11077,#11079,.T.);
#11077 = VERTEX_POINT('',#11078);
#11078 = CARTESIAN_POINT('',(54.,-149.,1.51));
#11079 = CIRCLE('',#11080,0.5);
#11080 = AXIS2_PLACEMENT_3D('',#11081,#11082,#11083);
#11081 = CARTESIAN_POINT('',(54.,-148.5,1.51));
#11082 = DIRECTION('',(-0.,0.,-1.));
#11083 = DIRECTION('',(-0.,-1.,0.));
#11084 = FACE_BOUND('',#11085,.T.);
#11085 = EDGE_LOOP('',(#11086));
#11086 = ORIENTED_EDGE('',*,*,#11087,.T.);
#11087 = EDGE_CURVE('',#11088,#11088,#11090,.T.);
#11088 = VERTEX_POINT('',#11089);
#11089 = CARTESIAN_POINT('',(62.38,-141.0645,1.51));
#11090 = CIRCLE('',#11091,0.4445);
#11091 = AXIS2_PLACEMENT_3D('',#11092,#11093,#11094);
#11092 = CARTESIAN_POINT('',(62.38,-140.62,1.51));
#11093 = DIRECTION('',(-0.,0.,-1.));
#11094 = DIRECTION('',(1.598521340293E-14,-1.,-0.));
#11095 = FACE_BOUND('',#11096,.T.);
#11096 = EDGE_LOOP('',(#11097));
#11097 = ORIENTED_EDGE('',*,*,#11098,.T.);
#11098 = EDGE_CURVE('',#11099,#11099,#11101,.T.);
#11099 = VERTEX_POINT('',#11100);
#11100 = CARTESIAN_POINT('',(62.38,-138.5245,1.51));
#11101 = CIRCLE('',#11102,0.4445);
#11102 = AXIS2_PLACEMENT_3D('',#11103,#11104,#11105);
#11103 = CARTESIAN_POINT('',(62.38,-138.08,1.51));
#11104 = DIRECTION('',(-0.,0.,-1.));
#11105 = DIRECTION('',(1.598521340293E-14,-1.,-0.));
#11106 = FACE_BOUND('',#11107,.T.);
#11107 = EDGE_LOOP('',(#11108));
#11108 = ORIENTED_EDGE('',*,*,#11109,.T.);
#11109 = EDGE_CURVE('',#11110,#11110,#11112,.T.);
#11110 = VERTEX_POINT('',#11111);
#11111 = CARTESIAN_POINT('',(36.72,-137.5,1.51));
#11112 = CIRCLE('',#11113,0.5);
#11113 = AXIS2_PLACEMENT_3D('',#11114,#11115,#11116);
#11114 = CARTESIAN_POINT('',(36.72,-137.,1.51));
#11115 = DIRECTION('',(-0.,0.,-1.));
#11116 = DIRECTION('',(-0.,-1.,0.));
#11117 = FACE_BOUND('',#11118,.T.);
#11118 = EDGE_LOOP('',(#11119));
#11119 = ORIENTED_EDGE('',*,*,#11120,.T.);
#11120 = EDGE_CURVE('',#11121,#11121,#11123,.T.);
#11121 = VERTEX_POINT('',#11122);
#11122 = CARTESIAN_POINT('',(39.26,-137.5,1.51));
#11123 = CIRCLE('',#11124,0.5);
#11124 = AXIS2_PLACEMENT_3D('',#11125,#11126,#11127);
#11125 = CARTESIAN_POINT('',(39.26,-137.,1.51));
#11126 = DIRECTION('',(-0.,0.,-1.));
#11127 = DIRECTION('',(-0.,-1.,0.));
#11128 = FACE_BOUND('',#11129,.T.);
#11129 = EDGE_LOOP('',(#11130));
#11130 = ORIENTED_EDGE('',*,*,#11131,.T.);
#11131 = EDGE_CURVE('',#11132,#11132,#11134,.T.);
#11132 = VERTEX_POINT('',#11133);
#11133 = CARTESIAN_POINT('',(41.8,-137.5,1.51));
#11134 = CIRCLE('',#11135,0.5);
#11135 = AXIS2_PLACEMENT_3D('',#11136,#11137,#11138);
#11136 = CARTESIAN_POINT('',(41.8,-137.,1.51));
#11137 = DIRECTION('',(-0.,0.,-1.));
#11138 = DIRECTION('',(-0.,-1.,0.));
#11139 = FACE_BOUND('',#11140,.T.);
#11140 = EDGE_LOOP('',(#11141));
#11141 = ORIENTED_EDGE('',*,*,#11142,.T.);
#11142 = EDGE_CURVE('',#11143,#11143,#11145,.T.);
#11143 = VERTEX_POINT('',#11144);
#11144 = CARTESIAN_POINT('',(44.34,-137.5,1.51));
#11145 = CIRCLE('',#11146,0.5);
#11146 = AXIS2_PLACEMENT_3D('',#11147,#11148,#11149);
#11147 = CARTESIAN_POINT('',(44.34,-137.,1.51));
#11148 = DIRECTION('',(-0.,0.,-1.));
#11149 = DIRECTION('',(-0.,-1.,0.));
#11150 = FACE_BOUND('',#11151,.T.);
#11151 = EDGE_LOOP('',(#11152));
#11152 = ORIENTED_EDGE('',*,*,#11153,.T.);
#11153 = EDGE_CURVE('',#11154,#11154,#11156,.T.);
#11154 = VERTEX_POINT('',#11155);
#11155 = CARTESIAN_POINT('',(46.88,-137.5,1.51));
#11156 = CIRCLE('',#11157,0.5);
#11157 = AXIS2_PLACEMENT_3D('',#11158,#11159,#11160);
#11158 = CARTESIAN_POINT('',(46.88,-137.,1.51));
#11159 = DIRECTION('',(-0.,0.,-1.));
#11160 = DIRECTION('',(-0.,-1.,0.));
#11161 = FACE_BOUND('',#11162,.T.);
#11162 = EDGE_LOOP('',(#11163));
#11163 = ORIENTED_EDGE('',*,*,#11164,.T.);
#11164 = EDGE_CURVE('',#11165,#11165,#11167,.T.);
#11165 = VERTEX_POINT('',#11166);
#11166 = CARTESIAN_POINT('',(30.,-126.6,1.51));
#11167 = CIRCLE('',#11168,1.6);
#11168 = AXIS2_PLACEMENT_3D('',#11169,#11170,#11171);
#11169 = CARTESIAN_POINT('',(30.,-125.,1.51));
#11170 = DIRECTION('',(-0.,0.,-1.));
#11171 = DIRECTION('',(-0.,-1.,0.));
#11172 = FACE_BOUND('',#11173,.T.);
#11173 = EDGE_LOOP('',(#11174));
#11174 = ORIENTED_EDGE('',*,*,#11175,.T.);
#11175 = EDGE_CURVE('',#11176,#11176,#11178,.T.);
#11176 = VERTEX_POINT('',#11177);
#11177 = CARTESIAN_POINT('',(49.42,-137.5,1.51));
#11178 = CIRCLE('',#11179,0.5);
#11179 = AXIS2_PLACEMENT_3D('',#11180,#11181,#11182);
#11180 = CARTESIAN_POINT('',(49.42,-137.,1.51));
#11181 = DIRECTION('',(-0.,0.,-1.));
#11182 = DIRECTION('',(-0.,-1.,0.));
#11183 = FACE_BOUND('',#11184,.T.);
#11184 = EDGE_LOOP('',(#11185));
#11185 = ORIENTED_EDGE('',*,*,#11186,.T.);
#11186 = EDGE_CURVE('',#11187,#11187,#11189,.T.);
#11187 = VERTEX_POINT('',#11188);
#11188 = CARTESIAN_POINT('',(51.96,-137.5,1.51));
#11189 = CIRCLE('',#11190,0.5);
#11190 = AXIS2_PLACEMENT_3D('',#11191,#11192,#11193);
#11191 = CARTESIAN_POINT('',(51.96,-137.,1.51));
#11192 = DIRECTION('',(-0.,0.,-1.));
#11193 = DIRECTION('',(-0.,-1.,0.));
#11194 = FACE_BOUND('',#11195,.T.);
#11195 = EDGE_LOOP('',(#11196));
#11196 = ORIENTED_EDGE('',*,*,#11197,.T.);
#11197 = EDGE_CURVE('',#11198,#11198,#11200,.T.);
#11198 = VERTEX_POINT('',#11199);
#11199 = CARTESIAN_POINT('',(54.5,-137.5,1.51));
#11200 = CIRCLE('',#11201,0.5);
#11201 = AXIS2_PLACEMENT_3D('',#11202,#11203,#11204);
#11202 = CARTESIAN_POINT('',(54.5,-137.,1.51));
#11203 = DIRECTION('',(-0.,0.,-1.));
#11204 = DIRECTION('',(-0.,-1.,0.));
#11205 = FACE_BOUND('',#11206,.T.);
#11206 = EDGE_LOOP('',(#11207));
#11207 = ORIENTED_EDGE('',*,*,#11208,.T.);
#11208 = EDGE_CURVE('',#11209,#11209,#11211,.T.);
#11209 = VERTEX_POINT('',#11210);
#11210 = CARTESIAN_POINT('',(62.38,-135.9845,1.51));
#11211 = CIRCLE('',#11212,0.4445);
#11212 = AXIS2_PLACEMENT_3D('',#11213,#11214,#11215);
#11213 = CARTESIAN_POINT('',(62.38,-135.54,1.51));
#11214 = DIRECTION('',(-0.,0.,-1.));
#11215 = DIRECTION('',(1.598521340293E-14,-1.,-0.));
#11216 = FACE_BOUND('',#11217,.T.);
#11217 = EDGE_LOOP('',(#11218));
#11218 = ORIENTED_EDGE('',*,*,#11219,.T.);
#11219 = EDGE_CURVE('',#11220,#11220,#11222,.T.);
#11220 = VERTEX_POINT('',#11221);
#11221 = CARTESIAN_POINT('',(62.38,-133.4445,1.51));
#11222 = CIRCLE('',#11223,0.4445);
#11223 = AXIS2_PLACEMENT_3D('',#11224,#11225,#11226);
#11224 = CARTESIAN_POINT('',(62.38,-133.,1.51));
#11225 = DIRECTION('',(-0.,0.,-1.));
#11226 = DIRECTION('',(1.598521340293E-14,-1.,-0.));
#11227 = FACE_BOUND('',#11228,.T.);
#11228 = EDGE_LOOP('',(#11229));
#11229 = ORIENTED_EDGE('',*,*,#11230,.T.);
#11230 = EDGE_CURVE('',#11231,#11231,#11233,.T.);
#11231 = VERTEX_POINT('',#11232);
#11232 = CARTESIAN_POINT('',(62.38,-130.9045,1.51));
#11233 = CIRCLE('',#11234,0.4445);
#11234 = AXIS2_PLACEMENT_3D('',#11235,#11236,#11237);
#11235 = CARTESIAN_POINT('',(62.38,-130.46,1.51));
#11236 = DIRECTION('',(-0.,0.,-1.));
#11237 = DIRECTION('',(1.598521340293E-14,-1.,-0.));
#11238 = FACE_BOUND('',#11239,.T.);
#11239 = EDGE_LOOP('',(#11240));
#11240 = ORIENTED_EDGE('',*,*,#11241,.T.);
#11241 = EDGE_CURVE('',#11242,#11242,#11244,.T.);
#11242 = VERTEX_POINT('',#11243);
#11243 = CARTESIAN_POINT('',(62.38,-128.3645,1.51));
#11244 = CIRCLE('',#11245,0.4445);
#11245 = AXIS2_PLACEMENT_3D('',#11246,#11247,#11248);
#11246 = CARTESIAN_POINT('',(62.38,-127.92,1.51));
#11247 = DIRECTION('',(-0.,0.,-1.));
#11248 = DIRECTION('',(1.598521340293E-14,-1.,-0.));
#11249 = FACE_BOUND('',#11250,.T.);
#11250 = EDGE_LOOP('',(#11251));
#11251 = ORIENTED_EDGE('',*,*,#11252,.T.);
#11252 = EDGE_CURVE('',#11253,#11253,#11255,.T.);
#11253 = VERTEX_POINT('',#11254);
#11254 = CARTESIAN_POINT('',(62.38,-125.8245,1.51));
#11255 = CIRCLE('',#11256,0.4445);
#11256 = AXIS2_PLACEMENT_3D('',#11257,#11258,#11259);
#11257 = CARTESIAN_POINT('',(62.38,-125.38,1.51));
#11258 = DIRECTION('',(-0.,0.,-1.));
#11259 = DIRECTION('',(1.598521340293E-14,-1.,-0.));
#11260 = FACE_BOUND('',#11261,.T.);
#11261 = EDGE_LOOP('',(#11262));
#11262 = ORIENTED_EDGE('',*,*,#11263,.T.);
#11263 = EDGE_CURVE('',#11264,#11264,#11266,.T.);
#11264 = VERTEX_POINT('',#11265);
#11265 = CARTESIAN_POINT('',(85.7,-144.,1.51));
#11266 = CIRCLE('',#11267,0.5);
#11267 = AXIS2_PLACEMENT_3D('',#11268,#11269,#11270);
#11268 = CARTESIAN_POINT('',(85.7,-143.5,1.51));
#11269 = DIRECTION('',(-0.,0.,-1.));
#11270 = DIRECTION('',(-0.,-1.,0.));
#11271 = FACE_BOUND('',#11272,.T.);
#11272 = EDGE_LOOP('',(#11273));
#11273 = ORIENTED_EDGE('',*,*,#11274,.T.);
#11274 = EDGE_CURVE('',#11275,#11275,#11277,.T.);
#11275 = VERTEX_POINT('',#11276);
#11276 = CARTESIAN_POINT('',(77.62,-141.0645,1.51));
#11277 = CIRCLE('',#11278,0.4445);
#11278 = AXIS2_PLACEMENT_3D('',#11279,#11280,#11281);
#11279 = CARTESIAN_POINT('',(77.62,-140.62,1.51));
#11280 = DIRECTION('',(-0.,0.,-1.));
#11281 = DIRECTION('',(-0.,-1.,0.));
#11282 = FACE_BOUND('',#11283,.T.);
#11283 = EDGE_LOOP('',(#11284));
#11284 = ORIENTED_EDGE('',*,*,#11285,.T.);
#11285 = EDGE_CURVE('',#11286,#11286,#11288,.T.);
#11286 = VERTEX_POINT('',#11287);
#11287 = CARTESIAN_POINT('',(77.62,-138.5245,1.51));
#11288 = CIRCLE('',#11289,0.4445);
#11289 = AXIS2_PLACEMENT_3D('',#11290,#11291,#11292);
#11290 = CARTESIAN_POINT('',(77.62,-138.08,1.51));
#11291 = DIRECTION('',(-0.,0.,-1.));
#11292 = DIRECTION('',(-0.,-1.,0.));
#11293 = FACE_BOUND('',#11294,.T.);
#11294 = EDGE_LOOP('',(#11295));
#11295 = ORIENTED_EDGE('',*,*,#11296,.T.);
#11296 = EDGE_CURVE('',#11297,#11297,#11299,.T.);
#11297 = VERTEX_POINT('',#11298);
#11298 = CARTESIAN_POINT('',(93.3,-144.,1.51));
#11299 = CIRCLE('',#11300,0.5);
#11300 = AXIS2_PLACEMENT_3D('',#11301,#11302,#11303);
#11301 = CARTESIAN_POINT('',(93.3,-143.5,1.51));
#11302 = DIRECTION('',(-0.,0.,-1.));
#11303 = DIRECTION('',(-0.,-1.,0.));
#11304 = FACE_BOUND('',#11305,.T.);
#11305 = EDGE_LOOP('',(#11306));
#11306 = ORIENTED_EDGE('',*,*,#11307,.T.);
#11307 = EDGE_CURVE('',#11308,#11308,#11310,.T.);
#11308 = VERTEX_POINT('',#11309);
#11309 = CARTESIAN_POINT('',(77.62,-135.9845,1.51));
#11310 = CIRCLE('',#11311,0.4445);
#11311 = AXIS2_PLACEMENT_3D('',#11312,#11313,#11314);
#11312 = CARTESIAN_POINT('',(77.62,-135.54,1.51));
#11313 = DIRECTION('',(-0.,0.,-1.));
#11314 = DIRECTION('',(-0.,-1.,0.));
#11315 = FACE_BOUND('',#11316,.T.);
#11316 = EDGE_LOOP('',(#11317));
#11317 = ORIENTED_EDGE('',*,*,#11318,.T.);
#11318 = EDGE_CURVE('',#11319,#11319,#11321,.T.);
#11319 = VERTEX_POINT('',#11320);
#11320 = CARTESIAN_POINT('',(77.62,-133.4445,1.51));
#11321 = CIRCLE('',#11322,0.4445);
#11322 = AXIS2_PLACEMENT_3D('',#11323,#11324,#11325);
#11323 = CARTESIAN_POINT('',(77.62,-133.,1.51));
#11324 = DIRECTION('',(-0.,0.,-1.));
#11325 = DIRECTION('',(-0.,-1.,0.));
#11326 = FACE_BOUND('',#11327,.T.);
#11327 = EDGE_LOOP('',(#11328));
#11328 = ORIENTED_EDGE('',*,*,#11329,.T.);
#11329 = EDGE_CURVE('',#11330,#11330,#11332,.T.);
#11330 = VERTEX_POINT('',#11331);
#11331 = CARTESIAN_POINT('',(77.62,-130.9045,1.51));
#11332 = CIRCLE('',#11333,0.4445);
#11333 = AXIS2_PLACEMENT_3D('',#11334,#11335,#11336);
#11334 = CARTESIAN_POINT('',(77.62,-130.46,1.51));
#11335 = DIRECTION('',(-0.,0.,-1.));
#11336 = DIRECTION('',(-0.,-1.,0.));
#11337 = FACE_BOUND('',#11338,.T.);
#11338 = EDGE_LOOP('',(#11339));
#11339 = ORIENTED_EDGE('',*,*,#11340,.T.);
#11340 = EDGE_CURVE('',#11341,#11341,#11343,.T.);
#11341 = VERTEX_POINT('',#11342);
#11342 = CARTESIAN_POINT('',(77.62,-128.3645,1.51));
#11343 = CIRCLE('',#11344,0.4445);
#11344 = AXIS2_PLACEMENT_3D('',#11345,#11346,#11347);
#11345 = CARTESIAN_POINT('',(77.62,-127.92,1.51));
#11346 = DIRECTION('',(-0.,0.,-1.));
#11347 = DIRECTION('',(-0.,-1.,0.));
#11348 = FACE_BOUND('',#11349,.T.);
#11349 = EDGE_LOOP('',(#11350));
#11350 = ORIENTED_EDGE('',*,*,#11351,.T.);
#11351 = EDGE_CURVE('',#11352,#11352,#11354,.T.);
#11352 = VERTEX_POINT('',#11353);
#11353 = CARTESIAN_POINT('',(85.5,-130.4,1.51));
#11354 = CIRCLE('',#11355,0.4);
#11355 = AXIS2_PLACEMENT_3D('',#11356,#11357,#11358);
#11356 = CARTESIAN_POINT('',(85.5,-130.,1.51));
#11357 = DIRECTION('',(-0.,0.,-1.));
#11358 = DIRECTION('',(-0.,-1.,0.));
#11359 = FACE_BOUND('',#11360,.T.);
#11360 = EDGE_LOOP('',(#11361));
#11361 = ORIENTED_EDGE('',*,*,#11362,.T.);
#11362 = EDGE_CURVE('',#11363,#11363,#11365,.T.);
#11363 = VERTEX_POINT('',#11364);
#11364 = CARTESIAN_POINT('',(85.5,-128.4,1.51));
#11365 = CIRCLE('',#11366,0.4);
#11366 = AXIS2_PLACEMENT_3D('',#11367,#11368,#11369);
#11367 = CARTESIAN_POINT('',(85.5,-128.,1.51));
#11368 = DIRECTION('',(-0.,0.,-1.));
#11369 = DIRECTION('',(-0.,-1.,0.));
#11370 = FACE_BOUND('',#11371,.T.);
#11371 = EDGE_LOOP('',(#11372));
#11372 = ORIENTED_EDGE('',*,*,#11373,.T.);
#11373 = EDGE_CURVE('',#11374,#11374,#11376,.T.);
#11374 = VERTEX_POINT('',#11375);
#11375 = CARTESIAN_POINT('',(77.62,-125.8245,1.51));
#11376 = CIRCLE('',#11377,0.4445);
#11377 = AXIS2_PLACEMENT_3D('',#11378,#11379,#11380);
#11378 = CARTESIAN_POINT('',(77.62,-125.38,1.51));
#11379 = DIRECTION('',(-0.,0.,-1.));
#11380 = DIRECTION('',(-0.,-1.,0.));
#11381 = FACE_BOUND('',#11382,.T.);
#11382 = EDGE_LOOP('',(#11383));
#11383 = ORIENTED_EDGE('',*,*,#11384,.T.);
#11384 = EDGE_CURVE('',#11385,#11385,#11387,.T.);
#11385 = VERTEX_POINT('',#11386);
#11386 = CARTESIAN_POINT('',(105.5,-126.6,1.51));
#11387 = CIRCLE('',#11388,1.6);
#11388 = AXIS2_PLACEMENT_3D('',#11389,#11390,#11391);
#11389 = CARTESIAN_POINT('',(105.5,-125.,1.51));
#11390 = DIRECTION('',(-0.,0.,-1.));
#11391 = DIRECTION('',(-0.,-1.,0.));
#11392 = PLANE('',#11393);
#11393 = AXIS2_PLACEMENT_3D('',#11394,#11395,#11396);
#11394 = CARTESIAN_POINT('',(0.,0.,1.51));
#11395 = DIRECTION('',(0.,0.,1.));
#11396 = DIRECTION('',(1.,0.,-0.));
#11397 = ADVANCED_FACE('',(#11398),#11409,.T.);
#11398 = FACE_BOUND('',#11399,.T.);
#11399 = EDGE_LOOP('',(#11400,#11406,#11407,#11408));
#11400 = ORIENTED_EDGE('',*,*,#11401,.T.);
#11401 = EDGE_CURVE('',#10244,#10824,#11402,.T.);
#11402 = LINE('',#11403,#11404);
#11403 = CARTESIAN_POINT('',(22.,-120.,0.));
#11404 = VECTOR('',#11405,1.);
#11405 = DIRECTION('',(0.,0.,1.));
#11406 = ORIENTED_EDGE('',*,*,#10823,.T.);
#11407 = ORIENTED_EDGE('',*,*,#10179,.F.);
#11408 = ORIENTED_EDGE('',*,*,#10243,.F.);
#11409 = CYLINDRICAL_SURFACE('',#11410,3.000001172987);
#11410 = AXIS2_PLACEMENT_3D('',#11411,#11412,#11413);
#11411 = CARTESIAN_POINT('',(25.000001172987,-120.0000011729,0.));
#11412 = DIRECTION('',(0.,0.,-1.));
#11413 = DIRECTION('',(-1.,3.909953616065E-07,0.));
#11414 = ADVANCED_FACE('',(#11415),#11426,.T.);
#11415 = FACE_BOUND('',#11416,.T.);
#11416 = EDGE_LOOP('',(#11417,#11418,#11419,#11425));
#11417 = ORIENTED_EDGE('',*,*,#10219,.T.);
#11418 = ORIENTED_EDGE('',*,*,#10857,.T.);
#11419 = ORIENTED_EDGE('',*,*,#11420,.F.);
#11420 = EDGE_CURVE('',#10270,#10850,#11421,.T.);
#11421 = LINE('',#11422,#11423);
#11422 = CARTESIAN_POINT('',(110.,-188.,0.));
#11423 = VECTOR('',#11424,1.);
#11424 = DIRECTION('',(0.,0.,1.));
#11425 = ORIENTED_EDGE('',*,*,#10277,.F.);
#11426 = CYLINDRICAL_SURFACE('',#11427,3.000001172987);
#11427 = AXIS2_PLACEMENT_3D('',#11428,#11429,#11430);
#11428 = CARTESIAN_POINT('',(109.99999882701,-184.999998827,0.));
#11429 = DIRECTION('',(0.,0.,-1.));
#11430 = DIRECTION('',(1.,-3.909953710804E-07,0.));
#11431 = ADVANCED_FACE('',(#11432),#11443,.T.);
#11432 = FACE_BOUND('',#11433,.T.);
#11433 = EDGE_LOOP('',(#11434,#11440,#11441,#11442));
#11434 = ORIENTED_EDGE('',*,*,#11435,.T.);
#11435 = EDGE_CURVE('',#10253,#10833,#11436,.T.);
#11436 = LINE('',#11437,#11438);
#11437 = CARTESIAN_POINT('',(22.,-185.,0.));
#11438 = VECTOR('',#11439,1.);
#11439 = DIRECTION('',(0.,0.,1.));
#11440 = ORIENTED_EDGE('',*,*,#10832,.T.);
#11441 = ORIENTED_EDGE('',*,*,#11401,.F.);
#11442 = ORIENTED_EDGE('',*,*,#10252,.F.);
#11443 = PLANE('',#11444);
#11444 = AXIS2_PLACEMENT_3D('',#11445,#11446,#11447);
#11445 = CARTESIAN_POINT('',(22.,-185.,0.));
#11446 = DIRECTION('',(-1.,0.,0.));
#11447 = DIRECTION('',(0.,1.,0.));
#11448 = ADVANCED_FACE('',(#11449),#11460,.T.);
#11449 = FACE_BOUND('',#11450,.T.);
#11450 = EDGE_LOOP('',(#11451,#11452,#11453,#11459));
#11451 = ORIENTED_EDGE('',*,*,#11420,.T.);
#11452 = ORIENTED_EDGE('',*,*,#10849,.T.);
#11453 = ORIENTED_EDGE('',*,*,#11454,.F.);
#11454 = EDGE_CURVE('',#10261,#10841,#11455,.T.);
#11455 = LINE('',#11456,#11457);
#11456 = CARTESIAN_POINT('',(25.,-188.,0.));
#11457 = VECTOR('',#11458,1.);
#11458 = DIRECTION('',(0.,0.,1.));
#11459 = ORIENTED_EDGE('',*,*,#10269,.F.);
#11460 = PLANE('',#11461);
#11461 = AXIS2_PLACEMENT_3D('',#11462,#11463,#11464);
#11462 = CARTESIAN_POINT('',(110.,-188.,0.));
#11463 = DIRECTION('',(0.,-1.,0.));
#11464 = DIRECTION('',(-1.,0.,0.));
#11465 = ADVANCED_FACE('',(#11466),#11472,.T.);
#11466 = FACE_BOUND('',#11467,.T.);
#11467 = EDGE_LOOP('',(#11468,#11469,#11470,#11471));
#11468 = ORIENTED_EDGE('',*,*,#11454,.T.);
#11469 = ORIENTED_EDGE('',*,*,#10840,.T.);
#11470 = ORIENTED_EDGE('',*,*,#11435,.F.);
#11471 = ORIENTED_EDGE('',*,*,#10260,.F.);
#11472 = CYLINDRICAL_SURFACE('',#11473,3.000001172987);
#11473 = AXIS2_PLACEMENT_3D('',#11474,#11475,#11476);
#11474 = CARTESIAN_POINT('',(25.000001172987,-184.999998827,0.));
#11475 = DIRECTION('',(0.,0.,-1.));
#11476 = DIRECTION('',(-3.909953639749E-07,-1.,-0.));
#11477 = ADVANCED_FACE('',(#11478),#11489,.F.);
#11478 = FACE_BOUND('',#11479,.T.);
#11479 = EDGE_LOOP('',(#11480,#11481,#11487,#11488));
#11480 = ORIENTED_EDGE('',*,*,#10287,.T.);
#11481 = ORIENTED_EDGE('',*,*,#11482,.T.);
#11482 = EDGE_CURVE('',#10288,#10868,#11483,.T.);
#11483 = LINE('',#11484,#11485);
#11484 = CARTESIAN_POINT('',(30.,-181.6,-4.6E-02));
#11485 = VECTOR('',#11486,1.);
#11486 = DIRECTION('',(0.,0.,1.));
#11487 = ORIENTED_EDGE('',*,*,#10867,.F.);
#11488 = ORIENTED_EDGE('',*,*,#11482,.F.);
#11489 = CYLINDRICAL_SURFACE('',#11490,1.6);
#11490 = AXIS2_PLACEMENT_3D('',#11491,#11492,#11493);
#11491 = CARTESIAN_POINT('',(30.,-180.,-4.6E-02));
#11492 = DIRECTION('',(-0.,-0.,-1.));
#11493 = DIRECTION('',(-0.,-1.,0.));
#11494 = ADVANCED_FACE('',(#11495),#11506,.F.);
#11495 = FACE_BOUND('',#11496,.T.);
#11496 = EDGE_LOOP('',(#11497,#11498,#11504,#11505));
#11497 = ORIENTED_EDGE('',*,*,#10298,.T.);
#11498 = ORIENTED_EDGE('',*,*,#11499,.T.);
#11499 = EDGE_CURVE('',#10299,#10879,#11500,.T.);
#11500 = LINE('',#11501,#11502);
#11501 = CARTESIAN_POINT('',(44.42,-166.35,-4.6E-02));
#11502 = VECTOR('',#11503,1.);
#11503 = DIRECTION('',(0.,0.,1.));
#11504 = ORIENTED_EDGE('',*,*,#10878,.F.);
#11505 = ORIENTED_EDGE('',*,*,#11499,.F.);
#11506 = CYLINDRICAL_SURFACE('',#11507,0.85);
#11507 = AXIS2_PLACEMENT_3D('',#11508,#11509,#11510);
#11508 = CARTESIAN_POINT('',(44.42,-165.5,-4.6E-02));
#11509 = DIRECTION('',(-0.,-0.,-1.));
#11510 = DIRECTION('',(-0.,-1.,0.));
#11511 = ADVANCED_FACE('',(#11512),#11523,.F.);
#11512 = FACE_BOUND('',#11513,.T.);
#11513 = EDGE_LOOP('',(#11514,#11515,#11521,#11522));
#11514 = ORIENTED_EDGE('',*,*,#10309,.T.);
#11515 = ORIENTED_EDGE('',*,*,#11516,.T.);
#11516 = EDGE_CURVE('',#10310,#10890,#11517,.T.);
#11517 = LINE('',#11518,#11519);
#11518 = CARTESIAN_POINT('',(45.69,-163.71,-4.6E-02));
#11519 = VECTOR('',#11520,1.);
#11520 = DIRECTION('',(0.,0.,1.));
#11521 = ORIENTED_EDGE('',*,*,#10889,.F.);
#11522 = ORIENTED_EDGE('',*,*,#11516,.F.);
#11523 = CYLINDRICAL_SURFACE('',#11524,0.75);
#11524 = AXIS2_PLACEMENT_3D('',#11525,#11526,#11527);
#11525 = CARTESIAN_POINT('',(45.69,-162.96,-4.6E-02));
#11526 = DIRECTION('',(-0.,-0.,-1.));
#11527 = DIRECTION('',(-0.,-1.,0.));
#11528 = ADVANCED_FACE('',(#11529),#11540,.F.);
#11529 = FACE_BOUND('',#11530,.T.);
#11530 = EDGE_LOOP('',(#11531,#11532,#11538,#11539));
#11531 = ORIENTED_EDGE('',*,*,#10320,.T.);
#11532 = ORIENTED_EDGE('',*,*,#11533,.T.);
#11533 = EDGE_CURVE('',#10321,#10901,#11534,.T.);
#11534 = LINE('',#11535,#11536);
#11535 = CARTESIAN_POINT('',(49.5,-167.5,-4.6E-02));
#11536 = VECTOR('',#11537,1.);
#11537 = DIRECTION('',(0.,0.,1.));
#11538 = ORIENTED_EDGE('',*,*,#10900,.F.);
#11539 = ORIENTED_EDGE('',*,*,#11533,.F.);
#11540 = CYLINDRICAL_SURFACE('',#11541,2.);
#11541 = AXIS2_PLACEMENT_3D('',#11542,#11543,#11544);
#11542 = CARTESIAN_POINT('',(49.5,-165.5,-4.6E-02));
#11543 = DIRECTION('',(-0.,-0.,-1.));
#11544 = DIRECTION('',(-0.,-1.,0.));
#11545 = ADVANCED_FACE('',(#11546),#11557,.F.);
#11546 = FACE_BOUND('',#11547,.T.);
#11547 = EDGE_LOOP('',(#11548,#11549,#11555,#11556));
#11548 = ORIENTED_EDGE('',*,*,#10331,.T.);
#11549 = ORIENTED_EDGE('',*,*,#11550,.T.);
#11550 = EDGE_CURVE('',#10332,#10912,#11551,.T.);
#11551 = LINE('',#11552,#11553);
#11552 = CARTESIAN_POINT('',(54.58,-166.35,-4.6E-02));
#11553 = VECTOR('',#11554,1.);
#11554 = DIRECTION('',(0.,0.,1.));
#11555 = ORIENTED_EDGE('',*,*,#10911,.F.);
#11556 = ORIENTED_EDGE('',*,*,#11550,.F.);
#11557 = CYLINDRICAL_SURFACE('',#11558,0.85);
#11558 = AXIS2_PLACEMENT_3D('',#11559,#11560,#11561);
#11559 = CARTESIAN_POINT('',(54.58,-165.5,-4.6E-02));
#11560 = DIRECTION('',(-0.,-0.,-1.));
#11561 = DIRECTION('',(-0.,-1.,0.));
#11562 = ADVANCED_FACE('',(#11563),#11574,.F.);
#11563 = FACE_BOUND('',#11564,.T.);
#11564 = EDGE_LOOP('',(#11565,#11566,#11572,#11573));
#11565 = ORIENTED_EDGE('',*,*,#10342,.T.);
#11566 = ORIENTED_EDGE('',*,*,#11567,.T.);
#11567 = EDGE_CURVE('',#10343,#10923,#11568,.T.);
#11568 = LINE('',#11569,#11570);
#11569 = CARTESIAN_POINT('',(52.04,-161.17,-4.6E-02));
#11570 = VECTOR('',#11571,1.);
#11571 = DIRECTION('',(0.,0.,1.));
#11572 = ORIENTED_EDGE('',*,*,#10922,.F.);
#11573 = ORIENTED_EDGE('',*,*,#11567,.F.);
#11574 = CYLINDRICAL_SURFACE('',#11575,0.75);
#11575 = AXIS2_PLACEMENT_3D('',#11576,#11577,#11578);
#11576 = CARTESIAN_POINT('',(52.04,-160.42,-4.6E-02));
#11577 = DIRECTION('',(-0.,-0.,-1.));
#11578 = DIRECTION('',(-0.,-1.,0.));
#11579 = ADVANCED_FACE('',(#11580),#11591,.F.);
#11580 = FACE_BOUND('',#11581,.T.);
#11581 = EDGE_LOOP('',(#11582,#11583,#11589,#11590));
#11582 = ORIENTED_EDGE('',*,*,#10353,.T.);
#11583 = ORIENTED_EDGE('',*,*,#11584,.T.);
#11584 = EDGE_CURVE('',#10354,#10934,#11585,.T.);
#11585 = LINE('',#11586,#11587);
#11586 = CARTESIAN_POINT('',(64.42,-166.35,-4.6E-02));
#11587 = VECTOR('',#11588,1.);
#11588 = DIRECTION('',(0.,0.,1.));
#11589 = ORIENTED_EDGE('',*,*,#10933,.F.);
#11590 = ORIENTED_EDGE('',*,*,#11584,.F.);
#11591 = CYLINDRICAL_SURFACE('',#11592,0.85);
#11592 = AXIS2_PLACEMENT_3D('',#11593,#11594,#11595);
#11593 = CARTESIAN_POINT('',(64.42,-165.5,-4.6E-02));
#11594 = DIRECTION('',(-0.,-0.,-1.));
#11595 = DIRECTION('',(-0.,-1.,0.));
#11596 = ADVANCED_FACE('',(#11597),#11608,.F.);
#11597 = FACE_BOUND('',#11598,.T.);
#11598 = EDGE_LOOP('',(#11599,#11600,#11606,#11607));
#11599 = ORIENTED_EDGE('',*,*,#10364,.T.);
#11600 = ORIENTED_EDGE('',*,*,#11601,.T.);
#11601 = EDGE_CURVE('',#10365,#10945,#11602,.T.);
#11602 = LINE('',#11603,#11604);
#11603 = CARTESIAN_POINT('',(65.69,-163.71,-4.6E-02));
#11604 = VECTOR('',#11605,1.);
#11605 = DIRECTION('',(0.,0.,1.));
#11606 = ORIENTED_EDGE('',*,*,#10944,.F.);
#11607 = ORIENTED_EDGE('',*,*,#11601,.F.);
#11608 = CYLINDRICAL_SURFACE('',#11609,0.75);
#11609 = AXIS2_PLACEMENT_3D('',#11610,#11611,#11612);
#11610 = CARTESIAN_POINT('',(65.69,-162.96,-4.6E-02));
#11611 = DIRECTION('',(-0.,-0.,-1.));
#11612 = DIRECTION('',(-0.,-1.,0.));
#11613 = ADVANCED_FACE('',(#11614),#11625,.F.);
#11614 = FACE_BOUND('',#11615,.T.);
#11615 = EDGE_LOOP('',(#11616,#11617,#11623,#11624));
#11616 = ORIENTED_EDGE('',*,*,#10375,.T.);
#11617 = ORIENTED_EDGE('',*,*,#11618,.T.);
#11618 = EDGE_CURVE('',#10376,#10956,#11619,.T.);
#11619 = LINE('',#11620,#11621);
#11620 = CARTESIAN_POINT('',(105.,-181.6,-4.6E-02));
#11621 = VECTOR('',#11622,1.);
#11622 = DIRECTION('',(0.,0.,1.));
#11623 = ORIENTED_EDGE('',*,*,#10955,.F.);
#11624 = ORIENTED_EDGE('',*,*,#11618,.F.);
#11625 = CYLINDRICAL_SURFACE('',#11626,1.6);
#11626 = AXIS2_PLACEMENT_3D('',#11627,#11628,#11629);
#11627 = CARTESIAN_POINT('',(105.,-180.,-4.6E-02));
#11628 = DIRECTION('',(-0.,-0.,-1.));
#11629 = DIRECTION('',(-0.,-1.,0.));
#11630 = ADVANCED_FACE('',(#11631),#11642,.F.);
#11631 = FACE_BOUND('',#11632,.T.);
#11632 = EDGE_LOOP('',(#11633,#11634,#11640,#11641));
#11633 = ORIENTED_EDGE('',*,*,#10386,.T.);
#11634 = ORIENTED_EDGE('',*,*,#11635,.T.);
#11635 = EDGE_CURVE('',#10387,#10967,#11636,.T.);
#11636 = LINE('',#11637,#11638);
#11637 = CARTESIAN_POINT('',(69.5,-167.5,-4.6E-02));
#11638 = VECTOR('',#11639,1.);
#11639 = DIRECTION('',(0.,0.,1.));
#11640 = ORIENTED_EDGE('',*,*,#10966,.F.);
#11641 = ORIENTED_EDGE('',*,*,#11635,.F.);
#11642 = CYLINDRICAL_SURFACE('',#11643,2.);
#11643 = AXIS2_PLACEMENT_3D('',#11644,#11645,#11646);
#11644 = CARTESIAN_POINT('',(69.5,-165.5,-4.6E-02));
#11645 = DIRECTION('',(-0.,-0.,-1.));
#11646 = DIRECTION('',(-0.,-1.,0.));
#11647 = ADVANCED_FACE('',(#11648),#11659,.F.);
#11648 = FACE_BOUND('',#11649,.T.);
#11649 = EDGE_LOOP('',(#11650,#11651,#11657,#11658));
#11650 = ORIENTED_EDGE('',*,*,#10397,.T.);
#11651 = ORIENTED_EDGE('',*,*,#11652,.T.);
#11652 = EDGE_CURVE('',#10398,#10978,#11653,.T.);
#11653 = LINE('',#11654,#11655);
#11654 = CARTESIAN_POINT('',(74.58,-166.35,-4.6E-02));
#11655 = VECTOR('',#11656,1.);
#11656 = DIRECTION('',(0.,0.,1.));
#11657 = ORIENTED_EDGE('',*,*,#10977,.F.);
#11658 = ORIENTED_EDGE('',*,*,#11652,.F.);
#11659 = CYLINDRICAL_SURFACE('',#11660,0.85);
#11660 = AXIS2_PLACEMENT_3D('',#11661,#11662,#11663);
#11661 = CARTESIAN_POINT('',(74.58,-165.5,-4.6E-02));
#11662 = DIRECTION('',(-0.,-0.,-1.));
#11663 = DIRECTION('',(-1.671865260612E-14,-1.,0.));
#11664 = ADVANCED_FACE('',(#11665),#11676,.F.);
#11665 = FACE_BOUND('',#11666,.T.);
#11666 = EDGE_LOOP('',(#11667,#11668,#11674,#11675));
#11667 = ORIENTED_EDGE('',*,*,#10408,.T.);
#11668 = ORIENTED_EDGE('',*,*,#11669,.T.);
#11669 = EDGE_CURVE('',#10409,#10989,#11670,.T.);
#11670 = LINE('',#11671,#11672);
#11671 = CARTESIAN_POINT('',(72.04,-161.17,-4.6E-02));
#11672 = VECTOR('',#11673,1.);
#11673 = DIRECTION('',(0.,0.,1.));
#11674 = ORIENTED_EDGE('',*,*,#10988,.F.);
#11675 = ORIENTED_EDGE('',*,*,#11669,.F.);
#11676 = CYLINDRICAL_SURFACE('',#11677,0.75);
#11677 = AXIS2_PLACEMENT_3D('',#11678,#11679,#11680);
#11678 = CARTESIAN_POINT('',(72.04,-160.42,-4.6E-02));
#11679 = DIRECTION('',(-0.,-0.,-1.));
#11680 = DIRECTION('',(-0.,-1.,0.));
#11681 = ADVANCED_FACE('',(#11682),#11693,.F.);
#11682 = FACE_BOUND('',#11683,.T.);
#11683 = EDGE_LOOP('',(#11684,#11685,#11691,#11692));
#11684 = ORIENTED_EDGE('',*,*,#10419,.T.);
#11685 = ORIENTED_EDGE('',*,*,#11686,.T.);
#11686 = EDGE_CURVE('',#10420,#11000,#11687,.T.);
#11687 = LINE('',#11688,#11689);
#11688 = CARTESIAN_POINT('',(84.42,-166.35,-4.6E-02));
#11689 = VECTOR('',#11690,1.);
#11690 = DIRECTION('',(0.,0.,1.));
#11691 = ORIENTED_EDGE('',*,*,#10999,.F.);
#11692 = ORIENTED_EDGE('',*,*,#11686,.F.);
#11693 = CYLINDRICAL_SURFACE('',#11694,0.85);
#11694 = AXIS2_PLACEMENT_3D('',#11695,#11696,#11697);
#11695 = CARTESIAN_POINT('',(84.42,-165.5,-4.6E-02));
#11696 = DIRECTION('',(-0.,0.,-1.));
#11697 = DIRECTION('',(1.671865260612E-14,-1.,-0.));
#11698 = ADVANCED_FACE('',(#11699),#11710,.F.);
#11699 = FACE_BOUND('',#11700,.T.);
#11700 = EDGE_LOOP('',(#11701,#11702,#11708,#11709));
#11701 = ORIENTED_EDGE('',*,*,#10430,.T.);
#11702 = ORIENTED_EDGE('',*,*,#11703,.T.);
#11703 = EDGE_CURVE('',#10431,#11011,#11704,.T.);
#11704 = LINE('',#11705,#11706);
#11705 = CARTESIAN_POINT('',(85.69,-163.71,-4.6E-02));
#11706 = VECTOR('',#11707,1.);
#11707 = DIRECTION('',(0.,0.,1.));
#11708 = ORIENTED_EDGE('',*,*,#11010,.F.);
#11709 = ORIENTED_EDGE('',*,*,#11703,.F.);
#11710 = CYLINDRICAL_SURFACE('',#11711,0.75);
#11711 = AXIS2_PLACEMENT_3D('',#11712,#11713,#11714);
#11712 = CARTESIAN_POINT('',(85.69,-162.96,-4.6E-02));
#11713 = DIRECTION('',(-0.,-0.,-1.));
#11714 = DIRECTION('',(-0.,-1.,0.));
#11715 = ADVANCED_FACE('',(#11716),#11727,.F.);
#11716 = FACE_BOUND('',#11717,.T.);
#11717 = EDGE_LOOP('',(#11718,#11719,#11725,#11726));
#11718 = ORIENTED_EDGE('',*,*,#10441,.T.);
#11719 = ORIENTED_EDGE('',*,*,#11720,.T.);
#11720 = EDGE_CURVE('',#10442,#11022,#11721,.T.);
#11721 = LINE('',#11722,#11723);
#11722 = CARTESIAN_POINT('',(89.5,-167.5,-4.6E-02));
#11723 = VECTOR('',#11724,1.);
#11724 = DIRECTION('',(0.,0.,1.));
#11725 = ORIENTED_EDGE('',*,*,#11021,.F.);
#11726 = ORIENTED_EDGE('',*,*,#11720,.F.);
#11727 = CYLINDRICAL_SURFACE('',#11728,2.);
#11728 = AXIS2_PLACEMENT_3D('',#11729,#11730,#11731);
#11729 = CARTESIAN_POINT('',(89.5,-165.5,-4.6E-02));
#11730 = DIRECTION('',(-0.,-0.,-1.));
#11731 = DIRECTION('',(-0.,-1.,0.));
#11732 = ADVANCED_FACE('',(#11733),#11744,.F.);
#11733 = FACE_BOUND('',#11734,.T.);
#11734 = EDGE_LOOP('',(#11735,#11736,#11742,#11743));
#11735 = ORIENTED_EDGE('',*,*,#10452,.T.);
#11736 = ORIENTED_EDGE('',*,*,#11737,.T.);
#11737 = EDGE_CURVE('',#10453,#11033,#11738,.T.);
#11738 = LINE('',#11739,#11740);
#11739 = CARTESIAN_POINT('',(94.58,-166.35,-4.6E-02));
#11740 = VECTOR('',#11741,1.);
#11741 = DIRECTION('',(0.,0.,1.));
#11742 = ORIENTED_EDGE('',*,*,#11032,.F.);
#11743 = ORIENTED_EDGE('',*,*,#11737,.F.);
#11744 = CYLINDRICAL_SURFACE('',#11745,0.85);
#11745 = AXIS2_PLACEMENT_3D('',#11746,#11747,#11748);
#11746 = CARTESIAN_POINT('',(94.58,-165.5,-4.6E-02));
#11747 = DIRECTION('',(-0.,-0.,-1.));
#11748 = DIRECTION('',(-1.671865260612E-14,-1.,0.));
#11749 = ADVANCED_FACE('',(#11750),#11761,.F.);
#11750 = FACE_BOUND('',#11751,.T.);
#11751 = EDGE_LOOP('',(#11752,#11753,#11759,#11760));
#11752 = ORIENTED_EDGE('',*,*,#10463,.T.);
#11753 = ORIENTED_EDGE('',*,*,#11754,.T.);
#11754 = EDGE_CURVE('',#10464,#11044,#11755,.T.);
#11755 = LINE('',#11756,#11757);
#11756 = CARTESIAN_POINT('',(92.04,-161.17,-4.6E-02));
#11757 = VECTOR('',#11758,1.);
#11758 = DIRECTION('',(0.,0.,1.));
#11759 = ORIENTED_EDGE('',*,*,#11043,.F.);
#11760 = ORIENTED_EDGE('',*,*,#11754,.F.);
#11761 = CYLINDRICAL_SURFACE('',#11762,0.75);
#11762 = AXIS2_PLACEMENT_3D('',#11763,#11764,#11765);
#11763 = CARTESIAN_POINT('',(92.04,-160.42,-4.6E-02));
#11764 = DIRECTION('',(-0.,-0.,-1.));
#11765 = DIRECTION('',(-0.,-1.,0.));
#11766 = ADVANCED_FACE('',(#11767),#11778,.F.);
#11767 = FACE_BOUND('',#11768,.T.);
#11768 = EDGE_LOOP('',(#11769,#11770,#11776,#11777));
#11769 = ORIENTED_EDGE('',*,*,#10474,.T.);
#11770 = ORIENTED_EDGE('',*,*,#11771,.T.);
#11771 = EDGE_CURVE('',#10475,#11055,#11772,.T.);
#11772 = LINE('',#11773,#11774);
#11773 = CARTESIAN_POINT('',(48.92,-149.,-4.6E-02));
#11774 = VECTOR('',#11775,1.);
#11775 = DIRECTION('',(0.,0.,1.));
#11776 = ORIENTED_EDGE('',*,*,#11054,.F.);
#11777 = ORIENTED_EDGE('',*,*,#11771,.F.);
#11778 = CYLINDRICAL_SURFACE('',#11779,0.5);
#11779 = AXIS2_PLACEMENT_3D('',#11780,#11781,#11782);
#11780 = CARTESIAN_POINT('',(48.92,-148.5,-4.6E-02));
#11781 = DIRECTION('',(-0.,-0.,-1.));
#11782 = DIRECTION('',(-0.,-1.,0.));
#11783 = ADVANCED_FACE('',(#11784),#11795,.F.);
#11784 = FACE_BOUND('',#11785,.T.);
#11785 = EDGE_LOOP('',(#11786,#11787,#11793,#11794));
#11786 = ORIENTED_EDGE('',*,*,#10485,.T.);
#11787 = ORIENTED_EDGE('',*,*,#11788,.T.);
#11788 = EDGE_CURVE('',#10486,#11066,#11789,.T.);
#11789 = LINE('',#11790,#11791);
#11790 = CARTESIAN_POINT('',(51.46,-149.,-4.6E-02));
#11791 = VECTOR('',#11792,1.);
#11792 = DIRECTION('',(0.,0.,1.));
#11793 = ORIENTED_EDGE('',*,*,#11065,.F.);
#11794 = ORIENTED_EDGE('',*,*,#11788,.F.);
#11795 = CYLINDRICAL_SURFACE('',#11796,0.5);
#11796 = AXIS2_PLACEMENT_3D('',#11797,#11798,#11799);
#11797 = CARTESIAN_POINT('',(51.46,-148.5,-4.6E-02));
#11798 = DIRECTION('',(-0.,-0.,-1.));
#11799 = DIRECTION('',(-0.,-1.,0.));
#11800 = ADVANCED_FACE('',(#11801),#11812,.F.);
#11801 = FACE_BOUND('',#11802,.T.);
#11802 = EDGE_LOOP('',(#11803,#11804,#11810,#11811));
#11803 = ORIENTED_EDGE('',*,*,#10496,.T.);
#11804 = ORIENTED_EDGE('',*,*,#11805,.T.);
#11805 = EDGE_CURVE('',#10497,#11077,#11806,.T.);
#11806 = LINE('',#11807,#11808);
#11807 = CARTESIAN_POINT('',(54.,-149.,-4.6E-02));
#11808 = VECTOR('',#11809,1.);
#11809 = DIRECTION('',(0.,0.,1.));
#11810 = ORIENTED_EDGE('',*,*,#11076,.F.);
#11811 = ORIENTED_EDGE('',*,*,#11805,.F.);
#11812 = CYLINDRICAL_SURFACE('',#11813,0.5);
#11813 = AXIS2_PLACEMENT_3D('',#11814,#11815,#11816);
#11814 = CARTESIAN_POINT('',(54.,-148.5,-4.6E-02));
#11815 = DIRECTION('',(-0.,-0.,-1.));
#11816 = DIRECTION('',(-0.,-1.,0.));
#11817 = ADVANCED_FACE('',(#11818),#11829,.F.);
#11818 = FACE_BOUND('',#11819,.T.);
#11819 = EDGE_LOOP('',(#11820,#11821,#11827,#11828));
#11820 = ORIENTED_EDGE('',*,*,#10507,.T.);
#11821 = ORIENTED_EDGE('',*,*,#11822,.T.);
#11822 = EDGE_CURVE('',#10508,#11088,#11823,.T.);
#11823 = LINE('',#11824,#11825);
#11824 = CARTESIAN_POINT('',(62.38,-141.0645,-4.6E-02));
#11825 = VECTOR('',#11826,1.);
#11826 = DIRECTION('',(0.,0.,1.));
#11827 = ORIENTED_EDGE('',*,*,#11087,.F.);
#11828 = ORIENTED_EDGE('',*,*,#11822,.F.);
#11829 = CYLINDRICAL_SURFACE('',#11830,0.4445);
#11830 = AXIS2_PLACEMENT_3D('',#11831,#11832,#11833);
#11831 = CARTESIAN_POINT('',(62.38,-140.62,-4.6E-02));
#11832 = DIRECTION('',(-0.,0.,-1.));
#11833 = DIRECTION('',(1.598521340293E-14,-1.,-0.));
#11834 = ADVANCED_FACE('',(#11835),#11846,.F.);
#11835 = FACE_BOUND('',#11836,.T.);
#11836 = EDGE_LOOP('',(#11837,#11838,#11844,#11845));
#11837 = ORIENTED_EDGE('',*,*,#10518,.T.);
#11838 = ORIENTED_EDGE('',*,*,#11839,.T.);
#11839 = EDGE_CURVE('',#10519,#11099,#11840,.T.);
#11840 = LINE('',#11841,#11842);
#11841 = CARTESIAN_POINT('',(62.38,-138.5245,-4.6E-02));
#11842 = VECTOR('',#11843,1.);
#11843 = DIRECTION('',(0.,0.,1.));
#11844 = ORIENTED_EDGE('',*,*,#11098,.F.);
#11845 = ORIENTED_EDGE('',*,*,#11839,.F.);
#11846 = CYLINDRICAL_SURFACE('',#11847,0.4445);
#11847 = AXIS2_PLACEMENT_3D('',#11848,#11849,#11850);
#11848 = CARTESIAN_POINT('',(62.38,-138.08,-4.6E-02));
#11849 = DIRECTION('',(-0.,0.,-1.));
#11850 = DIRECTION('',(1.598521340293E-14,-1.,-0.));
#11851 = ADVANCED_FACE('',(#11852),#11863,.F.);
#11852 = FACE_BOUND('',#11853,.T.);
#11853 = EDGE_LOOP('',(#11854,#11855,#11861,#11862));
#11854 = ORIENTED_EDGE('',*,*,#10529,.T.);
#11855 = ORIENTED_EDGE('',*,*,#11856,.T.);
#11856 = EDGE_CURVE('',#10530,#11110,#11857,.T.);
#11857 = LINE('',#11858,#11859);
#11858 = CARTESIAN_POINT('',(36.72,-137.5,-4.6E-02));
#11859 = VECTOR('',#11860,1.);
#11860 = DIRECTION('',(0.,0.,1.));
#11861 = ORIENTED_EDGE('',*,*,#11109,.F.);
#11862 = ORIENTED_EDGE('',*,*,#11856,.F.);
#11863 = CYLINDRICAL_SURFACE('',#11864,0.5);
#11864 = AXIS2_PLACEMENT_3D('',#11865,#11866,#11867);
#11865 = CARTESIAN_POINT('',(36.72,-137.,-4.6E-02));
#11866 = DIRECTION('',(-0.,-0.,-1.));
#11867 = DIRECTION('',(-0.,-1.,0.));
#11868 = ADVANCED_FACE('',(#11869),#11880,.F.);
#11869 = FACE_BOUND('',#11870,.T.);
#11870 = EDGE_LOOP('',(#11871,#11872,#11878,#11879));
#11871 = ORIENTED_EDGE('',*,*,#10540,.T.);
#11872 = ORIENTED_EDGE('',*,*,#11873,.T.);
#11873 = EDGE_CURVE('',#10541,#11121,#11874,.T.);
#11874 = LINE('',#11875,#11876);
#11875 = CARTESIAN_POINT('',(39.26,-137.5,-4.6E-02));
#11876 = VECTOR('',#11877,1.);
#11877 = DIRECTION('',(0.,0.,1.));
#11878 = ORIENTED_EDGE('',*,*,#11120,.F.);
#11879 = ORIENTED_EDGE('',*,*,#11873,.F.);
#11880 = CYLINDRICAL_SURFACE('',#11881,0.5);
#11881 = AXIS2_PLACEMENT_3D('',#11882,#11883,#11884);
#11882 = CARTESIAN_POINT('',(39.26,-137.,-4.6E-02));
#11883 = DIRECTION('',(-0.,-0.,-1.));
#11884 = DIRECTION('',(-0.,-1.,0.));
#11885 = ADVANCED_FACE('',(#11886),#11897,.F.);
#11886 = FACE_BOUND('',#11887,.T.);
#11887 = EDGE_LOOP('',(#11888,#11889,#11895,#11896));
#11888 = ORIENTED_EDGE('',*,*,#10551,.T.);
#11889 = ORIENTED_EDGE('',*,*,#11890,.T.);
#11890 = EDGE_CURVE('',#10552,#11132,#11891,.T.);
#11891 = LINE('',#11892,#11893);
#11892 = CARTESIAN_POINT('',(41.8,-137.5,-4.6E-02));
#11893 = VECTOR('',#11894,1.);
#11894 = DIRECTION('',(0.,0.,1.));
#11895 = ORIENTED_EDGE('',*,*,#11131,.F.);
#11896 = ORIENTED_EDGE('',*,*,#11890,.F.);
#11897 = CYLINDRICAL_SURFACE('',#11898,0.5);
#11898 = AXIS2_PLACEMENT_3D('',#11899,#11900,#11901);
#11899 = CARTESIAN_POINT('',(41.8,-137.,-4.6E-02));
#11900 = DIRECTION('',(-0.,-0.,-1.));
#11901 = DIRECTION('',(-0.,-1.,0.));
#11902 = ADVANCED_FACE('',(#11903),#11914,.F.);
#11903 = FACE_BOUND('',#11904,.T.);
#11904 = EDGE_LOOP('',(#11905,#11906,#11912,#11913));
#11905 = ORIENTED_EDGE('',*,*,#10562,.T.);
#11906 = ORIENTED_EDGE('',*,*,#11907,.T.);
#11907 = EDGE_CURVE('',#10563,#11143,#11908,.T.);
#11908 = LINE('',#11909,#11910);
#11909 = CARTESIAN_POINT('',(44.34,-137.5,-4.6E-02));
#11910 = VECTOR('',#11911,1.);
#11911 = DIRECTION('',(0.,0.,1.));
#11912 = ORIENTED_EDGE('',*,*,#11142,.F.);
#11913 = ORIENTED_EDGE('',*,*,#11907,.F.);
#11914 = CYLINDRICAL_SURFACE('',#11915,0.5);
#11915 = AXIS2_PLACEMENT_3D('',#11916,#11917,#11918);
#11916 = CARTESIAN_POINT('',(44.34,-137.,-4.6E-02));
#11917 = DIRECTION('',(-0.,-0.,-1.));
#11918 = DIRECTION('',(-0.,-1.,0.));
#11919 = ADVANCED_FACE('',(#11920),#11931,.F.);
#11920 = FACE_BOUND('',#11921,.T.);
#11921 = EDGE_LOOP('',(#11922,#11923,#11929,#11930));
#11922 = ORIENTED_EDGE('',*,*,#10573,.T.);
#11923 = ORIENTED_EDGE('',*,*,#11924,.T.);
#11924 = EDGE_CURVE('',#10574,#11154,#11925,.T.);
#11925 = LINE('',#11926,#11927);
#11926 = CARTESIAN_POINT('',(46.88,-137.5,-4.6E-02));
#11927 = VECTOR('',#11928,1.);
#11928 = DIRECTION('',(0.,0.,1.));
#11929 = ORIENTED_EDGE('',*,*,#11153,.F.);
#11930 = ORIENTED_EDGE('',*,*,#11924,.F.);
#11931 = CYLINDRICAL_SURFACE('',#11932,0.5);
#11932 = AXIS2_PLACEMENT_3D('',#11933,#11934,#11935);
#11933 = CARTESIAN_POINT('',(46.88,-137.,-4.6E-02));
#11934 = DIRECTION('',(-0.,-0.,-1.));
#11935 = DIRECTION('',(-0.,-1.,0.));
#11936 = ADVANCED_FACE('',(#11937),#11948,.F.);
#11937 = FACE_BOUND('',#11938,.T.);
#11938 = EDGE_LOOP('',(#11939,#11940,#11946,#11947));
#11939 = ORIENTED_EDGE('',*,*,#10584,.T.);
#11940 = ORIENTED_EDGE('',*,*,#11941,.T.);
#11941 = EDGE_CURVE('',#10585,#11165,#11942,.T.);
#11942 = LINE('',#11943,#11944);
#11943 = CARTESIAN_POINT('',(30.,-126.6,-4.6E-02));
#11944 = VECTOR('',#11945,1.);
#11945 = DIRECTION('',(0.,0.,1.));
#11946 = ORIENTED_EDGE('',*,*,#11164,.F.);
#11947 = ORIENTED_EDGE('',*,*,#11941,.F.);
#11948 = CYLINDRICAL_SURFACE('',#11949,1.6);
#11949 = AXIS2_PLACEMENT_3D('',#11950,#11951,#11952);
#11950 = CARTESIAN_POINT('',(30.,-125.,-4.6E-02));
#11951 = DIRECTION('',(-0.,-0.,-1.));
#11952 = DIRECTION('',(-0.,-1.,0.));
#11953 = ADVANCED_FACE('',(#11954),#11965,.F.);
#11954 = FACE_BOUND('',#11955,.T.);
#11955 = EDGE_LOOP('',(#11956,#11957,#11963,#11964));
#11956 = ORIENTED_EDGE('',*,*,#10595,.T.);
#11957 = ORIENTED_EDGE('',*,*,#11958,.T.);
#11958 = EDGE_CURVE('',#10596,#11176,#11959,.T.);
#11959 = LINE('',#11960,#11961);
#11960 = CARTESIAN_POINT('',(49.42,-137.5,-4.6E-02));
#11961 = VECTOR('',#11962,1.);
#11962 = DIRECTION('',(0.,0.,1.));
#11963 = ORIENTED_EDGE('',*,*,#11175,.F.);
#11964 = ORIENTED_EDGE('',*,*,#11958,.F.);
#11965 = CYLINDRICAL_SURFACE('',#11966,0.5);
#11966 = AXIS2_PLACEMENT_3D('',#11967,#11968,#11969);
#11967 = CARTESIAN_POINT('',(49.42,-137.,-4.6E-02));
#11968 = DIRECTION('',(-0.,-0.,-1.));
#11969 = DIRECTION('',(-0.,-1.,0.));
#11970 = ADVANCED_FACE('',(#11971),#11982,.F.);
#11971 = FACE_BOUND('',#11972,.T.);
#11972 = EDGE_LOOP('',(#11973,#11974,#11980,#11981));
#11973 = ORIENTED_EDGE('',*,*,#10606,.T.);
#11974 = ORIENTED_EDGE('',*,*,#11975,.T.);
#11975 = EDGE_CURVE('',#10607,#11187,#11976,.T.);
#11976 = LINE('',#11977,#11978);
#11977 = CARTESIAN_POINT('',(51.96,-137.5,-4.6E-02));
#11978 = VECTOR('',#11979,1.);
#11979 = DIRECTION('',(0.,0.,1.));
#11980 = ORIENTED_EDGE('',*,*,#11186,.F.);
#11981 = ORIENTED_EDGE('',*,*,#11975,.F.);
#11982 = CYLINDRICAL_SURFACE('',#11983,0.5);
#11983 = AXIS2_PLACEMENT_3D('',#11984,#11985,#11986);
#11984 = CARTESIAN_POINT('',(51.96,-137.,-4.6E-02));
#11985 = DIRECTION('',(-0.,-0.,-1.));
#11986 = DIRECTION('',(-0.,-1.,0.));
#11987 = ADVANCED_FACE('',(#11988),#11999,.F.);
#11988 = FACE_BOUND('',#11989,.T.);
#11989 = EDGE_LOOP('',(#11990,#11991,#11997,#11998));
#11990 = ORIENTED_EDGE('',*,*,#10617,.T.);
#11991 = ORIENTED_EDGE('',*,*,#11992,.T.);
#11992 = EDGE_CURVE('',#10618,#11198,#11993,.T.);
#11993 = LINE('',#11994,#11995);
#11994 = CARTESIAN_POINT('',(54.5,-137.5,-4.6E-02));
#11995 = VECTOR('',#11996,1.);
#11996 = DIRECTION('',(0.,0.,1.));
#11997 = ORIENTED_EDGE('',*,*,#11197,.F.);
#11998 = ORIENTED_EDGE('',*,*,#11992,.F.);
#11999 = CYLINDRICAL_SURFACE('',#12000,0.5);
#12000 = AXIS2_PLACEMENT_3D('',#12001,#12002,#12003);
#12001 = CARTESIAN_POINT('',(54.5,-137.,-4.6E-02));
#12002 = DIRECTION('',(-0.,-0.,-1.));
#12003 = DIRECTION('',(-0.,-1.,0.));
#12004 = ADVANCED_FACE('',(#12005),#12016,.F.);
#12005 = FACE_BOUND('',#12006,.T.);
#12006 = EDGE_LOOP('',(#12007,#12008,#12014,#12015));
#12007 = ORIENTED_EDGE('',*,*,#10628,.T.);
#12008 = ORIENTED_EDGE('',*,*,#12009,.T.);
#12009 = EDGE_CURVE('',#10629,#11209,#12010,.T.);
#12010 = LINE('',#12011,#12012);
#12011 = CARTESIAN_POINT('',(62.38,-135.9845,-4.6E-02));
#12012 = VECTOR('',#12013,1.);
#12013 = DIRECTION('',(0.,0.,1.));
#12014 = ORIENTED_EDGE('',*,*,#11208,.F.);
#12015 = ORIENTED_EDGE('',*,*,#12009,.F.);
#12016 = CYLINDRICAL_SURFACE('',#12017,0.4445);
#12017 = AXIS2_PLACEMENT_3D('',#12018,#12019,#12020);
#12018 = CARTESIAN_POINT('',(62.38,-135.54,-4.6E-02));
#12019 = DIRECTION('',(-0.,0.,-1.));
#12020 = DIRECTION('',(1.598521340293E-14,-1.,-0.));
#12021 = ADVANCED_FACE('',(#12022),#12033,.F.);
#12022 = FACE_BOUND('',#12023,.T.);
#12023 = EDGE_LOOP('',(#12024,#12025,#12031,#12032));
#12024 = ORIENTED_EDGE('',*,*,#10639,.T.);
#12025 = ORIENTED_EDGE('',*,*,#12026,.T.);
#12026 = EDGE_CURVE('',#10640,#11220,#12027,.T.);
#12027 = LINE('',#12028,#12029);
#12028 = CARTESIAN_POINT('',(62.38,-133.4445,-4.6E-02));
#12029 = VECTOR('',#12030,1.);
#12030 = DIRECTION('',(0.,0.,1.));
#12031 = ORIENTED_EDGE('',*,*,#11219,.F.);
#12032 = ORIENTED_EDGE('',*,*,#12026,.F.);
#12033 = CYLINDRICAL_SURFACE('',#12034,0.4445);
#12034 = AXIS2_PLACEMENT_3D('',#12035,#12036,#12037);
#12035 = CARTESIAN_POINT('',(62.38,-133.,-4.6E-02));
#12036 = DIRECTION('',(-0.,0.,-1.));
#12037 = DIRECTION('',(1.598521340293E-14,-1.,-0.));
#12038 = ADVANCED_FACE('',(#12039),#12050,.F.);
#12039 = FACE_BOUND('',#12040,.T.);
#12040 = EDGE_LOOP('',(#12041,#12042,#12048,#12049));
#12041 = ORIENTED_EDGE('',*,*,#10650,.T.);
#12042 = ORIENTED_EDGE('',*,*,#12043,.T.);
#12043 = EDGE_CURVE('',#10651,#11231,#12044,.T.);
#12044 = LINE('',#12045,#12046);
#12045 = CARTESIAN_POINT('',(62.38,-130.9045,-4.6E-02));
#12046 = VECTOR('',#12047,1.);
#12047 = DIRECTION('',(0.,0.,1.));
#12048 = ORIENTED_EDGE('',*,*,#11230,.F.);
#12049 = ORIENTED_EDGE('',*,*,#12043,.F.);
#12050 = CYLINDRICAL_SURFACE('',#12051,0.4445);
#12051 = AXIS2_PLACEMENT_3D('',#12052,#12053,#12054);
#12052 = CARTESIAN_POINT('',(62.38,-130.46,-4.6E-02));
#12053 = DIRECTION('',(-0.,0.,-1.));
#12054 = DIRECTION('',(1.598521340293E-14,-1.,-0.));
#12055 = ADVANCED_FACE('',(#12056),#12067,.F.);
#12056 = FACE_BOUND('',#12057,.T.);
#12057 = EDGE_LOOP('',(#12058,#12059,#12065,#12066));
#12058 = ORIENTED_EDGE('',*,*,#10661,.T.);
#12059 = ORIENTED_EDGE('',*,*,#12060,.T.);
#12060 = EDGE_CURVE('',#10662,#11242,#12061,.T.);
#12061 = LINE('',#12062,#12063);
#12062 = CARTESIAN_POINT('',(62.38,-128.3645,-4.6E-02));
#12063 = VECTOR('',#12064,1.);
#12064 = DIRECTION('',(0.,0.,1.));
#12065 = ORIENTED_EDGE('',*,*,#11241,.F.);
#12066 = ORIENTED_EDGE('',*,*,#12060,.F.);
#12067 = CYLINDRICAL_SURFACE('',#12068,0.4445);
#12068 = AXIS2_PLACEMENT_3D('',#12069,#12070,#12071);
#12069 = CARTESIAN_POINT('',(62.38,-127.92,-4.6E-02));
#12070 = DIRECTION('',(-0.,0.,-1.));
#12071 = DIRECTION('',(1.598521340293E-14,-1.,-0.));
#12072 = ADVANCED_FACE('',(#12073),#12084,.F.);
#12073 = FACE_BOUND('',#12074,.T.);
#12074 = EDGE_LOOP('',(#12075,#12076,#12082,#12083));
#12075 = ORIENTED_EDGE('',*,*,#10672,.T.);
#12076 = ORIENTED_EDGE('',*,*,#12077,.T.);
#12077 = EDGE_CURVE('',#10673,#11253,#12078,.T.);
#12078 = LINE('',#12079,#12080);
#12079 = CARTESIAN_POINT('',(62.38,-125.8245,-4.6E-02));
#12080 = VECTOR('',#12081,1.);
#12081 = DIRECTION('',(0.,0.,1.));
#12082 = ORIENTED_EDGE('',*,*,#11252,.F.);
#12083 = ORIENTED_EDGE('',*,*,#12077,.F.);
#12084 = CYLINDRICAL_SURFACE('',#12085,0.4445);
#12085 = AXIS2_PLACEMENT_3D('',#12086,#12087,#12088);
#12086 = CARTESIAN_POINT('',(62.38,-125.38,-4.6E-02));
#12087 = DIRECTION('',(-0.,0.,-1.));
#12088 = DIRECTION('',(1.598521340293E-14,-1.,-0.));
#12089 = ADVANCED_FACE('',(#12090),#12101,.F.);
#12090 = FACE_BOUND('',#12091,.T.);
#12091 = EDGE_LOOP('',(#12092,#12093,#12099,#12100));
#12092 = ORIENTED_EDGE('',*,*,#10683,.T.);
#12093 = ORIENTED_EDGE('',*,*,#12094,.T.);
#12094 = EDGE_CURVE('',#10684,#11264,#12095,.T.);
#12095 = LINE('',#12096,#12097);
#12096 = CARTESIAN_POINT('',(85.7,-144.,-4.6E-02));
#12097 = VECTOR('',#12098,1.);
#12098 = DIRECTION('',(0.,0.,1.));
#12099 = ORIENTED_EDGE('',*,*,#11263,.F.);
#12100 = ORIENTED_EDGE('',*,*,#12094,.F.);
#12101 = CYLINDRICAL_SURFACE('',#12102,0.5);
#12102 = AXIS2_PLACEMENT_3D('',#12103,#12104,#12105);
#12103 = CARTESIAN_POINT('',(85.7,-143.5,-4.6E-02));
#12104 = DIRECTION('',(-0.,-0.,-1.));
#12105 = DIRECTION('',(-0.,-1.,0.));
#12106 = ADVANCED_FACE('',(#12107),#12118,.F.);
#12107 = FACE_BOUND('',#12108,.T.);
#12108 = EDGE_LOOP('',(#12109,#12110,#12116,#12117));
#12109 = ORIENTED_EDGE('',*,*,#10694,.T.);
#12110 = ORIENTED_EDGE('',*,*,#12111,.T.);
#12111 = EDGE_CURVE('',#10695,#11275,#12112,.T.);
#12112 = LINE('',#12113,#12114);
#12113 = CARTESIAN_POINT('',(77.62,-141.0645,-4.6E-02));
#12114 = VECTOR('',#12115,1.);
#12115 = DIRECTION('',(0.,0.,1.));
#12116 = ORIENTED_EDGE('',*,*,#11274,.F.);
#12117 = ORIENTED_EDGE('',*,*,#12111,.F.);
#12118 = CYLINDRICAL_SURFACE('',#12119,0.4445);
#12119 = AXIS2_PLACEMENT_3D('',#12120,#12121,#12122);
#12120 = CARTESIAN_POINT('',(77.62,-140.62,-4.6E-02));
#12121 = DIRECTION('',(-0.,-0.,-1.));
#12122 = DIRECTION('',(-0.,-1.,0.));
#12123 = ADVANCED_FACE('',(#12124),#12135,.F.);
#12124 = FACE_BOUND('',#12125,.T.);
#12125 = EDGE_LOOP('',(#12126,#12127,#12133,#12134));
#12126 = ORIENTED_EDGE('',*,*,#10705,.T.);
#12127 = ORIENTED_EDGE('',*,*,#12128,.T.);
#12128 = EDGE_CURVE('',#10706,#11286,#12129,.T.);
#12129 = LINE('',#12130,#12131);
#12130 = CARTESIAN_POINT('',(77.62,-138.5245,-4.6E-02));
#12131 = VECTOR('',#12132,1.);
#12132 = DIRECTION('',(0.,0.,1.));
#12133 = ORIENTED_EDGE('',*,*,#11285,.F.);
#12134 = ORIENTED_EDGE('',*,*,#12128,.F.);
#12135 = CYLINDRICAL_SURFACE('',#12136,0.4445);
#12136 = AXIS2_PLACEMENT_3D('',#12137,#12138,#12139);
#12137 = CARTESIAN_POINT('',(77.62,-138.08,-4.6E-02));
#12138 = DIRECTION('',(-0.,-0.,-1.));
#12139 = DIRECTION('',(-0.,-1.,0.));
#12140 = ADVANCED_FACE('',(#12141),#12152,.F.);
#12141 = FACE_BOUND('',#12142,.T.);
#12142 = EDGE_LOOP('',(#12143,#12144,#12150,#12151));
#12143 = ORIENTED_EDGE('',*,*,#10716,.T.);
#12144 = ORIENTED_EDGE('',*,*,#12145,.T.);
#12145 = EDGE_CURVE('',#10717,#11297,#12146,.T.);
#12146 = LINE('',#12147,#12148);
#12147 = CARTESIAN_POINT('',(93.3,-144.,-4.6E-02));
#12148 = VECTOR('',#12149,1.);
#12149 = DIRECTION('',(0.,0.,1.));
#12150 = ORIENTED_EDGE('',*,*,#11296,.F.);
#12151 = ORIENTED_EDGE('',*,*,#12145,.F.);
#12152 = CYLINDRICAL_SURFACE('',#12153,0.5);
#12153 = AXIS2_PLACEMENT_3D('',#12154,#12155,#12156);
#12154 = CARTESIAN_POINT('',(93.3,-143.5,-4.6E-02));
#12155 = DIRECTION('',(-0.,-0.,-1.));
#12156 = DIRECTION('',(-0.,-1.,0.));
#12157 = ADVANCED_FACE('',(#12158),#12169,.F.);
#12158 = FACE_BOUND('',#12159,.T.);
#12159 = EDGE_LOOP('',(#12160,#12161,#12167,#12168));
#12160 = ORIENTED_EDGE('',*,*,#10727,.T.);
#12161 = ORIENTED_EDGE('',*,*,#12162,.T.);
#12162 = EDGE_CURVE('',#10728,#11308,#12163,.T.);
#12163 = LINE('',#12164,#12165);
#12164 = CARTESIAN_POINT('',(77.62,-135.9845,-4.6E-02));
#12165 = VECTOR('',#12166,1.);
#12166 = DIRECTION('',(0.,0.,1.));
#12167 = ORIENTED_EDGE('',*,*,#11307,.F.);
#12168 = ORIENTED_EDGE('',*,*,#12162,.F.);
#12169 = CYLINDRICAL_SURFACE('',#12170,0.4445);
#12170 = AXIS2_PLACEMENT_3D('',#12171,#12172,#12173);
#12171 = CARTESIAN_POINT('',(77.62,-135.54,-4.6E-02));
#12172 = DIRECTION('',(-0.,-0.,-1.));
#12173 = DIRECTION('',(-0.,-1.,0.));
#12174 = ADVANCED_FACE('',(#12175),#12186,.F.);
#12175 = FACE_BOUND('',#12176,.T.);
#12176 = EDGE_LOOP('',(#12177,#12178,#12184,#12185));
#12177 = ORIENTED_EDGE('',*,*,#10738,.T.);
#12178 = ORIENTED_EDGE('',*,*,#12179,.T.);
#12179 = EDGE_CURVE('',#10739,#11319,#12180,.T.);
#12180 = LINE('',#12181,#12182);
#12181 = CARTESIAN_POINT('',(77.62,-133.4445,-4.6E-02));
#12182 = VECTOR('',#12183,1.);
#12183 = DIRECTION('',(0.,0.,1.));
#12184 = ORIENTED_EDGE('',*,*,#11318,.F.);
#12185 = ORIENTED_EDGE('',*,*,#12179,.F.);
#12186 = CYLINDRICAL_SURFACE('',#12187,0.4445);
#12187 = AXIS2_PLACEMENT_3D('',#12188,#12189,#12190);
#12188 = CARTESIAN_POINT('',(77.62,-133.,-4.6E-02));
#12189 = DIRECTION('',(-0.,-0.,-1.));
#12190 = DIRECTION('',(-0.,-1.,0.));
#12191 = ADVANCED_FACE('',(#12192),#12203,.F.);
#12192 = FACE_BOUND('',#12193,.T.);
#12193 = EDGE_LOOP('',(#12194,#12195,#12201,#12202));
#12194 = ORIENTED_EDGE('',*,*,#10749,.T.);
#12195 = ORIENTED_EDGE('',*,*,#12196,.T.);
#12196 = EDGE_CURVE('',#10750,#11330,#12197,.T.);
#12197 = LINE('',#12198,#12199);
#12198 = CARTESIAN_POINT('',(77.62,-130.9045,-4.6E-02));
#12199 = VECTOR('',#12200,1.);
#12200 = DIRECTION('',(0.,0.,1.));
#12201 = ORIENTED_EDGE('',*,*,#11329,.F.);
#12202 = ORIENTED_EDGE('',*,*,#12196,.F.);
#12203 = CYLINDRICAL_SURFACE('',#12204,0.4445);
#12204 = AXIS2_PLACEMENT_3D('',#12205,#12206,#12207);
#12205 = CARTESIAN_POINT('',(77.62,-130.46,-4.6E-02));
#12206 = DIRECTION('',(-0.,-0.,-1.));
#12207 = DIRECTION('',(-0.,-1.,0.));
#12208 = ADVANCED_FACE('',(#12209),#12220,.F.);
#12209 = FACE_BOUND('',#12210,.T.);
#12210 = EDGE_LOOP('',(#12211,#12212,#12218,#12219));
#12211 = ORIENTED_EDGE('',*,*,#10760,.T.);
#12212 = ORIENTED_EDGE('',*,*,#12213,.T.);
#12213 = EDGE_CURVE('',#10761,#11341,#12214,.T.);
#12214 = LINE('',#12215,#12216);
#12215 = CARTESIAN_POINT('',(77.62,-128.3645,-4.6E-02));
#12216 = VECTOR('',#12217,1.);
#12217 = DIRECTION('',(0.,0.,1.));
#12218 = ORIENTED_EDGE('',*,*,#11340,.F.);
#12219 = ORIENTED_EDGE('',*,*,#12213,.F.);
#12220 = CYLINDRICAL_SURFACE('',#12221,0.4445);
#12221 = AXIS2_PLACEMENT_3D('',#12222,#12223,#12224);
#12222 = CARTESIAN_POINT('',(77.62,-127.92,-4.6E-02));
#12223 = DIRECTION('',(-0.,-0.,-1.));
#12224 = DIRECTION('',(-0.,-1.,0.));
#12225 = ADVANCED_FACE('',(#12226),#12237,.F.);
#12226 = FACE_BOUND('',#12227,.T.);
#12227 = EDGE_LOOP('',(#12228,#12229,#12235,#12236));
#12228 = ORIENTED_EDGE('',*,*,#10771,.T.);
#12229 = ORIENTED_EDGE('',*,*,#12230,.T.);
#12230 = EDGE_CURVE('',#10772,#11352,#12231,.T.);
#12231 = LINE('',#12232,#12233);
#12232 = CARTESIAN_POINT('',(85.5,-130.4,-4.6E-02));
#12233 = VECTOR('',#12234,1.);
#12234 = DIRECTION('',(0.,0.,1.));
#12235 = ORIENTED_EDGE('',*,*,#11351,.F.);
#12236 = ORIENTED_EDGE('',*,*,#12230,.F.);
#12237 = CYLINDRICAL_SURFACE('',#12238,0.4);
#12238 = AXIS2_PLACEMENT_3D('',#12239,#12240,#12241);
#12239 = CARTESIAN_POINT('',(85.5,-130.,-4.6E-02));
#12240 = DIRECTION('',(-0.,-0.,-1.));
#12241 = DIRECTION('',(-0.,-1.,0.));
#12242 = ADVANCED_FACE('',(#12243),#12254,.F.);
#12243 = FACE_BOUND('',#12244,.T.);
#12244 = EDGE_LOOP('',(#12245,#12246,#12252,#12253));
#12245 = ORIENTED_EDGE('',*,*,#10782,.T.);
#12246 = ORIENTED_EDGE('',*,*,#12247,.T.);
#12247 = EDGE_CURVE('',#10783,#11363,#12248,.T.);
#12248 = LINE('',#12249,#12250);
#12249 = CARTESIAN_POINT('',(85.5,-128.4,-4.6E-02));
#12250 = VECTOR('',#12251,1.);
#12251 = DIRECTION('',(0.,0.,1.));
#12252 = ORIENTED_EDGE('',*,*,#11362,.F.);
#12253 = ORIENTED_EDGE('',*,*,#12247,.F.);
#12254 = CYLINDRICAL_SURFACE('',#12255,0.4);
#12255 = AXIS2_PLACEMENT_3D('',#12256,#12257,#12258);
#12256 = CARTESIAN_POINT('',(85.5,-128.,-4.6E-02));
#12257 = DIRECTION('',(-0.,-0.,-1.));
#12258 = DIRECTION('',(-0.,-1.,0.));
#12259 = ADVANCED_FACE('',(#12260),#12271,.F.);
#12260 = FACE_BOUND('',#12261,.T.);
#12261 = EDGE_LOOP('',(#12262,#12263,#12269,#12270));
#12262 = ORIENTED_EDGE('',*,*,#10793,.T.);
#12263 = ORIENTED_EDGE('',*,*,#12264,.T.);
#12264 = EDGE_CURVE('',#10794,#11374,#12265,.T.);
#12265 = LINE('',#12266,#12267);
#12266 = CARTESIAN_POINT('',(77.62,-125.8245,-4.6E-02));
#12267 = VECTOR('',#12268,1.);
#12268 = DIRECTION('',(0.,0.,1.));
#12269 = ORIENTED_EDGE('',*,*,#11373,.F.);
#12270 = ORIENTED_EDGE('',*,*,#12264,.F.);
#12271 = CYLINDRICAL_SURFACE('',#12272,0.4445);
#12272 = AXIS2_PLACEMENT_3D('',#12273,#12274,#12275);
#12273 = CARTESIAN_POINT('',(77.62,-125.38,-4.6E-02));
#12274 = DIRECTION('',(-0.,-0.,-1.));
#12275 = DIRECTION('',(-0.,-1.,0.));
#12276 = ADVANCED_FACE('',(#12277),#12288,.F.);
#12277 = FACE_BOUND('',#12278,.T.);
#12278 = EDGE_LOOP('',(#12279,#12280,#12286,#12287));
#12279 = ORIENTED_EDGE('',*,*,#10804,.T.);
#12280 = ORIENTED_EDGE('',*,*,#12281,.T.);
#12281 = EDGE_CURVE('',#10805,#11385,#12282,.T.);
#12282 = LINE('',#12283,#12284);
#12283 = CARTESIAN_POINT('',(105.5,-126.6,-4.6E-02));
#12284 = VECTOR('',#12285,1.);
#12285 = DIRECTION('',(0.,0.,1.));
#12286 = ORIENTED_EDGE('',*,*,#11384,.F.);
#12287 = ORIENTED_EDGE('',*,*,#12281,.F.);
#12288 = CYLINDRICAL_SURFACE('',#12289,1.6);
#12289 = AXIS2_PLACEMENT_3D('',#12290,#12291,#12292);
#12290 = CARTESIAN_POINT('',(105.5,-125.,-4.6E-02));
#12291 = DIRECTION('',(-0.,-0.,-1.));
#12292 = DIRECTION('',(-0.,-1.,0.));
#12293 = ( GEOMETRIC_REPRESENTATION_CONTEXT(3) 
GLOBAL_UNCERTAINTY_ASSIGNED_CONTEXT((#12297)) 
GLOBAL_UNIT_ASSIGNED_CONTEXT((#12294,#12295,#12296)) 
REPRESENTATION_CONTEXT('Context #1',
  '3D Context with UNIT and UNCERTAINTY') );
#12294 = ( LENGTH_UNIT() NAMED_UNIT(*) SI_UNIT(.MILLI.,.METRE.) );
#12295 = ( NAMED_UNIT(*) PLANE_ANGLE_UNIT() SI_UNIT($,.RADIAN.) );
#12296 = ( NAMED_UNIT(*) SI_UNIT($,.STERADIAN.) SOLID_ANGLE_UNIT() );
#12297 = UNCERTAINTY_MEASURE_WITH_UNIT(LENGTH_MEASURE(1.E-07),#12294,
  'distance_accuracy_value','confusion accuracy');
#12298 = CONTEXT_DEPENDENT_SHAPE_REPRESENTATION(#12299,#12301);
#12299 = ( REPRESENTATION_RELATIONSHIP('','',#10130,#10) 
REPRESENTATION_RELATIONSHIP_WITH_TRANSFORMATION(#12300) 
SHAPE_REPRESENTATION_RELATIONSHIP() );
#12300 = ITEM_DEFINED_TRANSFORMATION('','',#11,#31);
#12301 = PRODUCT_DEFINITION_SHAPE('Placement','Placement of an item',
  #12302);
#12302 = NEXT_ASSEMBLY_USAGE_OCCURRENCE('9','=>[0:1:1:10]','',#5,#10125,
  $);
#12303 = PRODUCT_RELATED_PRODUCT_CATEGORY('part',$,(#10127));
#12304 = MECHANICAL_DESIGN_GEOMETRIC_PRESENTATION_REPRESENTATION('',(
    #12305,#12313,#12320,#12327,#12334,#12341,#12348,#12355,#12362,
    #12369,#12376,#12383,#12390,#12397,#12404,#12411,#12418,#12425,
    #12432,#12439,#12446,#12453,#12460,#12468,#12475,#12482,#12489,
    #12496,#12503,#12510,#12517,#12524,#12531,#12538,#12545,#12552,
    #12559,#12566,#12573,#12580,#12587,#12594,#12601,#12608,#12615,
    #12622,#12629,#12636,#12643,#12650,#12657,#12664,#12671,#12678,
    #12685,#12692,#12699,#12706,#12713,#12720,#12727,#12734,#12741,
    #12748,#12755,#12762,#12769,#12776,#12783,#12790,#12797,#12804,
    #12811,#12818,#12825,#12832),#4260);
#12305 = STYLED_ITEM('color',(#12306),#2156);
#12306 = PRESENTATION_STYLE_ASSIGNMENT((#12307));
#12307 = SURFACE_STYLE_USAGE(.BOTH.,#12308);
#12308 = SURFACE_SIDE_STYLE('',(#12309));
#12309 = SURFACE_STYLE_FILL_AREA(#12310);
#12310 = FILL_AREA_STYLE('',(#12311));
#12311 = FILL_AREA_STYLE_COLOUR('',#12312);
#12312 = COLOUR_RGB('',0.147999998088,0.144999993226,0.144999993226);
#12313 = STYLED_ITEM('color',(#12314),#2196);
#12314 = PRESENTATION_STYLE_ASSIGNMENT((#12315));
#12315 = SURFACE_STYLE_USAGE(.BOTH.,#12316);
#12316 = SURFACE_SIDE_STYLE('',(#12317));
#12317 = SURFACE_STYLE_FILL_AREA(#12318);
#12318 = FILL_AREA_STYLE('',(#12319));
#12319 = FILL_AREA_STYLE_COLOUR('',#12312);
#12320 = STYLED_ITEM('color',(#12321),#2227);
#12321 = PRESENTATION_STYLE_ASSIGNMENT((#12322));
#12322 = SURFACE_STYLE_USAGE(.BOTH.,#12323);
#12323 = SURFACE_SIDE_STYLE('',(#12324));
#12324 = SURFACE_STYLE_FILL_AREA(#12325);
#12325 = FILL_AREA_STYLE('',(#12326));
#12326 = FILL_AREA_STYLE_COLOUR('',#12312);
#12327 = STYLED_ITEM('color',(#12328),#2258);
#12328 = PRESENTATION_STYLE_ASSIGNMENT((#12329));
#12329 = SURFACE_STYLE_USAGE(.BOTH.,#12330);
#12330 = SURFACE_SIDE_STYLE('',(#12331));
#12331 = SURFACE_STYLE_FILL_AREA(#12332);
#12332 = FILL_AREA_STYLE('',(#12333));
#12333 = FILL_AREA_STYLE_COLOUR('',#12312);
#12334 = STYLED_ITEM('color',(#12335),#2505);
#12335 = PRESENTATION_STYLE_ASSIGNMENT((#12336));
#12336 = SURFACE_STYLE_USAGE(.BOTH.,#12337);
#12337 = SURFACE_SIDE_STYLE('',(#12338));
#12338 = SURFACE_STYLE_FILL_AREA(#12339);
#12339 = FILL_AREA_STYLE('',(#12340));
#12340 = FILL_AREA_STYLE_COLOUR('',#12312);
#12341 = STYLED_ITEM('color',(#12342),#2752);
#12342 = PRESENTATION_STYLE_ASSIGNMENT((#12343));
#12343 = SURFACE_STYLE_USAGE(.BOTH.,#12344);
#12344 = SURFACE_SIDE_STYLE('',(#12345));
#12345 = SURFACE_STYLE_FILL_AREA(#12346);
#12346 = FILL_AREA_STYLE('',(#12347));
#12347 = FILL_AREA_STYLE_COLOUR('',#12312);
#12348 = STYLED_ITEM('color',(#12349),#2769);
#12349 = PRESENTATION_STYLE_ASSIGNMENT((#12350));
#12350 = SURFACE_STYLE_USAGE(.BOTH.,#12351);
#12351 = SURFACE_SIDE_STYLE('',(#12352));
#12352 = SURFACE_STYLE_FILL_AREA(#12353);
#12353 = FILL_AREA_STYLE('',(#12354));
#12354 = FILL_AREA_STYLE_COLOUR('',#12312);
#12355 = STYLED_ITEM('color',(#12356),#2786);
#12356 = PRESENTATION_STYLE_ASSIGNMENT((#12357));
#12357 = SURFACE_STYLE_USAGE(.BOTH.,#12358);
#12358 = SURFACE_SIDE_STYLE('',(#12359));
#12359 = SURFACE_STYLE_FILL_AREA(#12360);
#12360 = FILL_AREA_STYLE('',(#12361));
#12361 = FILL_AREA_STYLE_COLOUR('',#12312);
#12362 = STYLED_ITEM('color',(#12363),#2803);
#12363 = PRESENTATION_STYLE_ASSIGNMENT((#12364));
#12364 = SURFACE_STYLE_USAGE(.BOTH.,#12365);
#12365 = SURFACE_SIDE_STYLE('',(#12366));
#12366 = SURFACE_STYLE_FILL_AREA(#12367);
#12367 = FILL_AREA_STYLE('',(#12368));
#12368 = FILL_AREA_STYLE_COLOUR('',#12312);
#12369 = STYLED_ITEM('color',(#12370),#2820);
#12370 = PRESENTATION_STYLE_ASSIGNMENT((#12371));
#12371 = SURFACE_STYLE_USAGE(.BOTH.,#12372);
#12372 = SURFACE_SIDE_STYLE('',(#12373));
#12373 = SURFACE_STYLE_FILL_AREA(#12374);
#12374 = FILL_AREA_STYLE('',(#12375));
#12375 = FILL_AREA_STYLE_COLOUR('',#12312);
#12376 = STYLED_ITEM('color',(#12377),#2837);
#12377 = PRESENTATION_STYLE_ASSIGNMENT((#12378));
#12378 = SURFACE_STYLE_USAGE(.BOTH.,#12379);
#12379 = SURFACE_SIDE_STYLE('',(#12380));
#12380 = SURFACE_STYLE_FILL_AREA(#12381);
#12381 = FILL_AREA_STYLE('',(#12382));
#12382 = FILL_AREA_STYLE_COLOUR('',#12312);
#12383 = STYLED_ITEM('color',(#12384),#2854);
#12384 = PRESENTATION_STYLE_ASSIGNMENT((#12385));
#12385 = SURFACE_STYLE_USAGE(.BOTH.,#12386);
#12386 = SURFACE_SIDE_STYLE('',(#12387));
#12387 = SURFACE_STYLE_FILL_AREA(#12388);
#12388 = FILL_AREA_STYLE('',(#12389));
#12389 = FILL_AREA_STYLE_COLOUR('',#12312);
#12390 = STYLED_ITEM('color',(#12391),#2871);
#12391 = PRESENTATION_STYLE_ASSIGNMENT((#12392));
#12392 = SURFACE_STYLE_USAGE(.BOTH.,#12393);
#12393 = SURFACE_SIDE_STYLE('',(#12394));
#12394 = SURFACE_STYLE_FILL_AREA(#12395);
#12395 = FILL_AREA_STYLE('',(#12396));
#12396 = FILL_AREA_STYLE_COLOUR('',#12312);
#12397 = STYLED_ITEM('color',(#12398),#2888);
#12398 = PRESENTATION_STYLE_ASSIGNMENT((#12399));
#12399 = SURFACE_STYLE_USAGE(.BOTH.,#12400);
#12400 = SURFACE_SIDE_STYLE('',(#12401));
#12401 = SURFACE_STYLE_FILL_AREA(#12402);
#12402 = FILL_AREA_STYLE('',(#12403));
#12403 = FILL_AREA_STYLE_COLOUR('',#12312);
#12404 = STYLED_ITEM('color',(#12405),#2905);
#12405 = PRESENTATION_STYLE_ASSIGNMENT((#12406));
#12406 = SURFACE_STYLE_USAGE(.BOTH.,#12407);
#12407 = SURFACE_SIDE_STYLE('',(#12408));
#12408 = SURFACE_STYLE_FILL_AREA(#12409);
#12409 = FILL_AREA_STYLE('',(#12410));
#12410 = FILL_AREA_STYLE_COLOUR('',#12312);
#12411 = STYLED_ITEM('color',(#12412),#2922);
#12412 = PRESENTATION_STYLE_ASSIGNMENT((#12413));
#12413 = SURFACE_STYLE_USAGE(.BOTH.,#12414);
#12414 = SURFACE_SIDE_STYLE('',(#12415));
#12415 = SURFACE_STYLE_FILL_AREA(#12416);
#12416 = FILL_AREA_STYLE('',(#12417));
#12417 = FILL_AREA_STYLE_COLOUR('',#12312);
#12418 = STYLED_ITEM('color',(#12419),#2939);
#12419 = PRESENTATION_STYLE_ASSIGNMENT((#12420));
#12420 = SURFACE_STYLE_USAGE(.BOTH.,#12421);
#12421 = SURFACE_SIDE_STYLE('',(#12422));
#12422 = SURFACE_STYLE_FILL_AREA(#12423);
#12423 = FILL_AREA_STYLE('',(#12424));
#12424 = FILL_AREA_STYLE_COLOUR('',#12312);
#12425 = STYLED_ITEM('color',(#12426),#2956);
#12426 = PRESENTATION_STYLE_ASSIGNMENT((#12427));
#12427 = SURFACE_STYLE_USAGE(.BOTH.,#12428);
#12428 = SURFACE_SIDE_STYLE('',(#12429));
#12429 = SURFACE_STYLE_FILL_AREA(#12430);
#12430 = FILL_AREA_STYLE('',(#12431));
#12431 = FILL_AREA_STYLE_COLOUR('',#12312);
#12432 = STYLED_ITEM('color',(#12433),#2973);
#12433 = PRESENTATION_STYLE_ASSIGNMENT((#12434));
#12434 = SURFACE_STYLE_USAGE(.BOTH.,#12435);
#12435 = SURFACE_SIDE_STYLE('',(#12436));
#12436 = SURFACE_STYLE_FILL_AREA(#12437);
#12437 = FILL_AREA_STYLE('',(#12438));
#12438 = FILL_AREA_STYLE_COLOUR('',#12312);
#12439 = STYLED_ITEM('color',(#12440),#2990);
#12440 = PRESENTATION_STYLE_ASSIGNMENT((#12441));
#12441 = SURFACE_STYLE_USAGE(.BOTH.,#12442);
#12442 = SURFACE_SIDE_STYLE('',(#12443));
#12443 = SURFACE_STYLE_FILL_AREA(#12444);
#12444 = FILL_AREA_STYLE('',(#12445));
#12445 = FILL_AREA_STYLE_COLOUR('',#12312);
#12446 = STYLED_ITEM('color',(#12447),#3007);
#12447 = PRESENTATION_STYLE_ASSIGNMENT((#12448));
#12448 = SURFACE_STYLE_USAGE(.BOTH.,#12449);
#12449 = SURFACE_SIDE_STYLE('',(#12450));
#12450 = SURFACE_STYLE_FILL_AREA(#12451);
#12451 = FILL_AREA_STYLE('',(#12452));
#12452 = FILL_AREA_STYLE_COLOUR('',#12312);
#12453 = STYLED_ITEM('color',(#12454),#3024);
#12454 = PRESENTATION_STYLE_ASSIGNMENT((#12455));
#12455 = SURFACE_STYLE_USAGE(.BOTH.,#12456);
#12456 = SURFACE_SIDE_STYLE('',(#12457));
#12457 = SURFACE_STYLE_FILL_AREA(#12458);
#12458 = FILL_AREA_STYLE('',(#12459));
#12459 = FILL_AREA_STYLE_COLOUR('',#12312);
#12460 = STYLED_ITEM('color',(#12461),#3036);
#12461 = PRESENTATION_STYLE_ASSIGNMENT((#12462));
#12462 = SURFACE_STYLE_USAGE(.BOTH.,#12463);
#12463 = SURFACE_SIDE_STYLE('',(#12464));
#12464 = SURFACE_STYLE_FILL_AREA(#12465);
#12465 = FILL_AREA_STYLE('',(#12466));
#12466 = FILL_AREA_STYLE_COLOUR('',#12467);
#12467 = COLOUR_RGB('',0.859000020776,0.737999965183,0.495999988746);
#12468 = STYLED_ITEM('color',(#12469),#3067);
#12469 = PRESENTATION_STYLE_ASSIGNMENT((#12470));
#12470 = SURFACE_STYLE_USAGE(.BOTH.,#12471);
#12471 = SURFACE_SIDE_STYLE('',(#12472));
#12472 = SURFACE_STYLE_FILL_AREA(#12473);
#12473 = FILL_AREA_STYLE('',(#12474));
#12474 = FILL_AREA_STYLE_COLOUR('',#12467);
#12475 = STYLED_ITEM('color',(#12476),#3091);
#12476 = PRESENTATION_STYLE_ASSIGNMENT((#12477));
#12477 = SURFACE_STYLE_USAGE(.BOTH.,#12478);
#12478 = SURFACE_SIDE_STYLE('',(#12479));
#12479 = SURFACE_STYLE_FILL_AREA(#12480);
#12480 = FILL_AREA_STYLE('',(#12481));
#12481 = FILL_AREA_STYLE_COLOUR('',#12467);
#12482 = STYLED_ITEM('color',(#12483),#3115);
#12483 = PRESENTATION_STYLE_ASSIGNMENT((#12484));
#12484 = SURFACE_STYLE_USAGE(.BOTH.,#12485);
#12485 = SURFACE_SIDE_STYLE('',(#12486));
#12486 = SURFACE_STYLE_FILL_AREA(#12487);
#12487 = FILL_AREA_STYLE('',(#12488));
#12488 = FILL_AREA_STYLE_COLOUR('',#12467);
#12489 = STYLED_ITEM('color',(#12490),#3132);
#12490 = PRESENTATION_STYLE_ASSIGNMENT((#12491));
#12491 = SURFACE_STYLE_USAGE(.BOTH.,#12492);
#12492 = SURFACE_SIDE_STYLE('',(#12493));
#12493 = SURFACE_STYLE_FILL_AREA(#12494);
#12494 = FILL_AREA_STYLE('',(#12495));
#12495 = FILL_AREA_STYLE_COLOUR('',#12467);
#12496 = STYLED_ITEM('color',(#12497),#3163);
#12497 = PRESENTATION_STYLE_ASSIGNMENT((#12498));
#12498 = SURFACE_STYLE_USAGE(.BOTH.,#12499);
#12499 = SURFACE_SIDE_STYLE('',(#12500));
#12500 = SURFACE_STYLE_FILL_AREA(#12501);
#12501 = FILL_AREA_STYLE('',(#12502));
#12502 = FILL_AREA_STYLE_COLOUR('',#12467);
#12503 = STYLED_ITEM('color',(#12504),#3187);
#12504 = PRESENTATION_STYLE_ASSIGNMENT((#12505));
#12505 = SURFACE_STYLE_USAGE(.BOTH.,#12506);
#12506 = SURFACE_SIDE_STYLE('',(#12507));
#12507 = SURFACE_STYLE_FILL_AREA(#12508);
#12508 = FILL_AREA_STYLE('',(#12509));
#12509 = FILL_AREA_STYLE_COLOUR('',#12467);
#12510 = STYLED_ITEM('color',(#12511),#3211);
#12511 = PRESENTATION_STYLE_ASSIGNMENT((#12512));
#12512 = SURFACE_STYLE_USAGE(.BOTH.,#12513);
#12513 = SURFACE_SIDE_STYLE('',(#12514));
#12514 = SURFACE_STYLE_FILL_AREA(#12515);
#12515 = FILL_AREA_STYLE('',(#12516));
#12516 = FILL_AREA_STYLE_COLOUR('',#12467);
#12517 = STYLED_ITEM('color',(#12518),#3228);
#12518 = PRESENTATION_STYLE_ASSIGNMENT((#12519));
#12519 = SURFACE_STYLE_USAGE(.BOTH.,#12520);
#12520 = SURFACE_SIDE_STYLE('',(#12521));
#12521 = SURFACE_STYLE_FILL_AREA(#12522);
#12522 = FILL_AREA_STYLE('',(#12523));
#12523 = FILL_AREA_STYLE_COLOUR('',#12467);
#12524 = STYLED_ITEM('color',(#12525),#3259);
#12525 = PRESENTATION_STYLE_ASSIGNMENT((#12526));
#12526 = SURFACE_STYLE_USAGE(.BOTH.,#12527);
#12527 = SURFACE_SIDE_STYLE('',(#12528));
#12528 = SURFACE_STYLE_FILL_AREA(#12529);
#12529 = FILL_AREA_STYLE('',(#12530));
#12530 = FILL_AREA_STYLE_COLOUR('',#12467);
#12531 = STYLED_ITEM('color',(#12532),#3283);
#12532 = PRESENTATION_STYLE_ASSIGNMENT((#12533));
#12533 = SURFACE_STYLE_USAGE(.BOTH.,#12534);
#12534 = SURFACE_SIDE_STYLE('',(#12535));
#12535 = SURFACE_STYLE_FILL_AREA(#12536);
#12536 = FILL_AREA_STYLE('',(#12537));
#12537 = FILL_AREA_STYLE_COLOUR('',#12467);
#12538 = STYLED_ITEM('color',(#12539),#3307);
#12539 = PRESENTATION_STYLE_ASSIGNMENT((#12540));
#12540 = SURFACE_STYLE_USAGE(.BOTH.,#12541);
#12541 = SURFACE_SIDE_STYLE('',(#12542));
#12542 = SURFACE_STYLE_FILL_AREA(#12543);
#12543 = FILL_AREA_STYLE('',(#12544));
#12544 = FILL_AREA_STYLE_COLOUR('',#12467);
#12545 = STYLED_ITEM('color',(#12546),#3324);
#12546 = PRESENTATION_STYLE_ASSIGNMENT((#12547));
#12547 = SURFACE_STYLE_USAGE(.BOTH.,#12548);
#12548 = SURFACE_SIDE_STYLE('',(#12549));
#12549 = SURFACE_STYLE_FILL_AREA(#12550);
#12550 = FILL_AREA_STYLE('',(#12551));
#12551 = FILL_AREA_STYLE_COLOUR('',#12467);
#12552 = STYLED_ITEM('color',(#12553),#3355);
#12553 = PRESENTATION_STYLE_ASSIGNMENT((#12554));
#12554 = SURFACE_STYLE_USAGE(.BOTH.,#12555);
#12555 = SURFACE_SIDE_STYLE('',(#12556));
#12556 = SURFACE_STYLE_FILL_AREA(#12557);
#12557 = FILL_AREA_STYLE('',(#12558));
#12558 = FILL_AREA_STYLE_COLOUR('',#12467);
#12559 = STYLED_ITEM('color',(#12560),#3379);
#12560 = PRESENTATION_STYLE_ASSIGNMENT((#12561));
#12561 = SURFACE_STYLE_USAGE(.BOTH.,#12562);
#12562 = SURFACE_SIDE_STYLE('',(#12563));
#12563 = SURFACE_STYLE_FILL_AREA(#12564);
#12564 = FILL_AREA_STYLE('',(#12565));
#12565 = FILL_AREA_STYLE_COLOUR('',#12467);
#12566 = STYLED_ITEM('color',(#12567),#3403);
#12567 = PRESENTATION_STYLE_ASSIGNMENT((#12568));
#12568 = SURFACE_STYLE_USAGE(.BOTH.,#12569);
#12569 = SURFACE_SIDE_STYLE('',(#12570));
#12570 = SURFACE_STYLE_FILL_AREA(#12571);
#12571 = FILL_AREA_STYLE('',(#12572));
#12572 = FILL_AREA_STYLE_COLOUR('',#12467);
#12573 = STYLED_ITEM('color',(#12574),#3420);
#12574 = PRESENTATION_STYLE_ASSIGNMENT((#12575));
#12575 = SURFACE_STYLE_USAGE(.BOTH.,#12576);
#12576 = SURFACE_SIDE_STYLE('',(#12577));
#12577 = SURFACE_STYLE_FILL_AREA(#12578);
#12578 = FILL_AREA_STYLE('',(#12579));
#12579 = FILL_AREA_STYLE_COLOUR('',#12467);
#12580 = STYLED_ITEM('color',(#12581),#3451);
#12581 = PRESENTATION_STYLE_ASSIGNMENT((#12582));
#12582 = SURFACE_STYLE_USAGE(.BOTH.,#12583);
#12583 = SURFACE_SIDE_STYLE('',(#12584));
#12584 = SURFACE_STYLE_FILL_AREA(#12585);
#12585 = FILL_AREA_STYLE('',(#12586));
#12586 = FILL_AREA_STYLE_COLOUR('',#12467);
#12587 = STYLED_ITEM('color',(#12588),#3475);
#12588 = PRESENTATION_STYLE_ASSIGNMENT((#12589));
#12589 = SURFACE_STYLE_USAGE(.BOTH.,#12590);
#12590 = SURFACE_SIDE_STYLE('',(#12591));
#12591 = SURFACE_STYLE_FILL_AREA(#12592);
#12592 = FILL_AREA_STYLE('',(#12593));
#12593 = FILL_AREA_STYLE_COLOUR('',#12467);
#12594 = STYLED_ITEM('color',(#12595),#3499);
#12595 = PRESENTATION_STYLE_ASSIGNMENT((#12596));
#12596 = SURFACE_STYLE_USAGE(.BOTH.,#12597);
#12597 = SURFACE_SIDE_STYLE('',(#12598));
#12598 = SURFACE_STYLE_FILL_AREA(#12599);
#12599 = FILL_AREA_STYLE('',(#12600));
#12600 = FILL_AREA_STYLE_COLOUR('',#12467);
#12601 = STYLED_ITEM('color',(#12602),#3516);
#12602 = PRESENTATION_STYLE_ASSIGNMENT((#12603));
#12603 = SURFACE_STYLE_USAGE(.BOTH.,#12604);
#12604 = SURFACE_SIDE_STYLE('',(#12605));
#12605 = SURFACE_STYLE_FILL_AREA(#12606);
#12606 = FILL_AREA_STYLE('',(#12607));
#12607 = FILL_AREA_STYLE_COLOUR('',#12467);
#12608 = STYLED_ITEM('color',(#12609),#3547);
#12609 = PRESENTATION_STYLE_ASSIGNMENT((#12610));
#12610 = SURFACE_STYLE_USAGE(.BOTH.,#12611);
#12611 = SURFACE_SIDE_STYLE('',(#12612));
#12612 = SURFACE_STYLE_FILL_AREA(#12613);
#12613 = FILL_AREA_STYLE('',(#12614));
#12614 = FILL_AREA_STYLE_COLOUR('',#12467);
#12615 = STYLED_ITEM('color',(#12616),#3571);
#12616 = PRESENTATION_STYLE_ASSIGNMENT((#12617));
#12617 = SURFACE_STYLE_USAGE(.BOTH.,#12618);
#12618 = SURFACE_SIDE_STYLE('',(#12619));
#12619 = SURFACE_STYLE_FILL_AREA(#12620);
#12620 = FILL_AREA_STYLE('',(#12621));
#12621 = FILL_AREA_STYLE_COLOUR('',#12467);
#12622 = STYLED_ITEM('color',(#12623),#3595);
#12623 = PRESENTATION_STYLE_ASSIGNMENT((#12624));
#12624 = SURFACE_STYLE_USAGE(.BOTH.,#12625);
#12625 = SURFACE_SIDE_STYLE('',(#12626));
#12626 = SURFACE_STYLE_FILL_AREA(#12627);
#12627 = FILL_AREA_STYLE('',(#12628));
#12628 = FILL_AREA_STYLE_COLOUR('',#12467);
#12629 = STYLED_ITEM('color',(#12630),#3612);
#12630 = PRESENTATION_STYLE_ASSIGNMENT((#12631));
#12631 = SURFACE_STYLE_USAGE(.BOTH.,#12632);
#12632 = SURFACE_SIDE_STYLE('',(#12633));
#12633 = SURFACE_STYLE_FILL_AREA(#12634);
#12634 = FILL_AREA_STYLE('',(#12635));
#12635 = FILL_AREA_STYLE_COLOUR('',#12467);
#12636 = STYLED_ITEM('color',(#12637),#3643);
#12637 = PRESENTATION_STYLE_ASSIGNMENT((#12638));
#12638 = SURFACE_STYLE_USAGE(.BOTH.,#12639);
#12639 = SURFACE_SIDE_STYLE('',(#12640));
#12640 = SURFACE_STYLE_FILL_AREA(#12641);
#12641 = FILL_AREA_STYLE('',(#12642));
#12642 = FILL_AREA_STYLE_COLOUR('',#12467);
#12643 = STYLED_ITEM('color',(#12644),#3667);
#12644 = PRESENTATION_STYLE_ASSIGNMENT((#12645));
#12645 = SURFACE_STYLE_USAGE(.BOTH.,#12646);
#12646 = SURFACE_SIDE_STYLE('',(#12647));
#12647 = SURFACE_STYLE_FILL_AREA(#12648);
#12648 = FILL_AREA_STYLE('',(#12649));
#12649 = FILL_AREA_STYLE_COLOUR('',#12467);
#12650 = STYLED_ITEM('color',(#12651),#3691);
#12651 = PRESENTATION_STYLE_ASSIGNMENT((#12652));
#12652 = SURFACE_STYLE_USAGE(.BOTH.,#12653);
#12653 = SURFACE_SIDE_STYLE('',(#12654));
#12654 = SURFACE_STYLE_FILL_AREA(#12655);
#12655 = FILL_AREA_STYLE('',(#12656));
#12656 = FILL_AREA_STYLE_COLOUR('',#12467);
#12657 = STYLED_ITEM('color',(#12658),#3708);
#12658 = PRESENTATION_STYLE_ASSIGNMENT((#12659));
#12659 = SURFACE_STYLE_USAGE(.BOTH.,#12660);
#12660 = SURFACE_SIDE_STYLE('',(#12661));
#12661 = SURFACE_STYLE_FILL_AREA(#12662);
#12662 = FILL_AREA_STYLE('',(#12663));
#12663 = FILL_AREA_STYLE_COLOUR('',#12467);
#12664 = STYLED_ITEM('color',(#12665),#3739);
#12665 = PRESENTATION_STYLE_ASSIGNMENT((#12666));
#12666 = SURFACE_STYLE_USAGE(.BOTH.,#12667);
#12667 = SURFACE_SIDE_STYLE('',(#12668));
#12668 = SURFACE_STYLE_FILL_AREA(#12669);
#12669 = FILL_AREA_STYLE('',(#12670));
#12670 = FILL_AREA_STYLE_COLOUR('',#12467);
#12671 = STYLED_ITEM('color',(#12672),#3763);
#12672 = PRESENTATION_STYLE_ASSIGNMENT((#12673));
#12673 = SURFACE_STYLE_USAGE(.BOTH.,#12674);
#12674 = SURFACE_SIDE_STYLE('',(#12675));
#12675 = SURFACE_STYLE_FILL_AREA(#12676);
#12676 = FILL_AREA_STYLE('',(#12677));
#12677 = FILL_AREA_STYLE_COLOUR('',#12467);
#12678 = STYLED_ITEM('color',(#12679),#3787);
#12679 = PRESENTATION_STYLE_ASSIGNMENT((#12680));
#12680 = SURFACE_STYLE_USAGE(.BOTH.,#12681);
#12681 = SURFACE_SIDE_STYLE('',(#12682));
#12682 = SURFACE_STYLE_FILL_AREA(#12683);
#12683 = FILL_AREA_STYLE('',(#12684));
#12684 = FILL_AREA_STYLE_COLOUR('',#12467);
#12685 = STYLED_ITEM('color',(#12686),#3804);
#12686 = PRESENTATION_STYLE_ASSIGNMENT((#12687));
#12687 = SURFACE_STYLE_USAGE(.BOTH.,#12688);
#12688 = SURFACE_SIDE_STYLE('',(#12689));
#12689 = SURFACE_STYLE_FILL_AREA(#12690);
#12690 = FILL_AREA_STYLE('',(#12691));
#12691 = FILL_AREA_STYLE_COLOUR('',#12467);
#12692 = STYLED_ITEM('color',(#12693),#3835);
#12693 = PRESENTATION_STYLE_ASSIGNMENT((#12694));
#12694 = SURFACE_STYLE_USAGE(.BOTH.,#12695);
#12695 = SURFACE_SIDE_STYLE('',(#12696));
#12696 = SURFACE_STYLE_FILL_AREA(#12697);
#12697 = FILL_AREA_STYLE('',(#12698));
#12698 = FILL_AREA_STYLE_COLOUR('',#12467);
#12699 = STYLED_ITEM('color',(#12700),#3859);
#12700 = PRESENTATION_STYLE_ASSIGNMENT((#12701));
#12701 = SURFACE_STYLE_USAGE(.BOTH.,#12702);
#12702 = SURFACE_SIDE_STYLE('',(#12703));
#12703 = SURFACE_STYLE_FILL_AREA(#12704);
#12704 = FILL_AREA_STYLE('',(#12705));
#12705 = FILL_AREA_STYLE_COLOUR('',#12467);
#12706 = STYLED_ITEM('color',(#12707),#3883);
#12707 = PRESENTATION_STYLE_ASSIGNMENT((#12708));
#12708 = SURFACE_STYLE_USAGE(.BOTH.,#12709);
#12709 = SURFACE_SIDE_STYLE('',(#12710));
#12710 = SURFACE_STYLE_FILL_AREA(#12711);
#12711 = FILL_AREA_STYLE('',(#12712));
#12712 = FILL_AREA_STYLE_COLOUR('',#12467);
#12713 = STYLED_ITEM('color',(#12714),#3900);
#12714 = PRESENTATION_STYLE_ASSIGNMENT((#12715));
#12715 = SURFACE_STYLE_USAGE(.BOTH.,#12716);
#12716 = SURFACE_SIDE_STYLE('',(#12717));
#12717 = SURFACE_STYLE_FILL_AREA(#12718);
#12718 = FILL_AREA_STYLE('',(#12719));
#12719 = FILL_AREA_STYLE_COLOUR('',#12467);
#12720 = STYLED_ITEM('color',(#12721),#3931);
#12721 = PRESENTATION_STYLE_ASSIGNMENT((#12722));
#12722 = SURFACE_STYLE_USAGE(.BOTH.,#12723);
#12723 = SURFACE_SIDE_STYLE('',(#12724));
#12724 = SURFACE_STYLE_FILL_AREA(#12725);
#12725 = FILL_AREA_STYLE('',(#12726));
#12726 = FILL_AREA_STYLE_COLOUR('',#12467);
#12727 = STYLED_ITEM('color',(#12728),#3955);
#12728 = PRESENTATION_STYLE_ASSIGNMENT((#12729));
#12729 = SURFACE_STYLE_USAGE(.BOTH.,#12730);
#12730 = SURFACE_SIDE_STYLE('',(#12731));
#12731 = SURFACE_STYLE_FILL_AREA(#12732);
#12732 = FILL_AREA_STYLE('',(#12733));
#12733 = FILL_AREA_STYLE_COLOUR('',#12467);
#12734 = STYLED_ITEM('color',(#12735),#3979);
#12735 = PRESENTATION_STYLE_ASSIGNMENT((#12736));
#12736 = SURFACE_STYLE_USAGE(.BOTH.,#12737);
#12737 = SURFACE_SIDE_STYLE('',(#12738));
#12738 = SURFACE_STYLE_FILL_AREA(#12739);
#12739 = FILL_AREA_STYLE('',(#12740));
#12740 = FILL_AREA_STYLE_COLOUR('',#12467);
#12741 = STYLED_ITEM('color',(#12742),#3996);
#12742 = PRESENTATION_STYLE_ASSIGNMENT((#12743));
#12743 = SURFACE_STYLE_USAGE(.BOTH.,#12744);
#12744 = SURFACE_SIDE_STYLE('',(#12745));
#12745 = SURFACE_STYLE_FILL_AREA(#12746);
#12746 = FILL_AREA_STYLE('',(#12747));
#12747 = FILL_AREA_STYLE_COLOUR('',#12467);
#12748 = STYLED_ITEM('color',(#12749),#4027);
#12749 = PRESENTATION_STYLE_ASSIGNMENT((#12750));
#12750 = SURFACE_STYLE_USAGE(.BOTH.,#12751);
#12751 = SURFACE_SIDE_STYLE('',(#12752));
#12752 = SURFACE_STYLE_FILL_AREA(#12753);
#12753 = FILL_AREA_STYLE('',(#12754));
#12754 = FILL_AREA_STYLE_COLOUR('',#12467);
#12755 = STYLED_ITEM('color',(#12756),#4051);
#12756 = PRESENTATION_STYLE_ASSIGNMENT((#12757));
#12757 = SURFACE_STYLE_USAGE(.BOTH.,#12758);
#12758 = SURFACE_SIDE_STYLE('',(#12759));
#12759 = SURFACE_STYLE_FILL_AREA(#12760);
#12760 = FILL_AREA_STYLE('',(#12761));
#12761 = FILL_AREA_STYLE_COLOUR('',#12467);
#12762 = STYLED_ITEM('color',(#12763),#4075);
#12763 = PRESENTATION_STYLE_ASSIGNMENT((#12764));
#12764 = SURFACE_STYLE_USAGE(.BOTH.,#12765);
#12765 = SURFACE_SIDE_STYLE('',(#12766));
#12766 = SURFACE_STYLE_FILL_AREA(#12767);
#12767 = FILL_AREA_STYLE('',(#12768));
#12768 = FILL_AREA_STYLE_COLOUR('',#12467);
#12769 = STYLED_ITEM('color',(#12770),#4092);
#12770 = PRESENTATION_STYLE_ASSIGNMENT((#12771));
#12771 = SURFACE_STYLE_USAGE(.BOTH.,#12772);
#12772 = SURFACE_SIDE_STYLE('',(#12773));
#12773 = SURFACE_STYLE_FILL_AREA(#12774);
#12774 = FILL_AREA_STYLE('',(#12775));
#12775 = FILL_AREA_STYLE_COLOUR('',#12467);
#12776 = STYLED_ITEM('color',(#12777),#4123);
#12777 = PRESENTATION_STYLE_ASSIGNMENT((#12778));
#12778 = SURFACE_STYLE_USAGE(.BOTH.,#12779);
#12779 = SURFACE_SIDE_STYLE('',(#12780));
#12780 = SURFACE_STYLE_FILL_AREA(#12781);
#12781 = FILL_AREA_STYLE('',(#12782));
#12782 = FILL_AREA_STYLE_COLOUR('',#12467);
#12783 = STYLED_ITEM('color',(#12784),#4147);
#12784 = PRESENTATION_STYLE_ASSIGNMENT((#12785));
#12785 = SURFACE_STYLE_USAGE(.BOTH.,#12786);
#12786 = SURFACE_SIDE_STYLE('',(#12787));
#12787 = SURFACE_STYLE_FILL_AREA(#12788);
#12788 = FILL_AREA_STYLE('',(#12789));
#12789 = FILL_AREA_STYLE_COLOUR('',#12467);
#12790 = STYLED_ITEM('color',(#12791),#4171);
#12791 = PRESENTATION_STYLE_ASSIGNMENT((#12792));
#12792 = SURFACE_STYLE_USAGE(.BOTH.,#12793);
#12793 = SURFACE_SIDE_STYLE('',(#12794));
#12794 = SURFACE_STYLE_FILL_AREA(#12795);
#12795 = FILL_AREA_STYLE('',(#12796));
#12796 = FILL_AREA_STYLE_COLOUR('',#12467);
#12797 = STYLED_ITEM('color',(#12798),#4188);
#12798 = PRESENTATION_STYLE_ASSIGNMENT((#12799));
#12799 = SURFACE_STYLE_USAGE(.BOTH.,#12800);
#12800 = SURFACE_SIDE_STYLE('',(#12801));
#12801 = SURFACE_STYLE_FILL_AREA(#12802);
#12802 = FILL_AREA_STYLE('',(#12803));
#12803 = FILL_AREA_STYLE_COLOUR('',#12467);
#12804 = STYLED_ITEM('color',(#12805),#4200);
#12805 = PRESENTATION_STYLE_ASSIGNMENT((#12806));
#12806 = SURFACE_STYLE_USAGE(.BOTH.,#12807);
#12807 = SURFACE_SIDE_STYLE('',(#12808));
#12808 = SURFACE_STYLE_FILL_AREA(#12809);
#12809 = FILL_AREA_STYLE('',(#12810));
#12810 = FILL_AREA_STYLE_COLOUR('',#12467);
#12811 = STYLED_ITEM('color',(#12812),#4212);
#12812 = PRESENTATION_STYLE_ASSIGNMENT((#12813));
#12813 = SURFACE_STYLE_USAGE(.BOTH.,#12814);
#12814 = SURFACE_SIDE_STYLE('',(#12815));
#12815 = SURFACE_STYLE_FILL_AREA(#12816);
#12816 = FILL_AREA_STYLE('',(#12817));
#12817 = FILL_AREA_STYLE_COLOUR('',#12467);
#12818 = STYLED_ITEM('color',(#12819),#4224);
#12819 = PRESENTATION_STYLE_ASSIGNMENT((#12820));
#12820 = SURFACE_STYLE_USAGE(.BOTH.,#12821);
#12821 = SURFACE_SIDE_STYLE('',(#12822));
#12822 = SURFACE_STYLE_FILL_AREA(#12823);
#12823 = FILL_AREA_STYLE('',(#12824));
#12824 = FILL_AREA_STYLE_COLOUR('',#12467);
#12825 = STYLED_ITEM('color',(#12826),#4236);
#12826 = PRESENTATION_STYLE_ASSIGNMENT((#12827));
#12827 = SURFACE_STYLE_USAGE(.BOTH.,#12828);
#12828 = SURFACE_SIDE_STYLE('',(#12829));
#12829 = SURFACE_STYLE_FILL_AREA(#12830);
#12830 = FILL_AREA_STYLE('',(#12831));
#12831 = FILL_AREA_STYLE_COLOUR('',#12467);
#12832 = STYLED_ITEM('color',(#12833),#4248);
#12833 = PRESENTATION_STYLE_ASSIGNMENT((#12834));
#12834 = SURFACE_STYLE_USAGE(.BOTH.,#12835);
#12835 = SURFACE_SIDE_STYLE('',(#12836));
#12836 = SURFACE_STYLE_FILL_AREA(#12837);
#12837 = FILL_AREA_STYLE('',(#12838));
#12838 = FILL_AREA_STYLE_COLOUR('',#12467);
#12839 = MECHANICAL_DESIGN_GEOMETRIC_PRESENTATION_REPRESENTATION('',(
    #12840,#12848,#12855,#12863,#12870,#12878,#12885,#12892,#12899,
    #12906,#12913,#12920,#12927,#12934,#12941,#12948,#12955,#12962,
    #12969,#12976,#12983,#12990,#12997,#13004,#13011,#13018,#13025,
    #13032,#13039,#13046,#13053,#13060,#13067,#13074,#13081,#13088,
    #13095,#13102,#13109,#13116,#13123,#13130,#13137,#13144,#13151,
    #13158,#13165,#13172,#13179),#2112);
#12840 = STYLED_ITEM('color',(#12841),#74);
#12841 = PRESENTATION_STYLE_ASSIGNMENT((#12842));
#12842 = SURFACE_STYLE_USAGE(.BOTH.,#12843);
#12843 = SURFACE_SIDE_STYLE('',(#12844));
#12844 = SURFACE_STYLE_FILL_AREA(#12845);
#12845 = FILL_AREA_STYLE('',(#12846));
#12846 = FILL_AREA_STYLE_COLOUR('',#12847);
#12847 = COLOUR_RGB('',0.823999987314,0.819999987296,0.781000009244);
#12848 = STYLED_ITEM('color',(#12849),#91);
#12849 = PRESENTATION_STYLE_ASSIGNMENT((#12850));
#12850 = SURFACE_STYLE_USAGE(.BOTH.,#12851);
#12851 = SURFACE_SIDE_STYLE('',(#12852));
#12852 = SURFACE_STYLE_FILL_AREA(#12853);
#12853 = FILL_AREA_STYLE('',(#12854));
#12854 = FILL_AREA_STYLE_COLOUR('',#12847);
#12855 = STYLED_ITEM('color',(#12856),#116);
#12856 = PRESENTATION_STYLE_ASSIGNMENT((#12857));
#12857 = SURFACE_STYLE_USAGE(.BOTH.,#12858);
#12858 = SURFACE_SIDE_STYLE('',(#12859));
#12859 = SURFACE_STYLE_FILL_AREA(#12860);
#12860 = FILL_AREA_STYLE('',(#12861));
#12861 = FILL_AREA_STYLE_COLOUR('',#12862);
#12862 = COLOUR_RGB('',0.136999991899,0.40200001271,0.726999997272);
#12863 = STYLED_ITEM('color',(#12864),#165);
#12864 = PRESENTATION_STYLE_ASSIGNMENT((#12865));
#12865 = SURFACE_STYLE_USAGE(.BOTH.,#12866);
#12866 = SURFACE_SIDE_STYLE('',(#12867));
#12867 = SURFACE_STYLE_FILL_AREA(#12868);
#12868 = FILL_AREA_STYLE('',(#12869));
#12869 = FILL_AREA_STYLE_COLOUR('',#12862);
#12870 = STYLED_ITEM('color',(#12871),#198);
#12871 = PRESENTATION_STYLE_ASSIGNMENT((#12872));
#12872 = SURFACE_STYLE_USAGE(.BOTH.,#12873);
#12873 = SURFACE_SIDE_STYLE('',(#12874));
#12874 = SURFACE_STYLE_FILL_AREA(#12875);
#12875 = FILL_AREA_STYLE('',(#12876));
#12876 = FILL_AREA_STYLE_COLOUR('',#12877);
#12877 = COLOUR_RGB('',0.690999977303,0.663999984767,0.597999987832);
#12878 = STYLED_ITEM('color',(#12879),#216);
#12879 = PRESENTATION_STYLE_ASSIGNMENT((#12880));
#12880 = SURFACE_STYLE_USAGE(.BOTH.,#12881);
#12881 = SURFACE_SIDE_STYLE('',(#12882));
#12882 = SURFACE_STYLE_FILL_AREA(#12883);
#12883 = FILL_AREA_STYLE('',(#12884));
#12884 = FILL_AREA_STYLE_COLOUR('',#12847);
#12885 = STYLED_ITEM('color',(#12886),#241);
#12886 = PRESENTATION_STYLE_ASSIGNMENT((#12887));
#12887 = SURFACE_STYLE_USAGE(.BOTH.,#12888);
#12888 = SURFACE_SIDE_STYLE('',(#12889));
#12889 = SURFACE_STYLE_FILL_AREA(#12890);
#12890 = FILL_AREA_STYLE('',(#12891));
#12891 = FILL_AREA_STYLE_COLOUR('',#12862);
#12892 = STYLED_ITEM('color',(#12893),#273);
#12893 = PRESENTATION_STYLE_ASSIGNMENT((#12894));
#12894 = SURFACE_STYLE_USAGE(.BOTH.,#12895);
#12895 = SURFACE_SIDE_STYLE('',(#12896));
#12896 = SURFACE_STYLE_FILL_AREA(#12897);
#12897 = FILL_AREA_STYLE('',(#12898));
#12898 = FILL_AREA_STYLE_COLOUR('',#12877);
#12899 = STYLED_ITEM('color',(#12900),#291);
#12900 = PRESENTATION_STYLE_ASSIGNMENT((#12901));
#12901 = SURFACE_STYLE_USAGE(.BOTH.,#12902);
#12902 = SURFACE_SIDE_STYLE('',(#12903));
#12903 = SURFACE_STYLE_FILL_AREA(#12904);
#12904 = FILL_AREA_STYLE('',(#12905));
#12905 = FILL_AREA_STYLE_COLOUR('',#12847);
#12906 = STYLED_ITEM('color',(#12907),#300);
#12907 = PRESENTATION_STYLE_ASSIGNMENT((#12908));
#12908 = SURFACE_STYLE_USAGE(.BOTH.,#12909);
#12909 = SURFACE_SIDE_STYLE('',(#12910));
#12910 = SURFACE_STYLE_FILL_AREA(#12911);
#12911 = FILL_AREA_STYLE('',(#12912));
#12912 = FILL_AREA_STYLE_COLOUR('',#12862);
#12913 = STYLED_ITEM('color',(#12914),#338);
#12914 = PRESENTATION_STYLE_ASSIGNMENT((#12915));
#12915 = SURFACE_STYLE_USAGE(.BOTH.,#12916);
#12916 = SURFACE_SIDE_STYLE('',(#12917));
#12917 = SURFACE_STYLE_FILL_AREA(#12918);
#12918 = FILL_AREA_STYLE('',(#12919));
#12919 = FILL_AREA_STYLE_COLOUR('',#12877);
#12920 = STYLED_ITEM('color',(#12921),#360);
#12921 = PRESENTATION_STYLE_ASSIGNMENT((#12922));
#12922 = SURFACE_STYLE_USAGE(.BOTH.,#12923);
#12923 = SURFACE_SIDE_STYLE('',(#12924));
#12924 = SURFACE_STYLE_FILL_AREA(#12925);
#12925 = FILL_AREA_STYLE('',(#12926));
#12926 = FILL_AREA_STYLE_COLOUR('',#12862);
#12927 = STYLED_ITEM('color',(#12928),#420);
#12928 = PRESENTATION_STYLE_ASSIGNMENT((#12929));
#12929 = SURFACE_STYLE_USAGE(.BOTH.,#12930);
#12930 = SURFACE_SIDE_STYLE('',(#12931));
#12931 = SURFACE_STYLE_FILL_AREA(#12932);
#12932 = FILL_AREA_STYLE('',(#12933));
#12933 = FILL_AREA_STYLE_COLOUR('',#12877);
#12934 = STYLED_ITEM('color',(#12935),#448);
#12935 = PRESENTATION_STYLE_ASSIGNMENT((#12936));
#12936 = SURFACE_STYLE_USAGE(.BOTH.,#12937);
#12937 = SURFACE_SIDE_STYLE('',(#12938));
#12938 = SURFACE_STYLE_FILL_AREA(#12939);
#12939 = FILL_AREA_STYLE('',(#12940));
#12940 = FILL_AREA_STYLE_COLOUR('',#12862);
#12941 = STYLED_ITEM('color',(#12942),#614);
#12942 = PRESENTATION_STYLE_ASSIGNMENT((#12943));
#12943 = SURFACE_STYLE_USAGE(.BOTH.,#12944);
#12944 = SURFACE_SIDE_STYLE('',(#12945));
#12945 = SURFACE_STYLE_FILL_AREA(#12946);
#12946 = FILL_AREA_STYLE('',(#12947));
#12947 = FILL_AREA_STYLE_COLOUR('',#12877);
#12948 = STYLED_ITEM('color',(#12949),#680);
#12949 = PRESENTATION_STYLE_ASSIGNMENT((#12950));
#12950 = SURFACE_STYLE_USAGE(.BOTH.,#12951);
#12951 = SURFACE_SIDE_STYLE('',(#12952));
#12952 = SURFACE_STYLE_FILL_AREA(#12953);
#12953 = FILL_AREA_STYLE('',(#12954));
#12954 = FILL_AREA_STYLE_COLOUR('',#12862);
#12955 = STYLED_ITEM('color',(#12956),#746);
#12956 = PRESENTATION_STYLE_ASSIGNMENT((#12957));
#12957 = SURFACE_STYLE_USAGE(.BOTH.,#12958);
#12958 = SURFACE_SIDE_STYLE('',(#12959));
#12959 = SURFACE_STYLE_FILL_AREA(#12960);
#12960 = FILL_AREA_STYLE('',(#12961));
#12961 = FILL_AREA_STYLE_COLOUR('',#12877);
#12962 = STYLED_ITEM('color',(#12963),#864);
#12963 = PRESENTATION_STYLE_ASSIGNMENT((#12964));
#12964 = SURFACE_STYLE_USAGE(.BOTH.,#12965);
#12965 = SURFACE_SIDE_STYLE('',(#12966));
#12966 = SURFACE_STYLE_FILL_AREA(#12967);
#12967 = FILL_AREA_STYLE('',(#12968));
#12968 = FILL_AREA_STYLE_COLOUR('',#12862);
#12969 = STYLED_ITEM('color',(#12970),#1030);
#12970 = PRESENTATION_STYLE_ASSIGNMENT((#12971));
#12971 = SURFACE_STYLE_USAGE(.BOTH.,#12972);
#12972 = SURFACE_SIDE_STYLE('',(#12973));
#12973 = SURFACE_STYLE_FILL_AREA(#12974);
#12974 = FILL_AREA_STYLE('',(#12975));
#12975 = FILL_AREA_STYLE_COLOUR('',#12877);
#12976 = STYLED_ITEM('color',(#12977),#1110);
#12977 = PRESENTATION_STYLE_ASSIGNMENT((#12978));
#12978 = SURFACE_STYLE_USAGE(.BOTH.,#12979);
#12979 = SURFACE_SIDE_STYLE('',(#12980));
#12980 = SURFACE_STYLE_FILL_AREA(#12981);
#12981 = FILL_AREA_STYLE('',(#12982));
#12982 = FILL_AREA_STYLE_COLOUR('',#12312);
#12983 = STYLED_ITEM('color',(#12984),#1144);
#12984 = PRESENTATION_STYLE_ASSIGNMENT((#12985));
#12985 = SURFACE_STYLE_USAGE(.BOTH.,#12986);
#12986 = SURFACE_SIDE_STYLE('',(#12987));
#12987 = SURFACE_STYLE_FILL_AREA(#12988);
#12988 = FILL_AREA_STYLE('',(#12989));
#12989 = FILL_AREA_STYLE_COLOUR('',#12877);
#12990 = STYLED_ITEM('color',(#12991),#1224);
#12991 = PRESENTATION_STYLE_ASSIGNMENT((#12992));
#12992 = SURFACE_STYLE_USAGE(.BOTH.,#12993);
#12993 = SURFACE_SIDE_STYLE('',(#12994));
#12994 = SURFACE_STYLE_FILL_AREA(#12995);
#12995 = FILL_AREA_STYLE('',(#12996));
#12996 = FILL_AREA_STYLE_COLOUR('',#12862);
#12997 = STYLED_ITEM('color',(#12998),#1256);
#12998 = PRESENTATION_STYLE_ASSIGNMENT((#12999));
#12999 = SURFACE_STYLE_USAGE(.BOTH.,#13000);
#13000 = SURFACE_SIDE_STYLE('',(#13001));
#13001 = SURFACE_STYLE_FILL_AREA(#13002);
#13002 = FILL_AREA_STYLE('',(#13003));
#13003 = FILL_AREA_STYLE_COLOUR('',#12312);
#13004 = STYLED_ITEM('color',(#13005),#1322);
#13005 = PRESENTATION_STYLE_ASSIGNMENT((#13006));
#13006 = SURFACE_STYLE_USAGE(.BOTH.,#13007);
#13007 = SURFACE_SIDE_STYLE('',(#13008));
#13008 = SURFACE_STYLE_FILL_AREA(#13009);
#13009 = FILL_AREA_STYLE('',(#13010));
#13010 = FILL_AREA_STYLE_COLOUR('',#12877);
#13011 = STYLED_ITEM('color',(#13012),#1399);
#13012 = PRESENTATION_STYLE_ASSIGNMENT((#13013));
#13013 = SURFACE_STYLE_USAGE(.BOTH.,#13014);
#13014 = SURFACE_SIDE_STYLE('',(#13015));
#13015 = SURFACE_STYLE_FILL_AREA(#13016);
#13016 = FILL_AREA_STYLE('',(#13017));
#13017 = FILL_AREA_STYLE_COLOUR('',#12862);
#13018 = STYLED_ITEM('color',(#13019),#1433);
#13019 = PRESENTATION_STYLE_ASSIGNMENT((#13020));
#13020 = SURFACE_STYLE_USAGE(.BOTH.,#13021);
#13021 = SURFACE_SIDE_STYLE('',(#13022));
#13022 = SURFACE_STYLE_FILL_AREA(#13023);
#13023 = FILL_AREA_STYLE('',(#13024));
#13024 = FILL_AREA_STYLE_COLOUR('',#12312);
#13025 = STYLED_ITEM('color',(#13026),#1448);
#13026 = PRESENTATION_STYLE_ASSIGNMENT((#13027));
#13027 = SURFACE_STYLE_USAGE(.BOTH.,#13028);
#13028 = SURFACE_SIDE_STYLE('',(#13029));
#13029 = SURFACE_STYLE_FILL_AREA(#13030);
#13030 = FILL_AREA_STYLE('',(#13031));
#13031 = FILL_AREA_STYLE_COLOUR('',#12877);
#13032 = STYLED_ITEM('color',(#13033),#1466);
#13033 = PRESENTATION_STYLE_ASSIGNMENT((#13034));
#13034 = SURFACE_STYLE_USAGE(.BOTH.,#13035);
#13035 = SURFACE_SIDE_STYLE('',(#13036));
#13036 = SURFACE_STYLE_FILL_AREA(#13037);
#13037 = FILL_AREA_STYLE('',(#13038));
#13038 = FILL_AREA_STYLE_COLOUR('',#12862);
#13039 = STYLED_ITEM('color',(#13040),#1498);
#13040 = PRESENTATION_STYLE_ASSIGNMENT((#13041));
#13041 = SURFACE_STYLE_USAGE(.BOTH.,#13042);
#13042 = SURFACE_SIDE_STYLE('',(#13043));
#13043 = SURFACE_STYLE_FILL_AREA(#13044);
#13044 = FILL_AREA_STYLE('',(#13045));
#13045 = FILL_AREA_STYLE_COLOUR('',#12877);
#13046 = STYLED_ITEM('color',(#13047),#1516);
#13047 = PRESENTATION_STYLE_ASSIGNMENT((#13048));
#13048 = SURFACE_STYLE_USAGE(.BOTH.,#13049);
#13049 = SURFACE_SIDE_STYLE('',(#13050));
#13050 = SURFACE_STYLE_FILL_AREA(#13051);
#13051 = FILL_AREA_STYLE('',(#13052));
#13052 = FILL_AREA_STYLE_COLOUR('',#12862);
#13053 = STYLED_ITEM('color',(#13054),#1659);
#13054 = PRESENTATION_STYLE_ASSIGNMENT((#13055));
#13055 = SURFACE_STYLE_USAGE(.BOTH.,#13056);
#13056 = SURFACE_SIDE_STYLE('',(#13057));
#13057 = SURFACE_STYLE_FILL_AREA(#13058);
#13058 = FILL_AREA_STYLE('',(#13059));
#13059 = FILL_AREA_STYLE_COLOUR('',#12877);
#13060 = STYLED_ITEM('color',(#13061),#1711);
#13061 = PRESENTATION_STYLE_ASSIGNMENT((#13062));
#13062 = SURFACE_STYLE_USAGE(.BOTH.,#13063);
#13063 = SURFACE_SIDE_STYLE('',(#13064));
#13064 = SURFACE_STYLE_FILL_AREA(#13065);
#13065 = FILL_AREA_STYLE('',(#13066));
#13066 = FILL_AREA_STYLE_COLOUR('',#12847);
#13067 = STYLED_ITEM('color',(#13068),#1735);
#13068 = PRESENTATION_STYLE_ASSIGNMENT((#13069));
#13069 = SURFACE_STYLE_USAGE(.BOTH.,#13070);
#13070 = SURFACE_SIDE_STYLE('',(#13071));
#13071 = SURFACE_STYLE_FILL_AREA(#13072);
#13072 = FILL_AREA_STYLE('',(#13073));
#13073 = FILL_AREA_STYLE_COLOUR('',#12847);
#13074 = STYLED_ITEM('color',(#13075),#1759);
#13075 = PRESENTATION_STYLE_ASSIGNMENT((#13076));
#13076 = SURFACE_STYLE_USAGE(.BOTH.,#13077);
#13077 = SURFACE_SIDE_STYLE('',(#13078));
#13078 = SURFACE_STYLE_FILL_AREA(#13079);
#13079 = FILL_AREA_STYLE('',(#13080));
#13080 = FILL_AREA_STYLE_COLOUR('',#12847);
#13081 = STYLED_ITEM('color',(#13082),#1783);
#13082 = PRESENTATION_STYLE_ASSIGNMENT((#13083));
#13083 = SURFACE_STYLE_USAGE(.BOTH.,#13084);
#13084 = SURFACE_SIDE_STYLE('',(#13085));
#13085 = SURFACE_STYLE_FILL_AREA(#13086);
#13086 = FILL_AREA_STYLE('',(#13087));
#13087 = FILL_AREA_STYLE_COLOUR('',#12847);
#13088 = STYLED_ITEM('color',(#13089),#1845);
#13089 = PRESENTATION_STYLE_ASSIGNMENT((#13090));
#13090 = SURFACE_STYLE_USAGE(.BOTH.,#13091);
#13091 = SURFACE_SIDE_STYLE('',(#13092));
#13092 = SURFACE_STYLE_FILL_AREA(#13093);
#13093 = FILL_AREA_STYLE('',(#13094));
#13094 = FILL_AREA_STYLE_COLOUR('',#12847);
#13095 = STYLED_ITEM('color',(#13096),#1862);
#13096 = PRESENTATION_STYLE_ASSIGNMENT((#13097));
#13097 = SURFACE_STYLE_USAGE(.BOTH.,#13098);
#13098 = SURFACE_SIDE_STYLE('',(#13099));
#13099 = SURFACE_STYLE_FILL_AREA(#13100);
#13100 = FILL_AREA_STYLE('',(#13101));
#13101 = FILL_AREA_STYLE_COLOUR('',#12847);
#13102 = STYLED_ITEM('color',(#13103),#1886);
#13103 = PRESENTATION_STYLE_ASSIGNMENT((#13104));
#13104 = SURFACE_STYLE_USAGE(.BOTH.,#13105);
#13105 = SURFACE_SIDE_STYLE('',(#13106));
#13106 = SURFACE_STYLE_FILL_AREA(#13107);
#13107 = FILL_AREA_STYLE('',(#13108));
#13108 = FILL_AREA_STYLE_COLOUR('',#12847);
#13109 = STYLED_ITEM('color',(#13110),#1902);
#13110 = PRESENTATION_STYLE_ASSIGNMENT((#13111));
#13111 = SURFACE_STYLE_USAGE(.BOTH.,#13112);
#13112 = SURFACE_SIDE_STYLE('',(#13113));
#13113 = SURFACE_STYLE_FILL_AREA(#13114);
#13114 = FILL_AREA_STYLE('',(#13115));
#13115 = FILL_AREA_STYLE_COLOUR('',#12847);
#13116 = STYLED_ITEM('color',(#13117),#1926);
#13117 = PRESENTATION_STYLE_ASSIGNMENT((#13118));
#13118 = SURFACE_STYLE_USAGE(.BOTH.,#13119);
#13119 = SURFACE_SIDE_STYLE('',(#13120));
#13120 = SURFACE_STYLE_FILL_AREA(#13121);
#13121 = FILL_AREA_STYLE('',(#13122));
#13122 = FILL_AREA_STYLE_COLOUR('',#12847);
#13123 = STYLED_ITEM('color',(#13124),#1938);
#13124 = PRESENTATION_STYLE_ASSIGNMENT((#13125));
#13125 = SURFACE_STYLE_USAGE(.BOTH.,#13126);
#13126 = SURFACE_SIDE_STYLE('',(#13127));
#13127 = SURFACE_STYLE_FILL_AREA(#13128);
#13128 = FILL_AREA_STYLE('',(#13129));
#13129 = FILL_AREA_STYLE_COLOUR('',#12847);
#13130 = STYLED_ITEM('color',(#13131),#1954);
#13131 = PRESENTATION_STYLE_ASSIGNMENT((#13132));
#13132 = SURFACE_STYLE_USAGE(.BOTH.,#13133);
#13133 = SURFACE_SIDE_STYLE('',(#13134));
#13134 = SURFACE_STYLE_FILL_AREA(#13135);
#13135 = FILL_AREA_STYLE('',(#13136));
#13136 = FILL_AREA_STYLE_COLOUR('',#12847);
#13137 = STYLED_ITEM('color',(#13138),#1966);
#13138 = PRESENTATION_STYLE_ASSIGNMENT((#13139));
#13139 = SURFACE_STYLE_USAGE(.BOTH.,#13140);
#13140 = SURFACE_SIDE_STYLE('',(#13141));
#13141 = SURFACE_STYLE_FILL_AREA(#13142);
#13142 = FILL_AREA_STYLE('',(#13143));
#13143 = FILL_AREA_STYLE_COLOUR('',#12847);
#13144 = STYLED_ITEM('color',(#13145),#1978);
#13145 = PRESENTATION_STYLE_ASSIGNMENT((#13146));
#13146 = SURFACE_STYLE_USAGE(.BOTH.,#13147);
#13147 = SURFACE_SIDE_STYLE('',(#13148));
#13148 = SURFACE_STYLE_FILL_AREA(#13149);
#13149 = FILL_AREA_STYLE('',(#13150));
#13150 = FILL_AREA_STYLE_COLOUR('',#12847);
#13151 = STYLED_ITEM('color',(#13152),#1992);
#13152 = PRESENTATION_STYLE_ASSIGNMENT((#13153));
#13153 = SURFACE_STYLE_USAGE(.BOTH.,#13154);
#13154 = SURFACE_SIDE_STYLE('',(#13155));
#13155 = SURFACE_STYLE_FILL_AREA(#13156);
#13156 = FILL_AREA_STYLE('',(#13157));
#13157 = FILL_AREA_STYLE_COLOUR('',#12877);
#13158 = STYLED_ITEM('color',(#13159),#2025);
#13159 = PRESENTATION_STYLE_ASSIGNMENT((#13160));
#13160 = SURFACE_STYLE_USAGE(.BOTH.,#13161);
#13161 = SURFACE_SIDE_STYLE('',(#13162));
#13162 = SURFACE_STYLE_FILL_AREA(#13163);
#13163 = FILL_AREA_STYLE('',(#13164));
#13164 = FILL_AREA_STYLE_COLOUR('',#12877);
#13165 = STYLED_ITEM('color',(#13166),#2057);
#13166 = PRESENTATION_STYLE_ASSIGNMENT((#13167));
#13167 = SURFACE_STYLE_USAGE(.BOTH.,#13168);
#13168 = SURFACE_SIDE_STYLE('',(#13169));
#13169 = SURFACE_STYLE_FILL_AREA(#13170);
#13170 = FILL_AREA_STYLE('',(#13171));
#13171 = FILL_AREA_STYLE_COLOUR('',#12862);
#13172 = STYLED_ITEM('color',(#13173),#2074);
#13173 = PRESENTATION_STYLE_ASSIGNMENT((#13174));
#13174 = SURFACE_STYLE_USAGE(.BOTH.,#13175);
#13175 = SURFACE_SIDE_STYLE('',(#13176));
#13176 = SURFACE_STYLE_FILL_AREA(#13177);
#13177 = FILL_AREA_STYLE('',(#13178));
#13178 = FILL_AREA_STYLE_COLOUR('',#12862);
#13179 = STYLED_ITEM('color',(#13180),#2101);
#13180 = PRESENTATION_STYLE_ASSIGNMENT((#13181));
#13181 = SURFACE_STYLE_USAGE(.BOTH.,#13182);
#13182 = SURFACE_SIDE_STYLE('',(#13183));
#13183 = SURFACE_STYLE_FILL_AREA(#13184);
#13184 = FILL_AREA_STYLE('',(#13185));
#13185 = FILL_AREA_STYLE_COLOUR('',#12847);
#13186 = MECHANICAL_DESIGN_GEOMETRIC_PRESENTATION_REPRESENTATION('',(
    #13187),#12293);
#13187 = STYLED_ITEM('color',(#13188),#10131);
#13188 = PRESENTATION_STYLE_ASSIGNMENT((#13189));
#13189 = SURFACE_STYLE_USAGE(.BOTH.,#13190);
#13190 = SURFACE_SIDE_STYLE('',(#13191));
#13191 = SURFACE_STYLE_FILL_AREA(#13192);
#13192 = FILL_AREA_STYLE('',(#13193));
#13193 = FILL_AREA_STYLE_COLOUR('',#13194);
#13194 = COLOUR_RGB('',0.313304153717,0.484529207832,0.410020903123);
#13195 = MECHANICAL_DESIGN_GEOMETRIC_PRESENTATION_REPRESENTATION('',(
    #13196,#13203,#13210,#13217,#13224,#13231,#13238,#13245,#13252,
    #13259,#13266,#13274,#13281),#4594);
#13196 = STYLED_ITEM('color',(#13197),#4304);
#13197 = PRESENTATION_STYLE_ASSIGNMENT((#13198));
#13198 = SURFACE_STYLE_USAGE(.BOTH.,#13199);
#13199 = SURFACE_SIDE_STYLE('',(#13200));
#13200 = SURFACE_STYLE_FILL_AREA(#13201);
#13201 = FILL_AREA_STYLE('',(#13202));
#13202 = FILL_AREA_STYLE_COLOUR('',#12312);
#13203 = STYLED_ITEM('color',(#13204),#4337);
#13204 = PRESENTATION_STYLE_ASSIGNMENT((#13205));
#13205 = SURFACE_STYLE_USAGE(.BOTH.,#13206);
#13206 = SURFACE_SIDE_STYLE('',(#13207));
#13207 = SURFACE_STYLE_FILL_AREA(#13208);
#13208 = FILL_AREA_STYLE('',(#13209));
#13209 = FILL_AREA_STYLE_COLOUR('',#12312);
#13210 = STYLED_ITEM('color',(#13211),#4363);
#13211 = PRESENTATION_STYLE_ASSIGNMENT((#13212));
#13212 = SURFACE_STYLE_USAGE(.BOTH.,#13213);
#13213 = SURFACE_SIDE_STYLE('',(#13214));
#13214 = SURFACE_STYLE_FILL_AREA(#13215);
#13215 = FILL_AREA_STYLE('',(#13216));
#13216 = FILL_AREA_STYLE_COLOUR('',#12312);
#13217 = STYLED_ITEM('color',(#13218),#4389);
#13218 = PRESENTATION_STYLE_ASSIGNMENT((#13219));
#13219 = SURFACE_STYLE_USAGE(.BOTH.,#13220);
#13220 = SURFACE_SIDE_STYLE('',(#13221));
#13221 = SURFACE_STYLE_FILL_AREA(#13222);
#13222 = FILL_AREA_STYLE('',(#13223));
#13223 = FILL_AREA_STYLE_COLOUR('',#12312);
#13224 = STYLED_ITEM('color',(#13225),#4420);
#13225 = PRESENTATION_STYLE_ASSIGNMENT((#13226));
#13226 = SURFACE_STYLE_USAGE(.BOTH.,#13227);
#13227 = SURFACE_SIDE_STYLE('',(#13228));
#13228 = SURFACE_STYLE_FILL_AREA(#13229);
#13229 = FILL_AREA_STYLE('',(#13230));
#13230 = FILL_AREA_STYLE_COLOUR('',#12312);
#13231 = STYLED_ITEM('color',(#13232),#4440);
#13232 = PRESENTATION_STYLE_ASSIGNMENT((#13233));
#13233 = SURFACE_STYLE_USAGE(.BOTH.,#13234);
#13234 = SURFACE_SIDE_STYLE('',(#13235));
#13235 = SURFACE_STYLE_FILL_AREA(#13236);
#13236 = FILL_AREA_STYLE('',(#13237));
#13237 = FILL_AREA_STYLE_COLOUR('',#12847);
#13238 = STYLED_ITEM('color',(#13239),#4465);
#13239 = PRESENTATION_STYLE_ASSIGNMENT((#13240));
#13240 = SURFACE_STYLE_USAGE(.BOTH.,#13241);
#13241 = SURFACE_SIDE_STYLE('',(#13242));
#13242 = SURFACE_STYLE_FILL_AREA(#13243);
#13243 = FILL_AREA_STYLE('',(#13244));
#13244 = FILL_AREA_STYLE_COLOUR('',#12847);
#13245 = STYLED_ITEM('color',(#13246),#4490);
#13246 = PRESENTATION_STYLE_ASSIGNMENT((#13247));
#13247 = SURFACE_STYLE_USAGE(.BOTH.,#13248);
#13248 = SURFACE_SIDE_STYLE('',(#13249));
#13249 = SURFACE_STYLE_FILL_AREA(#13250);
#13250 = FILL_AREA_STYLE('',(#13251));
#13251 = FILL_AREA_STYLE_COLOUR('',#12312);
#13252 = STYLED_ITEM('color',(#13253),#4515);
#13253 = PRESENTATION_STYLE_ASSIGNMENT((#13254));
#13254 = SURFACE_STYLE_USAGE(.BOTH.,#13255);
#13255 = SURFACE_SIDE_STYLE('',(#13256));
#13256 = SURFACE_STYLE_FILL_AREA(#13257);
#13257 = FILL_AREA_STYLE('',(#13258));
#13258 = FILL_AREA_STYLE_COLOUR('',#12847);
#13259 = STYLED_ITEM('color',(#13260),#4541);
#13260 = PRESENTATION_STYLE_ASSIGNMENT((#13261));
#13261 = SURFACE_STYLE_USAGE(.BOTH.,#13262);
#13262 = SURFACE_SIDE_STYLE('',(#13263));
#13263 = SURFACE_STYLE_FILL_AREA(#13264);
#13264 = FILL_AREA_STYLE('',(#13265));
#13265 = FILL_AREA_STYLE_COLOUR('',#12847);
#13266 = STYLED_ITEM('color',(#13267),#4567);
#13267 = PRESENTATION_STYLE_ASSIGNMENT((#13268));
#13268 = SURFACE_STYLE_USAGE(.BOTH.,#13269);
#13269 = SURFACE_SIDE_STYLE('',(#13270));
#13270 = SURFACE_STYLE_FILL_AREA(#13271);
#13271 = FILL_AREA_STYLE('',(#13272));
#13272 = FILL_AREA_STYLE_COLOUR('',#13273);
#13273 = COLOUR_RGB('',0.809000013735,0.426000008053,0.147999998088);
#13274 = STYLED_ITEM('color',(#13275),#4576);
#13275 = PRESENTATION_STYLE_ASSIGNMENT((#13276));
#13276 = SURFACE_STYLE_USAGE(.BOTH.,#13277);
#13277 = SURFACE_SIDE_STYLE('',(#13278));
#13278 = SURFACE_STYLE_FILL_AREA(#13279);
#13279 = FILL_AREA_STYLE('',(#13280));
#13280 = FILL_AREA_STYLE_COLOUR('',#12847);
#13281 = STYLED_ITEM('color',(#13282),#4585);
#13282 = PRESENTATION_STYLE_ASSIGNMENT((#13283));
#13283 = SURFACE_STYLE_USAGE(.BOTH.,#13284);
#13284 = SURFACE_SIDE_STYLE('',(#13285));
#13285 = SURFACE_STYLE_FILL_AREA(#13286);
#13286 = FILL_AREA_STYLE('',(#13287));
#13287 = FILL_AREA_STYLE_COLOUR('',#12847);
#13288 = MECHANICAL_DESIGN_GEOMETRIC_PRESENTATION_REPRESENTATION('',(
    #13289,#13296,#13303,#13310,#13317,#13324,#13331,#13338,#13345,
    #13352,#13359,#13366,#13373,#13380,#13387,#13394,#13401,#13408,
    #13415,#13422,#13429,#13436,#13443,#13450,#13457,#13464,#13471,
    #13478,#13485,#13492,#13499,#13506,#13513,#13520,#13527,#13534,
    #13541,#13548,#13555,#13562,#13569,#13576,#13583,#13590,#13597,
    #13604,#13611,#13618,#13625,#13632,#13639,#13646,#13653,#13660,
    #13667,#13674,#13681,#13688,#13695,#13702,#13709,#13716,#13723,
    #13730,#13737,#13744,#13751,#13758,#13765,#13772,#13779,#13786,
    #13793,#13800,#13807,#13814,#13821,#13828,#13835,#13842,#13849,
    #13856,#13863,#13870,#13877,#13884,#13891,#13898,#13905,#13912,
    #13919,#13926,#13933,#13940,#13947,#13954,#13961,#13968,#13975,
    #13982,#13989,#13996,#14003,#14010,#14017,#14024,#14031,#14038,
    #14045,#14052,#14059,#14066,#14073,#14080,#14087,#14094,#14101,
    #14108,#14115,#14122,#14129,#14136,#14143,#14150,#14157,#14164,
    #14171,#14178,#14185,#14192,#14199,#14206,#14213,#14220,#14227,
    #14234,#14241,#14248,#14255,#14262,#14269,#14276,#14283,#14290,
    #14297,#14304,#14311,#14318,#14325,#14332,#14339,#14346,#14353,
    #14360,#14367,#14374,#14381,#14388,#14395,#14402,#14409,#14416,
    #14423,#14430,#14437,#14444,#14451,#14458,#14465,#14472,#14479,
    #14486,#14493,#14500,#14507,#14514,#14521,#14528,#14535,#14542,
    #14549,#14556,#14563,#14570,#14577,#14584,#14591,#14598,#14605,
    #14612,#14619,#14626,#14633,#14640,#14647,#14654),#10112);
#13289 = STYLED_ITEM('color',(#13290),#4638);
#13290 = PRESENTATION_STYLE_ASSIGNMENT((#13291));
#13291 = SURFACE_STYLE_USAGE(.BOTH.,#13292);
#13292 = SURFACE_SIDE_STYLE('',(#13293));
#13293 = SURFACE_STYLE_FILL_AREA(#13294);
#13294 = FILL_AREA_STYLE('',(#13295));
#13295 = FILL_AREA_STYLE_COLOUR('',#12312);
#13296 = STYLED_ITEM('color',(#13297),#4678);
#13297 = PRESENTATION_STYLE_ASSIGNMENT((#13298));
#13298 = SURFACE_STYLE_USAGE(.BOTH.,#13299);
#13299 = SURFACE_SIDE_STYLE('',(#13300));
#13300 = SURFACE_STYLE_FILL_AREA(#13301);
#13301 = FILL_AREA_STYLE('',(#13302));
#13302 = FILL_AREA_STYLE_COLOUR('',#12312);
#13303 = STYLED_ITEM('color',(#13304),#4709);
#13304 = PRESENTATION_STYLE_ASSIGNMENT((#13305));
#13305 = SURFACE_STYLE_USAGE(.BOTH.,#13306);
#13306 = SURFACE_SIDE_STYLE('',(#13307));
#13307 = SURFACE_STYLE_FILL_AREA(#13308);
#13308 = FILL_AREA_STYLE('',(#13309));
#13309 = FILL_AREA_STYLE_COLOUR('',#12312);
#13310 = STYLED_ITEM('color',(#13311),#4740);
#13311 = PRESENTATION_STYLE_ASSIGNMENT((#13312));
#13312 = SURFACE_STYLE_USAGE(.BOTH.,#13313);
#13313 = SURFACE_SIDE_STYLE('',(#13314));
#13314 = SURFACE_STYLE_FILL_AREA(#13315);
#13315 = FILL_AREA_STYLE('',(#13316));
#13316 = FILL_AREA_STYLE_COLOUR('',#12312);
#13317 = STYLED_ITEM('color',(#13318),#5397);
#13318 = PRESENTATION_STYLE_ASSIGNMENT((#13319));
#13319 = SURFACE_STYLE_USAGE(.BOTH.,#13320);
#13320 = SURFACE_SIDE_STYLE('',(#13321));
#13321 = SURFACE_STYLE_FILL_AREA(#13322);
#13322 = FILL_AREA_STYLE('',(#13323));
#13323 = FILL_AREA_STYLE_COLOUR('',#12312);
#13324 = STYLED_ITEM('color',(#13325),#6054);
#13325 = PRESENTATION_STYLE_ASSIGNMENT((#13326));
#13326 = SURFACE_STYLE_USAGE(.BOTH.,#13327);
#13327 = SURFACE_SIDE_STYLE('',(#13328));
#13328 = SURFACE_STYLE_FILL_AREA(#13329);
#13329 = FILL_AREA_STYLE('',(#13330));
#13330 = FILL_AREA_STYLE_COLOUR('',#12312);
#13331 = STYLED_ITEM('color',(#13332),#6071);
#13332 = PRESENTATION_STYLE_ASSIGNMENT((#13333));
#13333 = SURFACE_STYLE_USAGE(.BOTH.,#13334);
#13334 = SURFACE_SIDE_STYLE('',(#13335));
#13335 = SURFACE_STYLE_FILL_AREA(#13336);
#13336 = FILL_AREA_STYLE('',(#13337));
#13337 = FILL_AREA_STYLE_COLOUR('',#12312);
#13338 = STYLED_ITEM('color',(#13339),#6088);
#13339 = PRESENTATION_STYLE_ASSIGNMENT((#13340));
#13340 = SURFACE_STYLE_USAGE(.BOTH.,#13341);
#13341 = SURFACE_SIDE_STYLE('',(#13342));
#13342 = SURFACE_STYLE_FILL_AREA(#13343);
#13343 = FILL_AREA_STYLE('',(#13344));
#13344 = FILL_AREA_STYLE_COLOUR('',#12312);
#13345 = STYLED_ITEM('color',(#13346),#6105);
#13346 = PRESENTATION_STYLE_ASSIGNMENT((#13347));
#13347 = SURFACE_STYLE_USAGE(.BOTH.,#13348);
#13348 = SURFACE_SIDE_STYLE('',(#13349));
#13349 = SURFACE_STYLE_FILL_AREA(#13350);
#13350 = FILL_AREA_STYLE('',(#13351));
#13351 = FILL_AREA_STYLE_COLOUR('',#12312);
#13352 = STYLED_ITEM('color',(#13353),#6122);
#13353 = PRESENTATION_STYLE_ASSIGNMENT((#13354));
#13354 = SURFACE_STYLE_USAGE(.BOTH.,#13355);
#13355 = SURFACE_SIDE_STYLE('',(#13356));
#13356 = SURFACE_STYLE_FILL_AREA(#13357);
#13357 = FILL_AREA_STYLE('',(#13358));
#13358 = FILL_AREA_STYLE_COLOUR('',#12312);
#13359 = STYLED_ITEM('color',(#13360),#6139);
#13360 = PRESENTATION_STYLE_ASSIGNMENT((#13361));
#13361 = SURFACE_STYLE_USAGE(.BOTH.,#13362);
#13362 = SURFACE_SIDE_STYLE('',(#13363));
#13363 = SURFACE_STYLE_FILL_AREA(#13364);
#13364 = FILL_AREA_STYLE('',(#13365));
#13365 = FILL_AREA_STYLE_COLOUR('',#12312);
#13366 = STYLED_ITEM('color',(#13367),#6156);
#13367 = PRESENTATION_STYLE_ASSIGNMENT((#13368));
#13368 = SURFACE_STYLE_USAGE(.BOTH.,#13369);
#13369 = SURFACE_SIDE_STYLE('',(#13370));
#13370 = SURFACE_STYLE_FILL_AREA(#13371);
#13371 = FILL_AREA_STYLE('',(#13372));
#13372 = FILL_AREA_STYLE_COLOUR('',#12312);
#13373 = STYLED_ITEM('color',(#13374),#6173);
#13374 = PRESENTATION_STYLE_ASSIGNMENT((#13375));
#13375 = SURFACE_STYLE_USAGE(.BOTH.,#13376);
#13376 = SURFACE_SIDE_STYLE('',(#13377));
#13377 = SURFACE_STYLE_FILL_AREA(#13378);
#13378 = FILL_AREA_STYLE('',(#13379));
#13379 = FILL_AREA_STYLE_COLOUR('',#12312);
#13380 = STYLED_ITEM('color',(#13381),#6190);
#13381 = PRESENTATION_STYLE_ASSIGNMENT((#13382));
#13382 = SURFACE_STYLE_USAGE(.BOTH.,#13383);
#13383 = SURFACE_SIDE_STYLE('',(#13384));
#13384 = SURFACE_STYLE_FILL_AREA(#13385);
#13385 = FILL_AREA_STYLE('',(#13386));
#13386 = FILL_AREA_STYLE_COLOUR('',#12312);
#13387 = STYLED_ITEM('color',(#13388),#6207);
#13388 = PRESENTATION_STYLE_ASSIGNMENT((#13389));
#13389 = SURFACE_STYLE_USAGE(.BOTH.,#13390);
#13390 = SURFACE_SIDE_STYLE('',(#13391));
#13391 = SURFACE_STYLE_FILL_AREA(#13392);
#13392 = FILL_AREA_STYLE('',(#13393));
#13393 = FILL_AREA_STYLE_COLOUR('',#12312);
#13394 = STYLED_ITEM('color',(#13395),#6224);
#13395 = PRESENTATION_STYLE_ASSIGNMENT((#13396));
#13396 = SURFACE_STYLE_USAGE(.BOTH.,#13397);
#13397 = SURFACE_SIDE_STYLE('',(#13398));
#13398 = SURFACE_STYLE_FILL_AREA(#13399);
#13399 = FILL_AREA_STYLE('',(#13400));
#13400 = FILL_AREA_STYLE_COLOUR('',#12312);
#13401 = STYLED_ITEM('color',(#13402),#6241);
#13402 = PRESENTATION_STYLE_ASSIGNMENT((#13403));
#13403 = SURFACE_STYLE_USAGE(.BOTH.,#13404);
#13404 = SURFACE_SIDE_STYLE('',(#13405));
#13405 = SURFACE_STYLE_FILL_AREA(#13406);
#13406 = FILL_AREA_STYLE('',(#13407));
#13407 = FILL_AREA_STYLE_COLOUR('',#12312);
#13408 = STYLED_ITEM('color',(#13409),#6258);
#13409 = PRESENTATION_STYLE_ASSIGNMENT((#13410));
#13410 = SURFACE_STYLE_USAGE(.BOTH.,#13411);
#13411 = SURFACE_SIDE_STYLE('',(#13412));
#13412 = SURFACE_STYLE_FILL_AREA(#13413);
#13413 = FILL_AREA_STYLE('',(#13414));
#13414 = FILL_AREA_STYLE_COLOUR('',#12312);
#13415 = STYLED_ITEM('color',(#13416),#6275);
#13416 = PRESENTATION_STYLE_ASSIGNMENT((#13417));
#13417 = SURFACE_STYLE_USAGE(.BOTH.,#13418);
#13418 = SURFACE_SIDE_STYLE('',(#13419));
#13419 = SURFACE_STYLE_FILL_AREA(#13420);
#13420 = FILL_AREA_STYLE('',(#13421));
#13421 = FILL_AREA_STYLE_COLOUR('',#12312);
#13422 = STYLED_ITEM('color',(#13423),#6292);
#13423 = PRESENTATION_STYLE_ASSIGNMENT((#13424));
#13424 = SURFACE_STYLE_USAGE(.BOTH.,#13425);
#13425 = SURFACE_SIDE_STYLE('',(#13426));
#13426 = SURFACE_STYLE_FILL_AREA(#13427);
#13427 = FILL_AREA_STYLE('',(#13428));
#13428 = FILL_AREA_STYLE_COLOUR('',#12312);
#13429 = STYLED_ITEM('color',(#13430),#6309);
#13430 = PRESENTATION_STYLE_ASSIGNMENT((#13431));
#13431 = SURFACE_STYLE_USAGE(.BOTH.,#13432);
#13432 = SURFACE_SIDE_STYLE('',(#13433));
#13433 = SURFACE_STYLE_FILL_AREA(#13434);
#13434 = FILL_AREA_STYLE('',(#13435));
#13435 = FILL_AREA_STYLE_COLOUR('',#12312);
#13436 = STYLED_ITEM('color',(#13437),#6326);
#13437 = PRESENTATION_STYLE_ASSIGNMENT((#13438));
#13438 = SURFACE_STYLE_USAGE(.BOTH.,#13439);
#13439 = SURFACE_SIDE_STYLE('',(#13440));
#13440 = SURFACE_STYLE_FILL_AREA(#13441);
#13441 = FILL_AREA_STYLE('',(#13442));
#13442 = FILL_AREA_STYLE_COLOUR('',#12312);
#13443 = STYLED_ITEM('color',(#13444),#6343);
#13444 = PRESENTATION_STYLE_ASSIGNMENT((#13445));
#13445 = SURFACE_STYLE_USAGE(.BOTH.,#13446);
#13446 = SURFACE_SIDE_STYLE('',(#13447));
#13447 = SURFACE_STYLE_FILL_AREA(#13448);
#13448 = FILL_AREA_STYLE('',(#13449));
#13449 = FILL_AREA_STYLE_COLOUR('',#12312);
#13450 = STYLED_ITEM('color',(#13451),#6360);
#13451 = PRESENTATION_STYLE_ASSIGNMENT((#13452));
#13452 = SURFACE_STYLE_USAGE(.BOTH.,#13453);
#13453 = SURFACE_SIDE_STYLE('',(#13454));
#13454 = SURFACE_STYLE_FILL_AREA(#13455);
#13455 = FILL_AREA_STYLE('',(#13456));
#13456 = FILL_AREA_STYLE_COLOUR('',#12312);
#13457 = STYLED_ITEM('color',(#13458),#6377);
#13458 = PRESENTATION_STYLE_ASSIGNMENT((#13459));
#13459 = SURFACE_STYLE_USAGE(.BOTH.,#13460);
#13460 = SURFACE_SIDE_STYLE('',(#13461));
#13461 = SURFACE_STYLE_FILL_AREA(#13462);
#13462 = FILL_AREA_STYLE('',(#13463));
#13463 = FILL_AREA_STYLE_COLOUR('',#12312);
#13464 = STYLED_ITEM('color',(#13465),#6394);
#13465 = PRESENTATION_STYLE_ASSIGNMENT((#13466));
#13466 = SURFACE_STYLE_USAGE(.BOTH.,#13467);
#13467 = SURFACE_SIDE_STYLE('',(#13468));
#13468 = SURFACE_STYLE_FILL_AREA(#13469);
#13469 = FILL_AREA_STYLE('',(#13470));
#13470 = FILL_AREA_STYLE_COLOUR('',#12312);
#13471 = STYLED_ITEM('color',(#13472),#6411);
#13472 = PRESENTATION_STYLE_ASSIGNMENT((#13473));
#13473 = SURFACE_STYLE_USAGE(.BOTH.,#13474);
#13474 = SURFACE_SIDE_STYLE('',(#13475));
#13475 = SURFACE_STYLE_FILL_AREA(#13476);
#13476 = FILL_AREA_STYLE('',(#13477));
#13477 = FILL_AREA_STYLE_COLOUR('',#12312);
#13478 = STYLED_ITEM('color',(#13479),#6428);
#13479 = PRESENTATION_STYLE_ASSIGNMENT((#13480));
#13480 = SURFACE_STYLE_USAGE(.BOTH.,#13481);
#13481 = SURFACE_SIDE_STYLE('',(#13482));
#13482 = SURFACE_STYLE_FILL_AREA(#13483);
#13483 = FILL_AREA_STYLE('',(#13484));
#13484 = FILL_AREA_STYLE_COLOUR('',#12312);
#13485 = STYLED_ITEM('color',(#13486),#6445);
#13486 = PRESENTATION_STYLE_ASSIGNMENT((#13487));
#13487 = SURFACE_STYLE_USAGE(.BOTH.,#13488);
#13488 = SURFACE_SIDE_STYLE('',(#13489));
#13489 = SURFACE_STYLE_FILL_AREA(#13490);
#13490 = FILL_AREA_STYLE('',(#13491));
#13491 = FILL_AREA_STYLE_COLOUR('',#12312);
#13492 = STYLED_ITEM('color',(#13493),#6462);
#13493 = PRESENTATION_STYLE_ASSIGNMENT((#13494));
#13494 = SURFACE_STYLE_USAGE(.BOTH.,#13495);
#13495 = SURFACE_SIDE_STYLE('',(#13496));
#13496 = SURFACE_STYLE_FILL_AREA(#13497);
#13497 = FILL_AREA_STYLE('',(#13498));
#13498 = FILL_AREA_STYLE_COLOUR('',#12312);
#13499 = STYLED_ITEM('color',(#13500),#6479);
#13500 = PRESENTATION_STYLE_ASSIGNMENT((#13501));
#13501 = SURFACE_STYLE_USAGE(.BOTH.,#13502);
#13502 = SURFACE_SIDE_STYLE('',(#13503));
#13503 = SURFACE_STYLE_FILL_AREA(#13504);
#13504 = FILL_AREA_STYLE('',(#13505));
#13505 = FILL_AREA_STYLE_COLOUR('',#12312);
#13506 = STYLED_ITEM('color',(#13507),#6496);
#13507 = PRESENTATION_STYLE_ASSIGNMENT((#13508));
#13508 = SURFACE_STYLE_USAGE(.BOTH.,#13509);
#13509 = SURFACE_SIDE_STYLE('',(#13510));
#13510 = SURFACE_STYLE_FILL_AREA(#13511);
#13511 = FILL_AREA_STYLE('',(#13512));
#13512 = FILL_AREA_STYLE_COLOUR('',#12312);
#13513 = STYLED_ITEM('color',(#13514),#6513);
#13514 = PRESENTATION_STYLE_ASSIGNMENT((#13515));
#13515 = SURFACE_STYLE_USAGE(.BOTH.,#13516);
#13516 = SURFACE_SIDE_STYLE('',(#13517));
#13517 = SURFACE_STYLE_FILL_AREA(#13518);
#13518 = FILL_AREA_STYLE('',(#13519));
#13519 = FILL_AREA_STYLE_COLOUR('',#12312);
#13520 = STYLED_ITEM('color',(#13521),#6530);
#13521 = PRESENTATION_STYLE_ASSIGNMENT((#13522));
#13522 = SURFACE_STYLE_USAGE(.BOTH.,#13523);
#13523 = SURFACE_SIDE_STYLE('',(#13524));
#13524 = SURFACE_STYLE_FILL_AREA(#13525);
#13525 = FILL_AREA_STYLE('',(#13526));
#13526 = FILL_AREA_STYLE_COLOUR('',#12312);
#13527 = STYLED_ITEM('color',(#13528),#6547);
#13528 = PRESENTATION_STYLE_ASSIGNMENT((#13529));
#13529 = SURFACE_STYLE_USAGE(.BOTH.,#13530);
#13530 = SURFACE_SIDE_STYLE('',(#13531));
#13531 = SURFACE_STYLE_FILL_AREA(#13532);
#13532 = FILL_AREA_STYLE('',(#13533));
#13533 = FILL_AREA_STYLE_COLOUR('',#12312);
#13534 = STYLED_ITEM('color',(#13535),#6564);
#13535 = PRESENTATION_STYLE_ASSIGNMENT((#13536));
#13536 = SURFACE_STYLE_USAGE(.BOTH.,#13537);
#13537 = SURFACE_SIDE_STYLE('',(#13538));
#13538 = SURFACE_STYLE_FILL_AREA(#13539);
#13539 = FILL_AREA_STYLE('',(#13540));
#13540 = FILL_AREA_STYLE_COLOUR('',#12312);
#13541 = STYLED_ITEM('color',(#13542),#6581);
#13542 = PRESENTATION_STYLE_ASSIGNMENT((#13543));
#13543 = SURFACE_STYLE_USAGE(.BOTH.,#13544);
#13544 = SURFACE_SIDE_STYLE('',(#13545));
#13545 = SURFACE_STYLE_FILL_AREA(#13546);
#13546 = FILL_AREA_STYLE('',(#13547));
#13547 = FILL_AREA_STYLE_COLOUR('',#12312);
#13548 = STYLED_ITEM('color',(#13549),#6598);
#13549 = PRESENTATION_STYLE_ASSIGNMENT((#13550));
#13550 = SURFACE_STYLE_USAGE(.BOTH.,#13551);
#13551 = SURFACE_SIDE_STYLE('',(#13552));
#13552 = SURFACE_STYLE_FILL_AREA(#13553);
#13553 = FILL_AREA_STYLE('',(#13554));
#13554 = FILL_AREA_STYLE_COLOUR('',#12312);
#13555 = STYLED_ITEM('color',(#13556),#6615);
#13556 = PRESENTATION_STYLE_ASSIGNMENT((#13557));
#13557 = SURFACE_STYLE_USAGE(.BOTH.,#13558);
#13558 = SURFACE_SIDE_STYLE('',(#13559));
#13559 = SURFACE_STYLE_FILL_AREA(#13560);
#13560 = FILL_AREA_STYLE('',(#13561));
#13561 = FILL_AREA_STYLE_COLOUR('',#12312);
#13562 = STYLED_ITEM('color',(#13563),#6632);
#13563 = PRESENTATION_STYLE_ASSIGNMENT((#13564));
#13564 = SURFACE_STYLE_USAGE(.BOTH.,#13565);
#13565 = SURFACE_SIDE_STYLE('',(#13566));
#13566 = SURFACE_STYLE_FILL_AREA(#13567);
#13567 = FILL_AREA_STYLE('',(#13568));
#13568 = FILL_AREA_STYLE_COLOUR('',#12312);
#13569 = STYLED_ITEM('color',(#13570),#6649);
#13570 = PRESENTATION_STYLE_ASSIGNMENT((#13571));
#13571 = SURFACE_STYLE_USAGE(.BOTH.,#13572);
#13572 = SURFACE_SIDE_STYLE('',(#13573));
#13573 = SURFACE_STYLE_FILL_AREA(#13574);
#13574 = FILL_AREA_STYLE('',(#13575));
#13575 = FILL_AREA_STYLE_COLOUR('',#12312);
#13576 = STYLED_ITEM('color',(#13577),#6666);
#13577 = PRESENTATION_STYLE_ASSIGNMENT((#13578));
#13578 = SURFACE_STYLE_USAGE(.BOTH.,#13579);
#13579 = SURFACE_SIDE_STYLE('',(#13580));
#13580 = SURFACE_STYLE_FILL_AREA(#13581);
#13581 = FILL_AREA_STYLE('',(#13582));
#13582 = FILL_AREA_STYLE_COLOUR('',#12312);
#13583 = STYLED_ITEM('color',(#13584),#6683);
#13584 = PRESENTATION_STYLE_ASSIGNMENT((#13585));
#13585 = SURFACE_STYLE_USAGE(.BOTH.,#13586);
#13586 = SURFACE_SIDE_STYLE('',(#13587));
#13587 = SURFACE_STYLE_FILL_AREA(#13588);
#13588 = FILL_AREA_STYLE('',(#13589));
#13589 = FILL_AREA_STYLE_COLOUR('',#12312);
#13590 = STYLED_ITEM('color',(#13591),#6700);
#13591 = PRESENTATION_STYLE_ASSIGNMENT((#13592));
#13592 = SURFACE_STYLE_USAGE(.BOTH.,#13593);
#13593 = SURFACE_SIDE_STYLE('',(#13594));
#13594 = SURFACE_STYLE_FILL_AREA(#13595);
#13595 = FILL_AREA_STYLE('',(#13596));
#13596 = FILL_AREA_STYLE_COLOUR('',#12312);
#13597 = STYLED_ITEM('color',(#13598),#6717);
#13598 = PRESENTATION_STYLE_ASSIGNMENT((#13599));
#13599 = SURFACE_STYLE_USAGE(.BOTH.,#13600);
#13600 = SURFACE_SIDE_STYLE('',(#13601));
#13601 = SURFACE_STYLE_FILL_AREA(#13602);
#13602 = FILL_AREA_STYLE('',(#13603));
#13603 = FILL_AREA_STYLE_COLOUR('',#12312);
#13604 = STYLED_ITEM('color',(#13605),#6734);
#13605 = PRESENTATION_STYLE_ASSIGNMENT((#13606));
#13606 = SURFACE_STYLE_USAGE(.BOTH.,#13607);
#13607 = SURFACE_SIDE_STYLE('',(#13608));
#13608 = SURFACE_STYLE_FILL_AREA(#13609);
#13609 = FILL_AREA_STYLE('',(#13610));
#13610 = FILL_AREA_STYLE_COLOUR('',#12312);
#13611 = STYLED_ITEM('color',(#13612),#6751);
#13612 = PRESENTATION_STYLE_ASSIGNMENT((#13613));
#13613 = SURFACE_STYLE_USAGE(.BOTH.,#13614);
#13614 = SURFACE_SIDE_STYLE('',(#13615));
#13615 = SURFACE_STYLE_FILL_AREA(#13616);
#13616 = FILL_AREA_STYLE('',(#13617));
#13617 = FILL_AREA_STYLE_COLOUR('',#12312);
#13618 = STYLED_ITEM('color',(#13619),#6768);
#13619 = PRESENTATION_STYLE_ASSIGNMENT((#13620));
#13620 = SURFACE_STYLE_USAGE(.BOTH.,#13621);
#13621 = SURFACE_SIDE_STYLE('',(#13622));
#13622 = SURFACE_STYLE_FILL_AREA(#13623);
#13623 = FILL_AREA_STYLE('',(#13624));
#13624 = FILL_AREA_STYLE_COLOUR('',#12312);
#13625 = STYLED_ITEM('color',(#13626),#6785);
#13626 = PRESENTATION_STYLE_ASSIGNMENT((#13627));
#13627 = SURFACE_STYLE_USAGE(.BOTH.,#13628);
#13628 = SURFACE_SIDE_STYLE('',(#13629));
#13629 = SURFACE_STYLE_FILL_AREA(#13630);
#13630 = FILL_AREA_STYLE('',(#13631));
#13631 = FILL_AREA_STYLE_COLOUR('',#12312);
#13632 = STYLED_ITEM('color',(#13633),#6802);
#13633 = PRESENTATION_STYLE_ASSIGNMENT((#13634));
#13634 = SURFACE_STYLE_USAGE(.BOTH.,#13635);
#13635 = SURFACE_SIDE_STYLE('',(#13636));
#13636 = SURFACE_STYLE_FILL_AREA(#13637);
#13637 = FILL_AREA_STYLE('',(#13638));
#13638 = FILL_AREA_STYLE_COLOUR('',#12312);
#13639 = STYLED_ITEM('color',(#13640),#6819);
#13640 = PRESENTATION_STYLE_ASSIGNMENT((#13641));
#13641 = SURFACE_STYLE_USAGE(.BOTH.,#13642);
#13642 = SURFACE_SIDE_STYLE('',(#13643));
#13643 = SURFACE_STYLE_FILL_AREA(#13644);
#13644 = FILL_AREA_STYLE('',(#13645));
#13645 = FILL_AREA_STYLE_COLOUR('',#12312);
#13646 = STYLED_ITEM('color',(#13647),#6836);
#13647 = PRESENTATION_STYLE_ASSIGNMENT((#13648));
#13648 = SURFACE_STYLE_USAGE(.BOTH.,#13649);
#13649 = SURFACE_SIDE_STYLE('',(#13650));
#13650 = SURFACE_STYLE_FILL_AREA(#13651);
#13651 = FILL_AREA_STYLE('',(#13652));
#13652 = FILL_AREA_STYLE_COLOUR('',#12312);
#13653 = STYLED_ITEM('color',(#13654),#6848);
#13654 = PRESENTATION_STYLE_ASSIGNMENT((#13655));
#13655 = SURFACE_STYLE_USAGE(.BOTH.,#13656);
#13656 = SURFACE_SIDE_STYLE('',(#13657));
#13657 = SURFACE_STYLE_FILL_AREA(#13658);
#13658 = FILL_AREA_STYLE('',(#13659));
#13659 = FILL_AREA_STYLE_COLOUR('',#12467);
#13660 = STYLED_ITEM('color',(#13661),#6879);
#13661 = PRESENTATION_STYLE_ASSIGNMENT((#13662));
#13662 = SURFACE_STYLE_USAGE(.BOTH.,#13663);
#13663 = SURFACE_SIDE_STYLE('',(#13664));
#13664 = SURFACE_STYLE_FILL_AREA(#13665);
#13665 = FILL_AREA_STYLE('',(#13666));
#13666 = FILL_AREA_STYLE_COLOUR('',#12467);
#13667 = STYLED_ITEM('color',(#13668),#6903);
#13668 = PRESENTATION_STYLE_ASSIGNMENT((#13669));
#13669 = SURFACE_STYLE_USAGE(.BOTH.,#13670);
#13670 = SURFACE_SIDE_STYLE('',(#13671));
#13671 = SURFACE_STYLE_FILL_AREA(#13672);
#13672 = FILL_AREA_STYLE('',(#13673));
#13673 = FILL_AREA_STYLE_COLOUR('',#12467);
#13674 = STYLED_ITEM('color',(#13675),#6927);
#13675 = PRESENTATION_STYLE_ASSIGNMENT((#13676));
#13676 = SURFACE_STYLE_USAGE(.BOTH.,#13677);
#13677 = SURFACE_SIDE_STYLE('',(#13678));
#13678 = SURFACE_STYLE_FILL_AREA(#13679);
#13679 = FILL_AREA_STYLE('',(#13680));
#13680 = FILL_AREA_STYLE_COLOUR('',#12467);
#13681 = STYLED_ITEM('color',(#13682),#6944);
#13682 = PRESENTATION_STYLE_ASSIGNMENT((#13683));
#13683 = SURFACE_STYLE_USAGE(.BOTH.,#13684);
#13684 = SURFACE_SIDE_STYLE('',(#13685));
#13685 = SURFACE_STYLE_FILL_AREA(#13686);
#13686 = FILL_AREA_STYLE('',(#13687));
#13687 = FILL_AREA_STYLE_COLOUR('',#12467);
#13688 = STYLED_ITEM('color',(#13689),#6975);
#13689 = PRESENTATION_STYLE_ASSIGNMENT((#13690));
#13690 = SURFACE_STYLE_USAGE(.BOTH.,#13691);
#13691 = SURFACE_SIDE_STYLE('',(#13692));
#13692 = SURFACE_STYLE_FILL_AREA(#13693);
#13693 = FILL_AREA_STYLE('',(#13694));
#13694 = FILL_AREA_STYLE_COLOUR('',#12467);
#13695 = STYLED_ITEM('color',(#13696),#6999);
#13696 = PRESENTATION_STYLE_ASSIGNMENT((#13697));
#13697 = SURFACE_STYLE_USAGE(.BOTH.,#13698);
#13698 = SURFACE_SIDE_STYLE('',(#13699));
#13699 = SURFACE_STYLE_FILL_AREA(#13700);
#13700 = FILL_AREA_STYLE('',(#13701));
#13701 = FILL_AREA_STYLE_COLOUR('',#12467);
#13702 = STYLED_ITEM('color',(#13703),#7023);
#13703 = PRESENTATION_STYLE_ASSIGNMENT((#13704));
#13704 = SURFACE_STYLE_USAGE(.BOTH.,#13705);
#13705 = SURFACE_SIDE_STYLE('',(#13706));
#13706 = SURFACE_STYLE_FILL_AREA(#13707);
#13707 = FILL_AREA_STYLE('',(#13708));
#13708 = FILL_AREA_STYLE_COLOUR('',#12467);
#13709 = STYLED_ITEM('color',(#13710),#7040);
#13710 = PRESENTATION_STYLE_ASSIGNMENT((#13711));
#13711 = SURFACE_STYLE_USAGE(.BOTH.,#13712);
#13712 = SURFACE_SIDE_STYLE('',(#13713));
#13713 = SURFACE_STYLE_FILL_AREA(#13714);
#13714 = FILL_AREA_STYLE('',(#13715));
#13715 = FILL_AREA_STYLE_COLOUR('',#12467);
#13716 = STYLED_ITEM('color',(#13717),#7071);
#13717 = PRESENTATION_STYLE_ASSIGNMENT((#13718));
#13718 = SURFACE_STYLE_USAGE(.BOTH.,#13719);
#13719 = SURFACE_SIDE_STYLE('',(#13720));
#13720 = SURFACE_STYLE_FILL_AREA(#13721);
#13721 = FILL_AREA_STYLE('',(#13722));
#13722 = FILL_AREA_STYLE_COLOUR('',#12467);
#13723 = STYLED_ITEM('color',(#13724),#7095);
#13724 = PRESENTATION_STYLE_ASSIGNMENT((#13725));
#13725 = SURFACE_STYLE_USAGE(.BOTH.,#13726);
#13726 = SURFACE_SIDE_STYLE('',(#13727));
#13727 = SURFACE_STYLE_FILL_AREA(#13728);
#13728 = FILL_AREA_STYLE('',(#13729));
#13729 = FILL_AREA_STYLE_COLOUR('',#12467);
#13730 = STYLED_ITEM('color',(#13731),#7119);
#13731 = PRESENTATION_STYLE_ASSIGNMENT((#13732));
#13732 = SURFACE_STYLE_USAGE(.BOTH.,#13733);
#13733 = SURFACE_SIDE_STYLE('',(#13734));
#13734 = SURFACE_STYLE_FILL_AREA(#13735);
#13735 = FILL_AREA_STYLE('',(#13736));
#13736 = FILL_AREA_STYLE_COLOUR('',#12467);
#13737 = STYLED_ITEM('color',(#13738),#7136);
#13738 = PRESENTATION_STYLE_ASSIGNMENT((#13739));
#13739 = SURFACE_STYLE_USAGE(.BOTH.,#13740);
#13740 = SURFACE_SIDE_STYLE('',(#13741));
#13741 = SURFACE_STYLE_FILL_AREA(#13742);
#13742 = FILL_AREA_STYLE('',(#13743));
#13743 = FILL_AREA_STYLE_COLOUR('',#12467);
#13744 = STYLED_ITEM('color',(#13745),#7167);
#13745 = PRESENTATION_STYLE_ASSIGNMENT((#13746));
#13746 = SURFACE_STYLE_USAGE(.BOTH.,#13747);
#13747 = SURFACE_SIDE_STYLE('',(#13748));
#13748 = SURFACE_STYLE_FILL_AREA(#13749);
#13749 = FILL_AREA_STYLE('',(#13750));
#13750 = FILL_AREA_STYLE_COLOUR('',#12467);
#13751 = STYLED_ITEM('color',(#13752),#7191);
#13752 = PRESENTATION_STYLE_ASSIGNMENT((#13753));
#13753 = SURFACE_STYLE_USAGE(.BOTH.,#13754);
#13754 = SURFACE_SIDE_STYLE('',(#13755));
#13755 = SURFACE_STYLE_FILL_AREA(#13756);
#13756 = FILL_AREA_STYLE('',(#13757));
#13757 = FILL_AREA_STYLE_COLOUR('',#12467);
#13758 = STYLED_ITEM('color',(#13759),#7215);
#13759 = PRESENTATION_STYLE_ASSIGNMENT((#13760));
#13760 = SURFACE_STYLE_USAGE(.BOTH.,#13761);
#13761 = SURFACE_SIDE_STYLE('',(#13762));
#13762 = SURFACE_STYLE_FILL_AREA(#13763);
#13763 = FILL_AREA_STYLE('',(#13764));
#13764 = FILL_AREA_STYLE_COLOUR('',#12467);
#13765 = STYLED_ITEM('color',(#13766),#7232);
#13766 = PRESENTATION_STYLE_ASSIGNMENT((#13767));
#13767 = SURFACE_STYLE_USAGE(.BOTH.,#13768);
#13768 = SURFACE_SIDE_STYLE('',(#13769));
#13769 = SURFACE_STYLE_FILL_AREA(#13770);
#13770 = FILL_AREA_STYLE('',(#13771));
#13771 = FILL_AREA_STYLE_COLOUR('',#12467);
#13772 = STYLED_ITEM('color',(#13773),#7263);
#13773 = PRESENTATION_STYLE_ASSIGNMENT((#13774));
#13774 = SURFACE_STYLE_USAGE(.BOTH.,#13775);
#13775 = SURFACE_SIDE_STYLE('',(#13776));
#13776 = SURFACE_STYLE_FILL_AREA(#13777);
#13777 = FILL_AREA_STYLE('',(#13778));
#13778 = FILL_AREA_STYLE_COLOUR('',#12467);
#13779 = STYLED_ITEM('color',(#13780),#7287);
#13780 = PRESENTATION_STYLE_ASSIGNMENT((#13781));
#13781 = SURFACE_STYLE_USAGE(.BOTH.,#13782);
#13782 = SURFACE_SIDE_STYLE('',(#13783));
#13783 = SURFACE_STYLE_FILL_AREA(#13784);
#13784 = FILL_AREA_STYLE('',(#13785));
#13785 = FILL_AREA_STYLE_COLOUR('',#12467);
#13786 = STYLED_ITEM('color',(#13787),#7311);
#13787 = PRESENTATION_STYLE_ASSIGNMENT((#13788));
#13788 = SURFACE_STYLE_USAGE(.BOTH.,#13789);
#13789 = SURFACE_SIDE_STYLE('',(#13790));
#13790 = SURFACE_STYLE_FILL_AREA(#13791);
#13791 = FILL_AREA_STYLE('',(#13792));
#13792 = FILL_AREA_STYLE_COLOUR('',#12467);
#13793 = STYLED_ITEM('color',(#13794),#7328);
#13794 = PRESENTATION_STYLE_ASSIGNMENT((#13795));
#13795 = SURFACE_STYLE_USAGE(.BOTH.,#13796);
#13796 = SURFACE_SIDE_STYLE('',(#13797));
#13797 = SURFACE_STYLE_FILL_AREA(#13798);
#13798 = FILL_AREA_STYLE('',(#13799));
#13799 = FILL_AREA_STYLE_COLOUR('',#12467);
#13800 = STYLED_ITEM('color',(#13801),#7359);
#13801 = PRESENTATION_STYLE_ASSIGNMENT((#13802));
#13802 = SURFACE_STYLE_USAGE(.BOTH.,#13803);
#13803 = SURFACE_SIDE_STYLE('',(#13804));
#13804 = SURFACE_STYLE_FILL_AREA(#13805);
#13805 = FILL_AREA_STYLE('',(#13806));
#13806 = FILL_AREA_STYLE_COLOUR('',#12467);
#13807 = STYLED_ITEM('color',(#13808),#7383);
#13808 = PRESENTATION_STYLE_ASSIGNMENT((#13809));
#13809 = SURFACE_STYLE_USAGE(.BOTH.,#13810);
#13810 = SURFACE_SIDE_STYLE('',(#13811));
#13811 = SURFACE_STYLE_FILL_AREA(#13812);
#13812 = FILL_AREA_STYLE('',(#13813));
#13813 = FILL_AREA_STYLE_COLOUR('',#12467);
#13814 = STYLED_ITEM('color',(#13815),#7407);
#13815 = PRESENTATION_STYLE_ASSIGNMENT((#13816));
#13816 = SURFACE_STYLE_USAGE(.BOTH.,#13817);
#13817 = SURFACE_SIDE_STYLE('',(#13818));
#13818 = SURFACE_STYLE_FILL_AREA(#13819);
#13819 = FILL_AREA_STYLE('',(#13820));
#13820 = FILL_AREA_STYLE_COLOUR('',#12467);
#13821 = STYLED_ITEM('color',(#13822),#7424);
#13822 = PRESENTATION_STYLE_ASSIGNMENT((#13823));
#13823 = SURFACE_STYLE_USAGE(.BOTH.,#13824);
#13824 = SURFACE_SIDE_STYLE('',(#13825));
#13825 = SURFACE_STYLE_FILL_AREA(#13826);
#13826 = FILL_AREA_STYLE('',(#13827));
#13827 = FILL_AREA_STYLE_COLOUR('',#12467);
#13828 = STYLED_ITEM('color',(#13829),#7455);
#13829 = PRESENTATION_STYLE_ASSIGNMENT((#13830));
#13830 = SURFACE_STYLE_USAGE(.BOTH.,#13831);
#13831 = SURFACE_SIDE_STYLE('',(#13832));
#13832 = SURFACE_STYLE_FILL_AREA(#13833);
#13833 = FILL_AREA_STYLE('',(#13834));
#13834 = FILL_AREA_STYLE_COLOUR('',#12467);
#13835 = STYLED_ITEM('color',(#13836),#7479);
#13836 = PRESENTATION_STYLE_ASSIGNMENT((#13837));
#13837 = SURFACE_STYLE_USAGE(.BOTH.,#13838);
#13838 = SURFACE_SIDE_STYLE('',(#13839));
#13839 = SURFACE_STYLE_FILL_AREA(#13840);
#13840 = FILL_AREA_STYLE('',(#13841));
#13841 = FILL_AREA_STYLE_COLOUR('',#12467);
#13842 = STYLED_ITEM('color',(#13843),#7503);
#13843 = PRESENTATION_STYLE_ASSIGNMENT((#13844));
#13844 = SURFACE_STYLE_USAGE(.BOTH.,#13845);
#13845 = SURFACE_SIDE_STYLE('',(#13846));
#13846 = SURFACE_STYLE_FILL_AREA(#13847);
#13847 = FILL_AREA_STYLE('',(#13848));
#13848 = FILL_AREA_STYLE_COLOUR('',#12467);
#13849 = STYLED_ITEM('color',(#13850),#7520);
#13850 = PRESENTATION_STYLE_ASSIGNMENT((#13851));
#13851 = SURFACE_STYLE_USAGE(.BOTH.,#13852);
#13852 = SURFACE_SIDE_STYLE('',(#13853));
#13853 = SURFACE_STYLE_FILL_AREA(#13854);
#13854 = FILL_AREA_STYLE('',(#13855));
#13855 = FILL_AREA_STYLE_COLOUR('',#12467);
#13856 = STYLED_ITEM('color',(#13857),#7551);
#13857 = PRESENTATION_STYLE_ASSIGNMENT((#13858));
#13858 = SURFACE_STYLE_USAGE(.BOTH.,#13859);
#13859 = SURFACE_SIDE_STYLE('',(#13860));
#13860 = SURFACE_STYLE_FILL_AREA(#13861);
#13861 = FILL_AREA_STYLE('',(#13862));
#13862 = FILL_AREA_STYLE_COLOUR('',#12467);
#13863 = STYLED_ITEM('color',(#13864),#7575);
#13864 = PRESENTATION_STYLE_ASSIGNMENT((#13865));
#13865 = SURFACE_STYLE_USAGE(.BOTH.,#13866);
#13866 = SURFACE_SIDE_STYLE('',(#13867));
#13867 = SURFACE_STYLE_FILL_AREA(#13868);
#13868 = FILL_AREA_STYLE('',(#13869));
#13869 = FILL_AREA_STYLE_COLOUR('',#12467);
#13870 = STYLED_ITEM('color',(#13871),#7599);
#13871 = PRESENTATION_STYLE_ASSIGNMENT((#13872));
#13872 = SURFACE_STYLE_USAGE(.BOTH.,#13873);
#13873 = SURFACE_SIDE_STYLE('',(#13874));
#13874 = SURFACE_STYLE_FILL_AREA(#13875);
#13875 = FILL_AREA_STYLE('',(#13876));
#13876 = FILL_AREA_STYLE_COLOUR('',#12467);
#13877 = STYLED_ITEM('color',(#13878),#7616);
#13878 = PRESENTATION_STYLE_ASSIGNMENT((#13879));
#13879 = SURFACE_STYLE_USAGE(.BOTH.,#13880);
#13880 = SURFACE_SIDE_STYLE('',(#13881));
#13881 = SURFACE_STYLE_FILL_AREA(#13882);
#13882 = FILL_AREA_STYLE('',(#13883));
#13883 = FILL_AREA_STYLE_COLOUR('',#12467);
#13884 = STYLED_ITEM('color',(#13885),#7647);
#13885 = PRESENTATION_STYLE_ASSIGNMENT((#13886));
#13886 = SURFACE_STYLE_USAGE(.BOTH.,#13887);
#13887 = SURFACE_SIDE_STYLE('',(#13888));
#13888 = SURFACE_STYLE_FILL_AREA(#13889);
#13889 = FILL_AREA_STYLE('',(#13890));
#13890 = FILL_AREA_STYLE_COLOUR('',#12467);
#13891 = STYLED_ITEM('color',(#13892),#7671);
#13892 = PRESENTATION_STYLE_ASSIGNMENT((#13893));
#13893 = SURFACE_STYLE_USAGE(.BOTH.,#13894);
#13894 = SURFACE_SIDE_STYLE('',(#13895));
#13895 = SURFACE_STYLE_FILL_AREA(#13896);
#13896 = FILL_AREA_STYLE('',(#13897));
#13897 = FILL_AREA_STYLE_COLOUR('',#12467);
#13898 = STYLED_ITEM('color',(#13899),#7695);
#13899 = PRESENTATION_STYLE_ASSIGNMENT((#13900));
#13900 = SURFACE_STYLE_USAGE(.BOTH.,#13901);
#13901 = SURFACE_SIDE_STYLE('',(#13902));
#13902 = SURFACE_STYLE_FILL_AREA(#13903);
#13903 = FILL_AREA_STYLE('',(#13904));
#13904 = FILL_AREA_STYLE_COLOUR('',#12467);
#13905 = STYLED_ITEM('color',(#13906),#7712);
#13906 = PRESENTATION_STYLE_ASSIGNMENT((#13907));
#13907 = SURFACE_STYLE_USAGE(.BOTH.,#13908);
#13908 = SURFACE_SIDE_STYLE('',(#13909));
#13909 = SURFACE_STYLE_FILL_AREA(#13910);
#13910 = FILL_AREA_STYLE('',(#13911));
#13911 = FILL_AREA_STYLE_COLOUR('',#12467);
#13912 = STYLED_ITEM('color',(#13913),#7743);
#13913 = PRESENTATION_STYLE_ASSIGNMENT((#13914));
#13914 = SURFACE_STYLE_USAGE(.BOTH.,#13915);
#13915 = SURFACE_SIDE_STYLE('',(#13916));
#13916 = SURFACE_STYLE_FILL_AREA(#13917);
#13917 = FILL_AREA_STYLE('',(#13918));
#13918 = FILL_AREA_STYLE_COLOUR('',#12467);
#13919 = STYLED_ITEM('color',(#13920),#7767);
#13920 = PRESENTATION_STYLE_ASSIGNMENT((#13921));
#13921 = SURFACE_STYLE_USAGE(.BOTH.,#13922);
#13922 = SURFACE_SIDE_STYLE('',(#13923));
#13923 = SURFACE_STYLE_FILL_AREA(#13924);
#13924 = FILL_AREA_STYLE('',(#13925));
#13925 = FILL_AREA_STYLE_COLOUR('',#12467);
#13926 = STYLED_ITEM('color',(#13927),#7791);
#13927 = PRESENTATION_STYLE_ASSIGNMENT((#13928));
#13928 = SURFACE_STYLE_USAGE(.BOTH.,#13929);
#13929 = SURFACE_SIDE_STYLE('',(#13930));
#13930 = SURFACE_STYLE_FILL_AREA(#13931);
#13931 = FILL_AREA_STYLE('',(#13932));
#13932 = FILL_AREA_STYLE_COLOUR('',#12467);
#13933 = STYLED_ITEM('color',(#13934),#7808);
#13934 = PRESENTATION_STYLE_ASSIGNMENT((#13935));
#13935 = SURFACE_STYLE_USAGE(.BOTH.,#13936);
#13936 = SURFACE_SIDE_STYLE('',(#13937));
#13937 = SURFACE_STYLE_FILL_AREA(#13938);
#13938 = FILL_AREA_STYLE('',(#13939));
#13939 = FILL_AREA_STYLE_COLOUR('',#12467);
#13940 = STYLED_ITEM('color',(#13941),#7839);
#13941 = PRESENTATION_STYLE_ASSIGNMENT((#13942));
#13942 = SURFACE_STYLE_USAGE(.BOTH.,#13943);
#13943 = SURFACE_SIDE_STYLE('',(#13944));
#13944 = SURFACE_STYLE_FILL_AREA(#13945);
#13945 = FILL_AREA_STYLE('',(#13946));
#13946 = FILL_AREA_STYLE_COLOUR('',#12467);
#13947 = STYLED_ITEM('color',(#13948),#7863);
#13948 = PRESENTATION_STYLE_ASSIGNMENT((#13949));
#13949 = SURFACE_STYLE_USAGE(.BOTH.,#13950);
#13950 = SURFACE_SIDE_STYLE('',(#13951));
#13951 = SURFACE_STYLE_FILL_AREA(#13952);
#13952 = FILL_AREA_STYLE('',(#13953));
#13953 = FILL_AREA_STYLE_COLOUR('',#12467);
#13954 = STYLED_ITEM('color',(#13955),#7887);
#13955 = PRESENTATION_STYLE_ASSIGNMENT((#13956));
#13956 = SURFACE_STYLE_USAGE(.BOTH.,#13957);
#13957 = SURFACE_SIDE_STYLE('',(#13958));
#13958 = SURFACE_STYLE_FILL_AREA(#13959);
#13959 = FILL_AREA_STYLE('',(#13960));
#13960 = FILL_AREA_STYLE_COLOUR('',#12467);
#13961 = STYLED_ITEM('color',(#13962),#7904);
#13962 = PRESENTATION_STYLE_ASSIGNMENT((#13963));
#13963 = SURFACE_STYLE_USAGE(.BOTH.,#13964);
#13964 = SURFACE_SIDE_STYLE('',(#13965));
#13965 = SURFACE_STYLE_FILL_AREA(#13966);
#13966 = FILL_AREA_STYLE('',(#13967));
#13967 = FILL_AREA_STYLE_COLOUR('',#12467);
#13968 = STYLED_ITEM('color',(#13969),#7935);
#13969 = PRESENTATION_STYLE_ASSIGNMENT((#13970));
#13970 = SURFACE_STYLE_USAGE(.BOTH.,#13971);
#13971 = SURFACE_SIDE_STYLE('',(#13972));
#13972 = SURFACE_STYLE_FILL_AREA(#13973);
#13973 = FILL_AREA_STYLE('',(#13974));
#13974 = FILL_AREA_STYLE_COLOUR('',#12467);
#13975 = STYLED_ITEM('color',(#13976),#7959);
#13976 = PRESENTATION_STYLE_ASSIGNMENT((#13977));
#13977 = SURFACE_STYLE_USAGE(.BOTH.,#13978);
#13978 = SURFACE_SIDE_STYLE('',(#13979));
#13979 = SURFACE_STYLE_FILL_AREA(#13980);
#13980 = FILL_AREA_STYLE('',(#13981));
#13981 = FILL_AREA_STYLE_COLOUR('',#12467);
#13982 = STYLED_ITEM('color',(#13983),#7983);
#13983 = PRESENTATION_STYLE_ASSIGNMENT((#13984));
#13984 = SURFACE_STYLE_USAGE(.BOTH.,#13985);
#13985 = SURFACE_SIDE_STYLE('',(#13986));
#13986 = SURFACE_STYLE_FILL_AREA(#13987);
#13987 = FILL_AREA_STYLE('',(#13988));
#13988 = FILL_AREA_STYLE_COLOUR('',#12467);
#13989 = STYLED_ITEM('color',(#13990),#8000);
#13990 = PRESENTATION_STYLE_ASSIGNMENT((#13991));
#13991 = SURFACE_STYLE_USAGE(.BOTH.,#13992);
#13992 = SURFACE_SIDE_STYLE('',(#13993));
#13993 = SURFACE_STYLE_FILL_AREA(#13994);
#13994 = FILL_AREA_STYLE('',(#13995));
#13995 = FILL_AREA_STYLE_COLOUR('',#12467);
#13996 = STYLED_ITEM('color',(#13997),#8031);
#13997 = PRESENTATION_STYLE_ASSIGNMENT((#13998));
#13998 = SURFACE_STYLE_USAGE(.BOTH.,#13999);
#13999 = SURFACE_SIDE_STYLE('',(#14000));
#14000 = SURFACE_STYLE_FILL_AREA(#14001);
#14001 = FILL_AREA_STYLE('',(#14002));
#14002 = FILL_AREA_STYLE_COLOUR('',#12467);
#14003 = STYLED_ITEM('color',(#14004),#8055);
#14004 = PRESENTATION_STYLE_ASSIGNMENT((#14005));
#14005 = SURFACE_STYLE_USAGE(.BOTH.,#14006);
#14006 = SURFACE_SIDE_STYLE('',(#14007));
#14007 = SURFACE_STYLE_FILL_AREA(#14008);
#14008 = FILL_AREA_STYLE('',(#14009));
#14009 = FILL_AREA_STYLE_COLOUR('',#12467);
#14010 = STYLED_ITEM('color',(#14011),#8079);
#14011 = PRESENTATION_STYLE_ASSIGNMENT((#14012));
#14012 = SURFACE_STYLE_USAGE(.BOTH.,#14013);
#14013 = SURFACE_SIDE_STYLE('',(#14014));
#14014 = SURFACE_STYLE_FILL_AREA(#14015);
#14015 = FILL_AREA_STYLE('',(#14016));
#14016 = FILL_AREA_STYLE_COLOUR('',#12467);
#14017 = STYLED_ITEM('color',(#14018),#8096);
#14018 = PRESENTATION_STYLE_ASSIGNMENT((#14019));
#14019 = SURFACE_STYLE_USAGE(.BOTH.,#14020);
#14020 = SURFACE_SIDE_STYLE('',(#14021));
#14021 = SURFACE_STYLE_FILL_AREA(#14022);
#14022 = FILL_AREA_STYLE('',(#14023));
#14023 = FILL_AREA_STYLE_COLOUR('',#12467);
#14024 = STYLED_ITEM('color',(#14025),#8127);
#14025 = PRESENTATION_STYLE_ASSIGNMENT((#14026));
#14026 = SURFACE_STYLE_USAGE(.BOTH.,#14027);
#14027 = SURFACE_SIDE_STYLE('',(#14028));
#14028 = SURFACE_STYLE_FILL_AREA(#14029);
#14029 = FILL_AREA_STYLE('',(#14030));
#14030 = FILL_AREA_STYLE_COLOUR('',#12467);
#14031 = STYLED_ITEM('color',(#14032),#8151);
#14032 = PRESENTATION_STYLE_ASSIGNMENT((#14033));
#14033 = SURFACE_STYLE_USAGE(.BOTH.,#14034);
#14034 = SURFACE_SIDE_STYLE('',(#14035));
#14035 = SURFACE_STYLE_FILL_AREA(#14036);
#14036 = FILL_AREA_STYLE('',(#14037));
#14037 = FILL_AREA_STYLE_COLOUR('',#12467);
#14038 = STYLED_ITEM('color',(#14039),#8175);
#14039 = PRESENTATION_STYLE_ASSIGNMENT((#14040));
#14040 = SURFACE_STYLE_USAGE(.BOTH.,#14041);
#14041 = SURFACE_SIDE_STYLE('',(#14042));
#14042 = SURFACE_STYLE_FILL_AREA(#14043);
#14043 = FILL_AREA_STYLE('',(#14044));
#14044 = FILL_AREA_STYLE_COLOUR('',#12467);
#14045 = STYLED_ITEM('color',(#14046),#8192);
#14046 = PRESENTATION_STYLE_ASSIGNMENT((#14047));
#14047 = SURFACE_STYLE_USAGE(.BOTH.,#14048);
#14048 = SURFACE_SIDE_STYLE('',(#14049));
#14049 = SURFACE_STYLE_FILL_AREA(#14050);
#14050 = FILL_AREA_STYLE('',(#14051));
#14051 = FILL_AREA_STYLE_COLOUR('',#12467);
#14052 = STYLED_ITEM('color',(#14053),#8223);
#14053 = PRESENTATION_STYLE_ASSIGNMENT((#14054));
#14054 = SURFACE_STYLE_USAGE(.BOTH.,#14055);
#14055 = SURFACE_SIDE_STYLE('',(#14056));
#14056 = SURFACE_STYLE_FILL_AREA(#14057);
#14057 = FILL_AREA_STYLE('',(#14058));
#14058 = FILL_AREA_STYLE_COLOUR('',#12467);
#14059 = STYLED_ITEM('color',(#14060),#8247);
#14060 = PRESENTATION_STYLE_ASSIGNMENT((#14061));
#14061 = SURFACE_STYLE_USAGE(.BOTH.,#14062);
#14062 = SURFACE_SIDE_STYLE('',(#14063));
#14063 = SURFACE_STYLE_FILL_AREA(#14064);
#14064 = FILL_AREA_STYLE('',(#14065));
#14065 = FILL_AREA_STYLE_COLOUR('',#12467);
#14066 = STYLED_ITEM('color',(#14067),#8271);
#14067 = PRESENTATION_STYLE_ASSIGNMENT((#14068));
#14068 = SURFACE_STYLE_USAGE(.BOTH.,#14069);
#14069 = SURFACE_SIDE_STYLE('',(#14070));
#14070 = SURFACE_STYLE_FILL_AREA(#14071);
#14071 = FILL_AREA_STYLE('',(#14072));
#14072 = FILL_AREA_STYLE_COLOUR('',#12467);
#14073 = STYLED_ITEM('color',(#14074),#8288);
#14074 = PRESENTATION_STYLE_ASSIGNMENT((#14075));
#14075 = SURFACE_STYLE_USAGE(.BOTH.,#14076);
#14076 = SURFACE_SIDE_STYLE('',(#14077));
#14077 = SURFACE_STYLE_FILL_AREA(#14078);
#14078 = FILL_AREA_STYLE('',(#14079));
#14079 = FILL_AREA_STYLE_COLOUR('',#12467);
#14080 = STYLED_ITEM('color',(#14081),#8319);
#14081 = PRESENTATION_STYLE_ASSIGNMENT((#14082));
#14082 = SURFACE_STYLE_USAGE(.BOTH.,#14083);
#14083 = SURFACE_SIDE_STYLE('',(#14084));
#14084 = SURFACE_STYLE_FILL_AREA(#14085);
#14085 = FILL_AREA_STYLE('',(#14086));
#14086 = FILL_AREA_STYLE_COLOUR('',#12467);
#14087 = STYLED_ITEM('color',(#14088),#8343);
#14088 = PRESENTATION_STYLE_ASSIGNMENT((#14089));
#14089 = SURFACE_STYLE_USAGE(.BOTH.,#14090);
#14090 = SURFACE_SIDE_STYLE('',(#14091));
#14091 = SURFACE_STYLE_FILL_AREA(#14092);
#14092 = FILL_AREA_STYLE('',(#14093));
#14093 = FILL_AREA_STYLE_COLOUR('',#12467);
#14094 = STYLED_ITEM('color',(#14095),#8367);
#14095 = PRESENTATION_STYLE_ASSIGNMENT((#14096));
#14096 = SURFACE_STYLE_USAGE(.BOTH.,#14097);
#14097 = SURFACE_SIDE_STYLE('',(#14098));
#14098 = SURFACE_STYLE_FILL_AREA(#14099);
#14099 = FILL_AREA_STYLE('',(#14100));
#14100 = FILL_AREA_STYLE_COLOUR('',#12467);
#14101 = STYLED_ITEM('color',(#14102),#8384);
#14102 = PRESENTATION_STYLE_ASSIGNMENT((#14103));
#14103 = SURFACE_STYLE_USAGE(.BOTH.,#14104);
#14104 = SURFACE_SIDE_STYLE('',(#14105));
#14105 = SURFACE_STYLE_FILL_AREA(#14106);
#14106 = FILL_AREA_STYLE('',(#14107));
#14107 = FILL_AREA_STYLE_COLOUR('',#12467);
#14108 = STYLED_ITEM('color',(#14109),#8415);
#14109 = PRESENTATION_STYLE_ASSIGNMENT((#14110));
#14110 = SURFACE_STYLE_USAGE(.BOTH.,#14111);
#14111 = SURFACE_SIDE_STYLE('',(#14112));
#14112 = SURFACE_STYLE_FILL_AREA(#14113);
#14113 = FILL_AREA_STYLE('',(#14114));
#14114 = FILL_AREA_STYLE_COLOUR('',#12467);
#14115 = STYLED_ITEM('color',(#14116),#8439);
#14116 = PRESENTATION_STYLE_ASSIGNMENT((#14117));
#14117 = SURFACE_STYLE_USAGE(.BOTH.,#14118);
#14118 = SURFACE_SIDE_STYLE('',(#14119));
#14119 = SURFACE_STYLE_FILL_AREA(#14120);
#14120 = FILL_AREA_STYLE('',(#14121));
#14121 = FILL_AREA_STYLE_COLOUR('',#12467);
#14122 = STYLED_ITEM('color',(#14123),#8463);
#14123 = PRESENTATION_STYLE_ASSIGNMENT((#14124));
#14124 = SURFACE_STYLE_USAGE(.BOTH.,#14125);
#14125 = SURFACE_SIDE_STYLE('',(#14126));
#14126 = SURFACE_STYLE_FILL_AREA(#14127);
#14127 = FILL_AREA_STYLE('',(#14128));
#14128 = FILL_AREA_STYLE_COLOUR('',#12467);
#14129 = STYLED_ITEM('color',(#14130),#8480);
#14130 = PRESENTATION_STYLE_ASSIGNMENT((#14131));
#14131 = SURFACE_STYLE_USAGE(.BOTH.,#14132);
#14132 = SURFACE_SIDE_STYLE('',(#14133));
#14133 = SURFACE_STYLE_FILL_AREA(#14134);
#14134 = FILL_AREA_STYLE('',(#14135));
#14135 = FILL_AREA_STYLE_COLOUR('',#12467);
#14136 = STYLED_ITEM('color',(#14137),#8511);
#14137 = PRESENTATION_STYLE_ASSIGNMENT((#14138));
#14138 = SURFACE_STYLE_USAGE(.BOTH.,#14139);
#14139 = SURFACE_SIDE_STYLE('',(#14140));
#14140 = SURFACE_STYLE_FILL_AREA(#14141);
#14141 = FILL_AREA_STYLE('',(#14142));
#14142 = FILL_AREA_STYLE_COLOUR('',#12467);
#14143 = STYLED_ITEM('color',(#14144),#8535);
#14144 = PRESENTATION_STYLE_ASSIGNMENT((#14145));
#14145 = SURFACE_STYLE_USAGE(.BOTH.,#14146);
#14146 = SURFACE_SIDE_STYLE('',(#14147));
#14147 = SURFACE_STYLE_FILL_AREA(#14148);
#14148 = FILL_AREA_STYLE('',(#14149));
#14149 = FILL_AREA_STYLE_COLOUR('',#12467);
#14150 = STYLED_ITEM('color',(#14151),#8559);
#14151 = PRESENTATION_STYLE_ASSIGNMENT((#14152));
#14152 = SURFACE_STYLE_USAGE(.BOTH.,#14153);
#14153 = SURFACE_SIDE_STYLE('',(#14154));
#14154 = SURFACE_STYLE_FILL_AREA(#14155);
#14155 = FILL_AREA_STYLE('',(#14156));
#14156 = FILL_AREA_STYLE_COLOUR('',#12467);
#14157 = STYLED_ITEM('color',(#14158),#8576);
#14158 = PRESENTATION_STYLE_ASSIGNMENT((#14159));
#14159 = SURFACE_STYLE_USAGE(.BOTH.,#14160);
#14160 = SURFACE_SIDE_STYLE('',(#14161));
#14161 = SURFACE_STYLE_FILL_AREA(#14162);
#14162 = FILL_AREA_STYLE('',(#14163));
#14163 = FILL_AREA_STYLE_COLOUR('',#12467);
#14164 = STYLED_ITEM('color',(#14165),#8607);
#14165 = PRESENTATION_STYLE_ASSIGNMENT((#14166));
#14166 = SURFACE_STYLE_USAGE(.BOTH.,#14167);
#14167 = SURFACE_SIDE_STYLE('',(#14168));
#14168 = SURFACE_STYLE_FILL_AREA(#14169);
#14169 = FILL_AREA_STYLE('',(#14170));
#14170 = FILL_AREA_STYLE_COLOUR('',#12467);
#14171 = STYLED_ITEM('color',(#14172),#8631);
#14172 = PRESENTATION_STYLE_ASSIGNMENT((#14173));
#14173 = SURFACE_STYLE_USAGE(.BOTH.,#14174);
#14174 = SURFACE_SIDE_STYLE('',(#14175));
#14175 = SURFACE_STYLE_FILL_AREA(#14176);
#14176 = FILL_AREA_STYLE('',(#14177));
#14177 = FILL_AREA_STYLE_COLOUR('',#12467);
#14178 = STYLED_ITEM('color',(#14179),#8655);
#14179 = PRESENTATION_STYLE_ASSIGNMENT((#14180));
#14180 = SURFACE_STYLE_USAGE(.BOTH.,#14181);
#14181 = SURFACE_SIDE_STYLE('',(#14182));
#14182 = SURFACE_STYLE_FILL_AREA(#14183);
#14183 = FILL_AREA_STYLE('',(#14184));
#14184 = FILL_AREA_STYLE_COLOUR('',#12467);
#14185 = STYLED_ITEM('color',(#14186),#8672);
#14186 = PRESENTATION_STYLE_ASSIGNMENT((#14187));
#14187 = SURFACE_STYLE_USAGE(.BOTH.,#14188);
#14188 = SURFACE_SIDE_STYLE('',(#14189));
#14189 = SURFACE_STYLE_FILL_AREA(#14190);
#14190 = FILL_AREA_STYLE('',(#14191));
#14191 = FILL_AREA_STYLE_COLOUR('',#12467);
#14192 = STYLED_ITEM('color',(#14193),#8703);
#14193 = PRESENTATION_STYLE_ASSIGNMENT((#14194));
#14194 = SURFACE_STYLE_USAGE(.BOTH.,#14195);
#14195 = SURFACE_SIDE_STYLE('',(#14196));
#14196 = SURFACE_STYLE_FILL_AREA(#14197);
#14197 = FILL_AREA_STYLE('',(#14198));
#14198 = FILL_AREA_STYLE_COLOUR('',#12467);
#14199 = STYLED_ITEM('color',(#14200),#8727);
#14200 = PRESENTATION_STYLE_ASSIGNMENT((#14201));
#14201 = SURFACE_STYLE_USAGE(.BOTH.,#14202);
#14202 = SURFACE_SIDE_STYLE('',(#14203));
#14203 = SURFACE_STYLE_FILL_AREA(#14204);
#14204 = FILL_AREA_STYLE('',(#14205));
#14205 = FILL_AREA_STYLE_COLOUR('',#12467);
#14206 = STYLED_ITEM('color',(#14207),#8751);
#14207 = PRESENTATION_STYLE_ASSIGNMENT((#14208));
#14208 = SURFACE_STYLE_USAGE(.BOTH.,#14209);
#14209 = SURFACE_SIDE_STYLE('',(#14210));
#14210 = SURFACE_STYLE_FILL_AREA(#14211);
#14211 = FILL_AREA_STYLE('',(#14212));
#14212 = FILL_AREA_STYLE_COLOUR('',#12467);
#14213 = STYLED_ITEM('color',(#14214),#8768);
#14214 = PRESENTATION_STYLE_ASSIGNMENT((#14215));
#14215 = SURFACE_STYLE_USAGE(.BOTH.,#14216);
#14216 = SURFACE_SIDE_STYLE('',(#14217));
#14217 = SURFACE_STYLE_FILL_AREA(#14218);
#14218 = FILL_AREA_STYLE('',(#14219));
#14219 = FILL_AREA_STYLE_COLOUR('',#12467);
#14220 = STYLED_ITEM('color',(#14221),#8799);
#14221 = PRESENTATION_STYLE_ASSIGNMENT((#14222));
#14222 = SURFACE_STYLE_USAGE(.BOTH.,#14223);
#14223 = SURFACE_SIDE_STYLE('',(#14224));
#14224 = SURFACE_STYLE_FILL_AREA(#14225);
#14225 = FILL_AREA_STYLE('',(#14226));
#14226 = FILL_AREA_STYLE_COLOUR('',#12467);
#14227 = STYLED_ITEM('color',(#14228),#8823);
#14228 = PRESENTATION_STYLE_ASSIGNMENT((#14229));
#14229 = SURFACE_STYLE_USAGE(.BOTH.,#14230);
#14230 = SURFACE_SIDE_STYLE('',(#14231));
#14231 = SURFACE_STYLE_FILL_AREA(#14232);
#14232 = FILL_AREA_STYLE('',(#14233));
#14233 = FILL_AREA_STYLE_COLOUR('',#12467);
#14234 = STYLED_ITEM('color',(#14235),#8847);
#14235 = PRESENTATION_STYLE_ASSIGNMENT((#14236));
#14236 = SURFACE_STYLE_USAGE(.BOTH.,#14237);
#14237 = SURFACE_SIDE_STYLE('',(#14238));
#14238 = SURFACE_STYLE_FILL_AREA(#14239);
#14239 = FILL_AREA_STYLE('',(#14240));
#14240 = FILL_AREA_STYLE_COLOUR('',#12467);
#14241 = STYLED_ITEM('color',(#14242),#8864);
#14242 = PRESENTATION_STYLE_ASSIGNMENT((#14243));
#14243 = SURFACE_STYLE_USAGE(.BOTH.,#14244);
#14244 = SURFACE_SIDE_STYLE('',(#14245));
#14245 = SURFACE_STYLE_FILL_AREA(#14246);
#14246 = FILL_AREA_STYLE('',(#14247));
#14247 = FILL_AREA_STYLE_COLOUR('',#12467);
#14248 = STYLED_ITEM('color',(#14249),#8895);
#14249 = PRESENTATION_STYLE_ASSIGNMENT((#14250));
#14250 = SURFACE_STYLE_USAGE(.BOTH.,#14251);
#14251 = SURFACE_SIDE_STYLE('',(#14252));
#14252 = SURFACE_STYLE_FILL_AREA(#14253);
#14253 = FILL_AREA_STYLE('',(#14254));
#14254 = FILL_AREA_STYLE_COLOUR('',#12467);
#14255 = STYLED_ITEM('color',(#14256),#8919);
#14256 = PRESENTATION_STYLE_ASSIGNMENT((#14257));
#14257 = SURFACE_STYLE_USAGE(.BOTH.,#14258);
#14258 = SURFACE_SIDE_STYLE('',(#14259));
#14259 = SURFACE_STYLE_FILL_AREA(#14260);
#14260 = FILL_AREA_STYLE('',(#14261));
#14261 = FILL_AREA_STYLE_COLOUR('',#12467);
#14262 = STYLED_ITEM('color',(#14263),#8943);
#14263 = PRESENTATION_STYLE_ASSIGNMENT((#14264));
#14264 = SURFACE_STYLE_USAGE(.BOTH.,#14265);
#14265 = SURFACE_SIDE_STYLE('',(#14266));
#14266 = SURFACE_STYLE_FILL_AREA(#14267);
#14267 = FILL_AREA_STYLE('',(#14268));
#14268 = FILL_AREA_STYLE_COLOUR('',#12467);
#14269 = STYLED_ITEM('color',(#14270),#8960);
#14270 = PRESENTATION_STYLE_ASSIGNMENT((#14271));
#14271 = SURFACE_STYLE_USAGE(.BOTH.,#14272);
#14272 = SURFACE_SIDE_STYLE('',(#14273));
#14273 = SURFACE_STYLE_FILL_AREA(#14274);
#14274 = FILL_AREA_STYLE('',(#14275));
#14275 = FILL_AREA_STYLE_COLOUR('',#12467);
#14276 = STYLED_ITEM('color',(#14277),#8991);
#14277 = PRESENTATION_STYLE_ASSIGNMENT((#14278));
#14278 = SURFACE_STYLE_USAGE(.BOTH.,#14279);
#14279 = SURFACE_SIDE_STYLE('',(#14280));
#14280 = SURFACE_STYLE_FILL_AREA(#14281);
#14281 = FILL_AREA_STYLE('',(#14282));
#14282 = FILL_AREA_STYLE_COLOUR('',#12467);
#14283 = STYLED_ITEM('color',(#14284),#9015);
#14284 = PRESENTATION_STYLE_ASSIGNMENT((#14285));
#14285 = SURFACE_STYLE_USAGE(.BOTH.,#14286);
#14286 = SURFACE_SIDE_STYLE('',(#14287));
#14287 = SURFACE_STYLE_FILL_AREA(#14288);
#14288 = FILL_AREA_STYLE('',(#14289));
#14289 = FILL_AREA_STYLE_COLOUR('',#12467);
#14290 = STYLED_ITEM('color',(#14291),#9039);
#14291 = PRESENTATION_STYLE_ASSIGNMENT((#14292));
#14292 = SURFACE_STYLE_USAGE(.BOTH.,#14293);
#14293 = SURFACE_SIDE_STYLE('',(#14294));
#14294 = SURFACE_STYLE_FILL_AREA(#14295);
#14295 = FILL_AREA_STYLE('',(#14296));
#14296 = FILL_AREA_STYLE_COLOUR('',#12467);
#14297 = STYLED_ITEM('color',(#14298),#9056);
#14298 = PRESENTATION_STYLE_ASSIGNMENT((#14299));
#14299 = SURFACE_STYLE_USAGE(.BOTH.,#14300);
#14300 = SURFACE_SIDE_STYLE('',(#14301));
#14301 = SURFACE_STYLE_FILL_AREA(#14302);
#14302 = FILL_AREA_STYLE('',(#14303));
#14303 = FILL_AREA_STYLE_COLOUR('',#12467);
#14304 = STYLED_ITEM('color',(#14305),#9087);
#14305 = PRESENTATION_STYLE_ASSIGNMENT((#14306));
#14306 = SURFACE_STYLE_USAGE(.BOTH.,#14307);
#14307 = SURFACE_SIDE_STYLE('',(#14308));
#14308 = SURFACE_STYLE_FILL_AREA(#14309);
#14309 = FILL_AREA_STYLE('',(#14310));
#14310 = FILL_AREA_STYLE_COLOUR('',#12467);
#14311 = STYLED_ITEM('color',(#14312),#9111);
#14312 = PRESENTATION_STYLE_ASSIGNMENT((#14313));
#14313 = SURFACE_STYLE_USAGE(.BOTH.,#14314);
#14314 = SURFACE_SIDE_STYLE('',(#14315));
#14315 = SURFACE_STYLE_FILL_AREA(#14316);
#14316 = FILL_AREA_STYLE('',(#14317));
#14317 = FILL_AREA_STYLE_COLOUR('',#12467);
#14318 = STYLED_ITEM('color',(#14319),#9135);
#14319 = PRESENTATION_STYLE_ASSIGNMENT((#14320));
#14320 = SURFACE_STYLE_USAGE(.BOTH.,#14321);
#14321 = SURFACE_SIDE_STYLE('',(#14322));
#14322 = SURFACE_STYLE_FILL_AREA(#14323);
#14323 = FILL_AREA_STYLE('',(#14324));
#14324 = FILL_AREA_STYLE_COLOUR('',#12467);
#14325 = STYLED_ITEM('color',(#14326),#9152);
#14326 = PRESENTATION_STYLE_ASSIGNMENT((#14327));
#14327 = SURFACE_STYLE_USAGE(.BOTH.,#14328);
#14328 = SURFACE_SIDE_STYLE('',(#14329));
#14329 = SURFACE_STYLE_FILL_AREA(#14330);
#14330 = FILL_AREA_STYLE('',(#14331));
#14331 = FILL_AREA_STYLE_COLOUR('',#12467);
#14332 = STYLED_ITEM('color',(#14333),#9183);
#14333 = PRESENTATION_STYLE_ASSIGNMENT((#14334));
#14334 = SURFACE_STYLE_USAGE(.BOTH.,#14335);
#14335 = SURFACE_SIDE_STYLE('',(#14336));
#14336 = SURFACE_STYLE_FILL_AREA(#14337);
#14337 = FILL_AREA_STYLE('',(#14338));
#14338 = FILL_AREA_STYLE_COLOUR('',#12467);
#14339 = STYLED_ITEM('color',(#14340),#9207);
#14340 = PRESENTATION_STYLE_ASSIGNMENT((#14341));
#14341 = SURFACE_STYLE_USAGE(.BOTH.,#14342);
#14342 = SURFACE_SIDE_STYLE('',(#14343));
#14343 = SURFACE_STYLE_FILL_AREA(#14344);
#14344 = FILL_AREA_STYLE('',(#14345));
#14345 = FILL_AREA_STYLE_COLOUR('',#12467);
#14346 = STYLED_ITEM('color',(#14347),#9231);
#14347 = PRESENTATION_STYLE_ASSIGNMENT((#14348));
#14348 = SURFACE_STYLE_USAGE(.BOTH.,#14349);
#14349 = SURFACE_SIDE_STYLE('',(#14350));
#14350 = SURFACE_STYLE_FILL_AREA(#14351);
#14351 = FILL_AREA_STYLE('',(#14352));
#14352 = FILL_AREA_STYLE_COLOUR('',#12467);
#14353 = STYLED_ITEM('color',(#14354),#9248);
#14354 = PRESENTATION_STYLE_ASSIGNMENT((#14355));
#14355 = SURFACE_STYLE_USAGE(.BOTH.,#14356);
#14356 = SURFACE_SIDE_STYLE('',(#14357));
#14357 = SURFACE_STYLE_FILL_AREA(#14358);
#14358 = FILL_AREA_STYLE('',(#14359));
#14359 = FILL_AREA_STYLE_COLOUR('',#12467);
#14360 = STYLED_ITEM('color',(#14361),#9279);
#14361 = PRESENTATION_STYLE_ASSIGNMENT((#14362));
#14362 = SURFACE_STYLE_USAGE(.BOTH.,#14363);
#14363 = SURFACE_SIDE_STYLE('',(#14364));
#14364 = SURFACE_STYLE_FILL_AREA(#14365);
#14365 = FILL_AREA_STYLE('',(#14366));
#14366 = FILL_AREA_STYLE_COLOUR('',#12467);
#14367 = STYLED_ITEM('color',(#14368),#9303);
#14368 = PRESENTATION_STYLE_ASSIGNMENT((#14369));
#14369 = SURFACE_STYLE_USAGE(.BOTH.,#14370);
#14370 = SURFACE_SIDE_STYLE('',(#14371));
#14371 = SURFACE_STYLE_FILL_AREA(#14372);
#14372 = FILL_AREA_STYLE('',(#14373));
#14373 = FILL_AREA_STYLE_COLOUR('',#12467);
#14374 = STYLED_ITEM('color',(#14375),#9327);
#14375 = PRESENTATION_STYLE_ASSIGNMENT((#14376));
#14376 = SURFACE_STYLE_USAGE(.BOTH.,#14377);
#14377 = SURFACE_SIDE_STYLE('',(#14378));
#14378 = SURFACE_STYLE_FILL_AREA(#14379);
#14379 = FILL_AREA_STYLE('',(#14380));
#14380 = FILL_AREA_STYLE_COLOUR('',#12467);
#14381 = STYLED_ITEM('color',(#14382),#9344);
#14382 = PRESENTATION_STYLE_ASSIGNMENT((#14383));
#14383 = SURFACE_STYLE_USAGE(.BOTH.,#14384);
#14384 = SURFACE_SIDE_STYLE('',(#14385));
#14385 = SURFACE_STYLE_FILL_AREA(#14386);
#14386 = FILL_AREA_STYLE('',(#14387));
#14387 = FILL_AREA_STYLE_COLOUR('',#12467);
#14388 = STYLED_ITEM('color',(#14389),#9375);
#14389 = PRESENTATION_STYLE_ASSIGNMENT((#14390));
#14390 = SURFACE_STYLE_USAGE(.BOTH.,#14391);
#14391 = SURFACE_SIDE_STYLE('',(#14392));
#14392 = SURFACE_STYLE_FILL_AREA(#14393);
#14393 = FILL_AREA_STYLE('',(#14394));
#14394 = FILL_AREA_STYLE_COLOUR('',#12467);
#14395 = STYLED_ITEM('color',(#14396),#9399);
#14396 = PRESENTATION_STYLE_ASSIGNMENT((#14397));
#14397 = SURFACE_STYLE_USAGE(.BOTH.,#14398);
#14398 = SURFACE_SIDE_STYLE('',(#14399));
#14399 = SURFACE_STYLE_FILL_AREA(#14400);
#14400 = FILL_AREA_STYLE('',(#14401));
#14401 = FILL_AREA_STYLE_COLOUR('',#12467);
#14402 = STYLED_ITEM('color',(#14403),#9423);
#14403 = PRESENTATION_STYLE_ASSIGNMENT((#14404));
#14404 = SURFACE_STYLE_USAGE(.BOTH.,#14405);
#14405 = SURFACE_SIDE_STYLE('',(#14406));
#14406 = SURFACE_STYLE_FILL_AREA(#14407);
#14407 = FILL_AREA_STYLE('',(#14408));
#14408 = FILL_AREA_STYLE_COLOUR('',#12467);
#14409 = STYLED_ITEM('color',(#14410),#9440);
#14410 = PRESENTATION_STYLE_ASSIGNMENT((#14411));
#14411 = SURFACE_STYLE_USAGE(.BOTH.,#14412);
#14412 = SURFACE_SIDE_STYLE('',(#14413));
#14413 = SURFACE_STYLE_FILL_AREA(#14414);
#14414 = FILL_AREA_STYLE('',(#14415));
#14415 = FILL_AREA_STYLE_COLOUR('',#12467);
#14416 = STYLED_ITEM('color',(#14417),#9471);
#14417 = PRESENTATION_STYLE_ASSIGNMENT((#14418));
#14418 = SURFACE_STYLE_USAGE(.BOTH.,#14419);
#14419 = SURFACE_SIDE_STYLE('',(#14420));
#14420 = SURFACE_STYLE_FILL_AREA(#14421);
#14421 = FILL_AREA_STYLE('',(#14422));
#14422 = FILL_AREA_STYLE_COLOUR('',#12467);
#14423 = STYLED_ITEM('color',(#14424),#9495);
#14424 = PRESENTATION_STYLE_ASSIGNMENT((#14425));
#14425 = SURFACE_STYLE_USAGE(.BOTH.,#14426);
#14426 = SURFACE_SIDE_STYLE('',(#14427));
#14427 = SURFACE_STYLE_FILL_AREA(#14428);
#14428 = FILL_AREA_STYLE('',(#14429));
#14429 = FILL_AREA_STYLE_COLOUR('',#12467);
#14430 = STYLED_ITEM('color',(#14431),#9519);
#14431 = PRESENTATION_STYLE_ASSIGNMENT((#14432));
#14432 = SURFACE_STYLE_USAGE(.BOTH.,#14433);
#14433 = SURFACE_SIDE_STYLE('',(#14434));
#14434 = SURFACE_STYLE_FILL_AREA(#14435);
#14435 = FILL_AREA_STYLE('',(#14436));
#14436 = FILL_AREA_STYLE_COLOUR('',#12467);
#14437 = STYLED_ITEM('color',(#14438),#9536);
#14438 = PRESENTATION_STYLE_ASSIGNMENT((#14439));
#14439 = SURFACE_STYLE_USAGE(.BOTH.,#14440);
#14440 = SURFACE_SIDE_STYLE('',(#14441));
#14441 = SURFACE_STYLE_FILL_AREA(#14442);
#14442 = FILL_AREA_STYLE('',(#14443));
#14443 = FILL_AREA_STYLE_COLOUR('',#12467);
#14444 = STYLED_ITEM('color',(#14445),#9567);
#14445 = PRESENTATION_STYLE_ASSIGNMENT((#14446));
#14446 = SURFACE_STYLE_USAGE(.BOTH.,#14447);
#14447 = SURFACE_SIDE_STYLE('',(#14448));
#14448 = SURFACE_STYLE_FILL_AREA(#14449);
#14449 = FILL_AREA_STYLE('',(#14450));
#14450 = FILL_AREA_STYLE_COLOUR('',#12467);
#14451 = STYLED_ITEM('color',(#14452),#9591);
#14452 = PRESENTATION_STYLE_ASSIGNMENT((#14453));
#14453 = SURFACE_STYLE_USAGE(.BOTH.,#14454);
#14454 = SURFACE_SIDE_STYLE('',(#14455));
#14455 = SURFACE_STYLE_FILL_AREA(#14456);
#14456 = FILL_AREA_STYLE('',(#14457));
#14457 = FILL_AREA_STYLE_COLOUR('',#12467);
#14458 = STYLED_ITEM('color',(#14459),#9615);
#14459 = PRESENTATION_STYLE_ASSIGNMENT((#14460));
#14460 = SURFACE_STYLE_USAGE(.BOTH.,#14461);
#14461 = SURFACE_SIDE_STYLE('',(#14462));
#14462 = SURFACE_STYLE_FILL_AREA(#14463);
#14463 = FILL_AREA_STYLE('',(#14464));
#14464 = FILL_AREA_STYLE_COLOUR('',#12467);
#14465 = STYLED_ITEM('color',(#14466),#9632);
#14466 = PRESENTATION_STYLE_ASSIGNMENT((#14467));
#14467 = SURFACE_STYLE_USAGE(.BOTH.,#14468);
#14468 = SURFACE_SIDE_STYLE('',(#14469));
#14469 = SURFACE_STYLE_FILL_AREA(#14470);
#14470 = FILL_AREA_STYLE('',(#14471));
#14471 = FILL_AREA_STYLE_COLOUR('',#12467);
#14472 = STYLED_ITEM('color',(#14473),#9663);
#14473 = PRESENTATION_STYLE_ASSIGNMENT((#14474));
#14474 = SURFACE_STYLE_USAGE(.BOTH.,#14475);
#14475 = SURFACE_SIDE_STYLE('',(#14476));
#14476 = SURFACE_STYLE_FILL_AREA(#14477);
#14477 = FILL_AREA_STYLE('',(#14478));
#14478 = FILL_AREA_STYLE_COLOUR('',#12467);
#14479 = STYLED_ITEM('color',(#14480),#9687);
#14480 = PRESENTATION_STYLE_ASSIGNMENT((#14481));
#14481 = SURFACE_STYLE_USAGE(.BOTH.,#14482);
#14482 = SURFACE_SIDE_STYLE('',(#14483));
#14483 = SURFACE_STYLE_FILL_AREA(#14484);
#14484 = FILL_AREA_STYLE('',(#14485));
#14485 = FILL_AREA_STYLE_COLOUR('',#12467);
#14486 = STYLED_ITEM('color',(#14487),#9711);
#14487 = PRESENTATION_STYLE_ASSIGNMENT((#14488));
#14488 = SURFACE_STYLE_USAGE(.BOTH.,#14489);
#14489 = SURFACE_SIDE_STYLE('',(#14490));
#14490 = SURFACE_STYLE_FILL_AREA(#14491);
#14491 = FILL_AREA_STYLE('',(#14492));
#14492 = FILL_AREA_STYLE_COLOUR('',#12467);
#14493 = STYLED_ITEM('color',(#14494),#9728);
#14494 = PRESENTATION_STYLE_ASSIGNMENT((#14495));
#14495 = SURFACE_STYLE_USAGE(.BOTH.,#14496);
#14496 = SURFACE_SIDE_STYLE('',(#14497));
#14497 = SURFACE_STYLE_FILL_AREA(#14498);
#14498 = FILL_AREA_STYLE('',(#14499));
#14499 = FILL_AREA_STYLE_COLOUR('',#12467);
#14500 = STYLED_ITEM('color',(#14501),#9759);
#14501 = PRESENTATION_STYLE_ASSIGNMENT((#14502));
#14502 = SURFACE_STYLE_USAGE(.BOTH.,#14503);
#14503 = SURFACE_SIDE_STYLE('',(#14504));
#14504 = SURFACE_STYLE_FILL_AREA(#14505);
#14505 = FILL_AREA_STYLE('',(#14506));
#14506 = FILL_AREA_STYLE_COLOUR('',#12467);
#14507 = STYLED_ITEM('color',(#14508),#9783);
#14508 = PRESENTATION_STYLE_ASSIGNMENT((#14509));
#14509 = SURFACE_STYLE_USAGE(.BOTH.,#14510);
#14510 = SURFACE_SIDE_STYLE('',(#14511));
#14511 = SURFACE_STYLE_FILL_AREA(#14512);
#14512 = FILL_AREA_STYLE('',(#14513));
#14513 = FILL_AREA_STYLE_COLOUR('',#12467);
#14514 = STYLED_ITEM('color',(#14515),#9807);
#14515 = PRESENTATION_STYLE_ASSIGNMENT((#14516));
#14516 = SURFACE_STYLE_USAGE(.BOTH.,#14517);
#14517 = SURFACE_SIDE_STYLE('',(#14518));
#14518 = SURFACE_STYLE_FILL_AREA(#14519);
#14519 = FILL_AREA_STYLE('',(#14520));
#14520 = FILL_AREA_STYLE_COLOUR('',#12467);
#14521 = STYLED_ITEM('color',(#14522),#9824);
#14522 = PRESENTATION_STYLE_ASSIGNMENT((#14523));
#14523 = SURFACE_STYLE_USAGE(.BOTH.,#14524);
#14524 = SURFACE_SIDE_STYLE('',(#14525));
#14525 = SURFACE_STYLE_FILL_AREA(#14526);
#14526 = FILL_AREA_STYLE('',(#14527));
#14527 = FILL_AREA_STYLE_COLOUR('',#12467);
#14528 = STYLED_ITEM('color',(#14529),#9855);
#14529 = PRESENTATION_STYLE_ASSIGNMENT((#14530));
#14530 = SURFACE_STYLE_USAGE(.BOTH.,#14531);
#14531 = SURFACE_SIDE_STYLE('',(#14532));
#14532 = SURFACE_STYLE_FILL_AREA(#14533);
#14533 = FILL_AREA_STYLE('',(#14534));
#14534 = FILL_AREA_STYLE_COLOUR('',#12467);
#14535 = STYLED_ITEM('color',(#14536),#9879);
#14536 = PRESENTATION_STYLE_ASSIGNMENT((#14537));
#14537 = SURFACE_STYLE_USAGE(.BOTH.,#14538);
#14538 = SURFACE_SIDE_STYLE('',(#14539));
#14539 = SURFACE_STYLE_FILL_AREA(#14540);
#14540 = FILL_AREA_STYLE('',(#14541));
#14541 = FILL_AREA_STYLE_COLOUR('',#12467);
#14542 = STYLED_ITEM('color',(#14543),#9903);
#14543 = PRESENTATION_STYLE_ASSIGNMENT((#14544));
#14544 = SURFACE_STYLE_USAGE(.BOTH.,#14545);
#14545 = SURFACE_SIDE_STYLE('',(#14546));
#14546 = SURFACE_STYLE_FILL_AREA(#14547);
#14547 = FILL_AREA_STYLE('',(#14548));
#14548 = FILL_AREA_STYLE_COLOUR('',#12467);
#14549 = STYLED_ITEM('color',(#14550),#9920);
#14550 = PRESENTATION_STYLE_ASSIGNMENT((#14551));
#14551 = SURFACE_STYLE_USAGE(.BOTH.,#14552);
#14552 = SURFACE_SIDE_STYLE('',(#14553));
#14553 = SURFACE_STYLE_FILL_AREA(#14554);
#14554 = FILL_AREA_STYLE('',(#14555));
#14555 = FILL_AREA_STYLE_COLOUR('',#12467);
#14556 = STYLED_ITEM('color',(#14557),#9932);
#14557 = PRESENTATION_STYLE_ASSIGNMENT((#14558));
#14558 = SURFACE_STYLE_USAGE(.BOTH.,#14559);
#14559 = SURFACE_SIDE_STYLE('',(#14560));
#14560 = SURFACE_STYLE_FILL_AREA(#14561);
#14561 = FILL_AREA_STYLE('',(#14562));
#14562 = FILL_AREA_STYLE_COLOUR('',#12467);
#14563 = STYLED_ITEM('color',(#14564),#9944);
#14564 = PRESENTATION_STYLE_ASSIGNMENT((#14565));
#14565 = SURFACE_STYLE_USAGE(.BOTH.,#14566);
#14566 = SURFACE_SIDE_STYLE('',(#14567));
#14567 = SURFACE_STYLE_FILL_AREA(#14568);
#14568 = FILL_AREA_STYLE('',(#14569));
#14569 = FILL_AREA_STYLE_COLOUR('',#12467);
#14570 = STYLED_ITEM('color',(#14571),#9956);
#14571 = PRESENTATION_STYLE_ASSIGNMENT((#14572));
#14572 = SURFACE_STYLE_USAGE(.BOTH.,#14573);
#14573 = SURFACE_SIDE_STYLE('',(#14574));
#14574 = SURFACE_STYLE_FILL_AREA(#14575);
#14575 = FILL_AREA_STYLE('',(#14576));
#14576 = FILL_AREA_STYLE_COLOUR('',#12467);
#14577 = STYLED_ITEM('color',(#14578),#9968);
#14578 = PRESENTATION_STYLE_ASSIGNMENT((#14579));
#14579 = SURFACE_STYLE_USAGE(.BOTH.,#14580);
#14580 = SURFACE_SIDE_STYLE('',(#14581));
#14581 = SURFACE_STYLE_FILL_AREA(#14582);
#14582 = FILL_AREA_STYLE('',(#14583));
#14583 = FILL_AREA_STYLE_COLOUR('',#12467);
#14584 = STYLED_ITEM('color',(#14585),#9980);
#14585 = PRESENTATION_STYLE_ASSIGNMENT((#14586));
#14586 = SURFACE_STYLE_USAGE(.BOTH.,#14587);
#14587 = SURFACE_SIDE_STYLE('',(#14588));
#14588 = SURFACE_STYLE_FILL_AREA(#14589);
#14589 = FILL_AREA_STYLE('',(#14590));
#14590 = FILL_AREA_STYLE_COLOUR('',#12467);
#14591 = STYLED_ITEM('color',(#14592),#9992);
#14592 = PRESENTATION_STYLE_ASSIGNMENT((#14593));
#14593 = SURFACE_STYLE_USAGE(.BOTH.,#14594);
#14594 = SURFACE_SIDE_STYLE('',(#14595));
#14595 = SURFACE_STYLE_FILL_AREA(#14596);
#14596 = FILL_AREA_STYLE('',(#14597));
#14597 = FILL_AREA_STYLE_COLOUR('',#12467);
#14598 = STYLED_ITEM('color',(#14599),#10004);
#14599 = PRESENTATION_STYLE_ASSIGNMENT((#14600));
#14600 = SURFACE_STYLE_USAGE(.BOTH.,#14601);
#14601 = SURFACE_SIDE_STYLE('',(#14602));
#14602 = SURFACE_STYLE_FILL_AREA(#14603);
#14603 = FILL_AREA_STYLE('',(#14604));
#14604 = FILL_AREA_STYLE_COLOUR('',#12467);
#14605 = STYLED_ITEM('color',(#14606),#10016);
#14606 = PRESENTATION_STYLE_ASSIGNMENT((#14607));
#14607 = SURFACE_STYLE_USAGE(.BOTH.,#14608);
#14608 = SURFACE_SIDE_STYLE('',(#14609));
#14609 = SURFACE_STYLE_FILL_AREA(#14610);
#14610 = FILL_AREA_STYLE('',(#14611));
#14611 = FILL_AREA_STYLE_COLOUR('',#12467);
#14612 = STYLED_ITEM('color',(#14613),#10028);
#14613 = PRESENTATION_STYLE_ASSIGNMENT((#14614));
#14614 = SURFACE_STYLE_USAGE(.BOTH.,#14615);
#14615 = SURFACE_SIDE_STYLE('',(#14616));
#14616 = SURFACE_STYLE_FILL_AREA(#14617);
#14617 = FILL_AREA_STYLE('',(#14618));
#14618 = FILL_AREA_STYLE_COLOUR('',#12467);
#14619 = STYLED_ITEM('color',(#14620),#10040);
#14620 = PRESENTATION_STYLE_ASSIGNMENT((#14621));
#14621 = SURFACE_STYLE_USAGE(.BOTH.,#14622);
#14622 = SURFACE_SIDE_STYLE('',(#14623));
#14623 = SURFACE_STYLE_FILL_AREA(#14624);
#14624 = FILL_AREA_STYLE('',(#14625));
#14625 = FILL_AREA_STYLE_COLOUR('',#12467);
#14626 = STYLED_ITEM('color',(#14627),#10052);
#14627 = PRESENTATION_STYLE_ASSIGNMENT((#14628));
#14628 = SURFACE_STYLE_USAGE(.BOTH.,#14629);
#14629 = SURFACE_SIDE_STYLE('',(#14630));
#14630 = SURFACE_STYLE_FILL_AREA(#14631);
#14631 = FILL_AREA_STYLE('',(#14632));
#14632 = FILL_AREA_STYLE_COLOUR('',#12467);
#14633 = STYLED_ITEM('color',(#14634),#10064);
#14634 = PRESENTATION_STYLE_ASSIGNMENT((#14635));
#14635 = SURFACE_STYLE_USAGE(.BOTH.,#14636);
#14636 = SURFACE_SIDE_STYLE('',(#14637));
#14637 = SURFACE_STYLE_FILL_AREA(#14638);
#14638 = FILL_AREA_STYLE('',(#14639));
#14639 = FILL_AREA_STYLE_COLOUR('',#12467);
#14640 = STYLED_ITEM('color',(#14641),#10076);
#14641 = PRESENTATION_STYLE_ASSIGNMENT((#14642));
#14642 = SURFACE_STYLE_USAGE(.BOTH.,#14643);
#14643 = SURFACE_SIDE_STYLE('',(#14644));
#14644 = SURFACE_STYLE_FILL_AREA(#14645);
#14645 = FILL_AREA_STYLE('',(#14646));
#14646 = FILL_AREA_STYLE_COLOUR('',#12467);
#14647 = STYLED_ITEM('color',(#14648),#10088);
#14648 = PRESENTATION_STYLE_ASSIGNMENT((#14649));
#14649 = SURFACE_STYLE_USAGE(.BOTH.,#14650);
#14650 = SURFACE_SIDE_STYLE('',(#14651));
#14651 = SURFACE_STYLE_FILL_AREA(#14652);
#14652 = FILL_AREA_STYLE('',(#14653));
#14653 = FILL_AREA_STYLE_COLOUR('',#12467);
#14654 = STYLED_ITEM('color',(#14655),#10100);
#14655 = PRESENTATION_STYLE_ASSIGNMENT((#14656));
#14656 = SURFACE_STYLE_USAGE(.BOTH.,#14657);
#14657 = SURFACE_SIDE_STYLE('',(#14658));
#14658 = SURFACE_STYLE_FILL_AREA(#14659);
#14659 = FILL_AREA_STYLE('',(#14660));
#14660 = FILL_AREA_STYLE_COLOUR('',#12467);
ENDSEC;
END-ISO-10303-21;
